date,nav,scheme_name,amfi_code
03-09-2026,6298.9777,Axis Bluechip,119092
02-09-2026,6296.6127,Axis Bluechip,119092
01-09-2026,6291.4731,Axis Bluechip,119092
31-08-2026,6289.2968,Axis Bluechip,119092
28-08-2026,6285.7238,Axis Bluechip,119092
27-08-2026,6284.7364,Axis Bluechip,119092
25-08-2026,6281.7555,Axis Bluechip,119092
24-08-2026,6278.5151,Axis Bluechip,119092
21-08-2026,6274.6493,Axis Bluechip,119092
20-08-2026,6275.0333,Axis Bluechip,119092
19-08-2026,6277.8033,Axis Bluechip,119092
18-08-2026,6276.6101,Axis Bluechip,119092
17-08-2026,6275.8676,Axis Bluechip,119092
14-08-2026,6273.6615,Axis Bluechip,119092
13-08-2026,6271.9745,Axis Bluechip,119092
12-08-2026,6270.5382,Axis Bluechip,119092
11-08-2026,6269.5651,Axis Bluechip,119092
10-08-2026,6267.995,Axis Bluechip,119092
07-08-2026,6263.5512,Axis Bluechip,119092
06-08-2026,6262.2227,Axis Bluechip,119092
05-08-2026,6260.9088,Axis Bluechip,119092
04-08-2026,6257.8917,Axis Bluechip,119092
03-08-2026,6256.4653,Axis Bluechip,119092
31-07-2026,6251.9433,Axis Bluechip,119092
30-07-2026,6249.5705,Axis Bluechip,119092
29-07-2026,6248.7985,Axis Bluechip,119092
28-07-2026,6248.4821,Axis Bluechip,119092
27-07-2026,6246.9483,Axis Bluechip,119092
24-07-2026,6242.1652,Axis Bluechip,119092
23-07-2026,6240.5818,Axis Bluechip,119092
22-07-2026,6238.7028,Axis Bluechip,119092
21-07-2026,6238.7844,Axis Bluechip,119092
20-07-2026,6235.2804,Axis Bluechip,119092
17-07-2026,6234.115,Axis Bluechip,119092
16-07-2026,6230.8027,Axis Bluechip,119092
15-07-2026,6228.0939,Axis Bluechip,119092
14-07-2026,6227.1416,Axis Bluechip,119092
13-07-2026,6230.5791,Axis Bluechip,119092
10-07-2026,6228.9381,Axis Bluechip,119092
09-07-2026,6227.9863,Axis Bluechip,119092
08-07-2026,6224.3456,Axis Bluechip,119092
07-07-2026,6227.8516,Axis Bluechip,119092
06-07-2026,6231.476,Axis Bluechip,119092
03-07-2026,6229.0236,Axis Bluechip,119092
02-07-2026,6229.4422,Axis Bluechip,119092
01-07-2026,6225.516,Axis Bluechip,119092
30-06-2026,6220.8373,Axis Bluechip,119092
29-06-2026,6217.3124,Axis Bluechip,119092
25-06-2026,6209.1907,Axis Bluechip,119092
24-06-2026,6204.477,Axis Bluechip,119092
23-06-2026,6200.8511,Axis Bluechip,119092
22-06-2026,6199.4871,Axis Bluechip,119092
19-06-2026,6195.7815,Axis Bluechip,119092
18-06-2026,6194.652,Axis Bluechip,119092
17-06-2026,6193.3504,Axis Bluechip,119092
16-06-2026,6191.812,Axis Bluechip,119092
15-06-2026,6187.8223,Axis Bluechip,119092
12-06-2026,6181.8148,Axis Bluechip,119092
11-06-2026,6179.1996,Axis Bluechip,119092
10-06-2026,6181.7967,Axis Bluechip,119092
09-06-2026,6180.6685,Axis Bluechip,119092
08-06-2026,6174.2084,Axis Bluechip,119092
05-06-2026,6168.4755,Axis Bluechip,119092
04-06-2026,6160.9434,Axis Bluechip,119092
03-06-2026,6159.9626,Axis Bluechip,119092
02-06-2026,6158.9665,Axis Bluechip,119092
01-06-2026,6156.7532,Axis Bluechip,119092
29-05-2026,6151.1139,Axis Bluechip,119092
27-05-2026,6146.6118,Axis Bluechip,119092
26-05-2026,6144.0004,Axis Bluechip,119092
25-05-2026,6144.8478,Axis Bluechip,119092
22-05-2026,6142.638,Axis Bluechip,119092
21-05-2026,6142.8808,Axis Bluechip,119092
20-05-2026,6147.5856,Axis Bluechip,119092
19-05-2026,6149.7598,Axis Bluechip,119092
18-05-2026,6148.4847,Axis Bluechip,119092
15-05-2026,6148.3016,Axis Bluechip,119092
14-05-2026,6148.9361,Axis Bluechip,119092
13-05-2026,6150.1257,Axis Bluechip,119092
12-05-2026,6150.5076,Axis Bluechip,119092
11-05-2026,6151.8671,Axis Bluechip,119092
08-05-2026,6151.3707,Axis Bluechip,119092
07-05-2026,6149.9098,Axis Bluechip,119092
06-05-2026,6149.0307,Axis Bluechip,119092
05-05-2026,6146.0001,Axis Bluechip,119092
04-05-2026,6145.7049,Axis Bluechip,119092
30-04-2026,6140.1614,Axis Bluechip,119092
29-04-2026,6141.8799,Axis Bluechip,119092
28-04-2026,6143.001,Axis Bluechip,119092
27-04-2026,6142.5902,Axis Bluechip,119092
24-04-2026,6142.2018,Axis Bluechip,119092
23-04-2026,6141.9603,Axis Bluechip,119092
22-04-2026,6143.3663,Axis Bluechip,119092
21-04-2026,6142.9601,Axis Bluechip,119092
20-04-2026,6142.2537,Axis Bluechip,119092
17-04-2026,6139.2351,Axis Bluechip,119092
16-04-2026,6139.7004,Axis Bluechip,119092
15-04-2026,6137.6962,Axis Bluechip,119092
13-04-2026,6133.4071,Axis Bluechip,119092
10-04-2026,6129.7674,Axis Bluechip,119092
09-04-2026,6126.1544,Axis Bluechip,119092
08-04-2026,6119.1243,Axis Bluechip,119092
07-04-2026,6110.1834,Axis Bluechip,119092
06-04-2026,6107.3346,Axis Bluechip,119092
02-04-2026,6104.7264,Axis Bluechip,119092
31-03-2026,6102.5131,Axis Bluechip,119092
30-03-2026,6101.3858,Axis Bluechip,119092
27-03-2026,6095.1859,Axis Bluechip,119092
25-03-2026,6090.541,Axis Bluechip,119092
24-03-2026,6089.2045,Axis Bluechip,119092
23-03-2026,6090.1601,Axis Bluechip,119092
20-03-2026,6093.5261,Axis Bluechip,119092
18-03-2026,6093.8586,Axis Bluechip,119092
17-03-2026,6089.0993,Axis Bluechip,119092
16-03-2026,6086.3434,Axis Bluechip,119092
13-03-2026,6083.6197,Axis Bluechip,119092
12-03-2026,6087.112,Axis Bluechip,119092
11-03-2026,6088.3404,Axis Bluechip,119092
10-03-2026,6086.6516,Axis Bluechip,119092
09-03-2026,6085.2288,Axis Bluechip,119092
06-03-2026,6084.2962,Axis Bluechip,119092
05-03-2026,6082.3927,Axis Bluechip,119092
04-03-2026,6081.0589,Axis Bluechip,119092
02-03-2026,6081.764,Axis Bluechip,119092
27-02-2026,6079.9195,Axis Bluechip,119092
26-02-2026,6078.8123,Axis Bluechip,119092
25-02-2026,6077.5886,Axis Bluechip,119092
24-02-2026,6076.1758,Axis Bluechip,119092
23-02-2026,6074.6388,Axis Bluechip,119092
20-02-2026,6071.6571,Axis Bluechip,119092
18-02-2026,6069.767,Axis Bluechip,119092
17-02-2026,6069.7063,Axis Bluechip,119092
16-02-2026,6069.3783,Axis Bluechip,119092
13-02-2026,6066.864,Axis Bluechip,119092
12-02-2026,6063.705,Axis Bluechip,119092
11-02-2026,6061.1204,Axis Bluechip,119092
10-02-2026,6058.8643,Axis Bluechip,119092
09-02-2026,6057.5032,Axis Bluechip,119092
06-02-2026,6054.9686,Axis Bluechip,119092
05-02-2026,6055.7449,Axis Bluechip,119092
04-02-2026,6053.3313,Axis Bluechip,119092
03-02-2026,6050.7733,Axis Bluechip,119092
02-02-2026,6047.2159,Axis Bluechip,119092
30-01-2026,6043.7838,Axis Bluechip,119092
29-01-2026,6041.3173,Axis Bluechip,119092
28-01-2026,6040.7842,Axis Bluechip,119092
27-01-2026,6041.4977,Axis Bluechip,119092
23-01-2026,6037.6453,Axis Bluechip,119092
22-01-2026,6037.506,Axis Bluechip,119092
21-01-2026,6034.6246,Axis Bluechip,119092
20-01-2026,6033.4329,Axis Bluechip,119092
19-01-2026,6033.5639,Axis Bluechip,119092
16-01-2026,6031.7639,Axis Bluechip,119092
14-01-2026,6031.499,Axis Bluechip,119092
13-01-2026,6030.9953,Axis Bluechip,119092
12-01-2026,6031.2329,Axis Bluechip,119092
09-01-2026,6028.4591,Axis Bluechip,119092
08-01-2026,6028.086,Axis Bluechip,119092
07-01-2026,6028.3846,Axis Bluechip,119092
06-01-2026,6028.7271,Axis Bluechip,119092
05-01-2026,6027.6905,Axis Bluechip,119092
02-01-2026,6025.268,Axis Bluechip,119092
01-01-2026,6024.7187,Axis Bluechip,119092
31-12-2025,6023.5454,Axis Bluechip,119092
30-12-2025,6020.3988,Axis Bluechip,119092
29-12-2025,6020.5172,Axis Bluechip,119092
26-12-2025,6017.7227,Axis Bluechip,119092
24-12-2025,6015.9944,Axis Bluechip,119092
23-12-2025,6013.8267,Axis Bluechip,119092
22-12-2025,6012.9635,Axis Bluechip,119092
19-12-2025,6009.9347,Axis Bluechip,119092
18-12-2025,6008.9502,Axis Bluechip,119092
17-12-2025,6007.8902,Axis Bluechip,119092
16-12-2025,6007.2035,Axis Bluechip,119092
15-12-2025,6006.304,Axis Bluechip,119092
12-12-2025,6004.0068,Axis Bluechip,119092
11-12-2025,6003.0596,Axis Bluechip,119092
10-12-2025,6002.278,Axis Bluechip,119092
09-12-2025,6002.302,Axis Bluechip,119092
08-12-2025,6002.0388,Axis Bluechip,119092
05-12-2025,5999.0953,Axis Bluechip,119092
04-12-2025,5996.9391,Axis Bluechip,119092
03-12-2025,5996.3511,Axis Bluechip,119092
02-12-2025,5995.7798,Axis Bluechip,119092
01-12-2025,5994.9936,Axis Bluechip,119092
28-11-2025,5992.5375,Axis Bluechip,119092
27-11-2025,5991.5695,Axis Bluechip,119092
26-11-2025,5990.4554,Axis Bluechip,119092
25-11-2025,5989.3488,Axis Bluechip,119092
24-11-2025,5988.0799,Axis Bluechip,119092
21-11-2025,5985.1789,Axis Bluechip,119092
20-11-2025,5984.2663,Axis Bluechip,119092
19-11-2025,5983.4016,Axis Bluechip,119092
18-11-2025,5982.3808,Axis Bluechip,119092
17-11-2025,5981.2066,Axis Bluechip,119092
14-11-2025,5978.3518,Axis Bluechip,119092
13-11-2025,5977.4171,Axis Bluechip,119092
12-11-2025,5976.3688,Axis Bluechip,119092
11-11-2025,5975.0374,Axis Bluechip,119092
10-11-2025,5973.9734,Axis Bluechip,119092
07-11-2025,5971.0247,Axis Bluechip,119092
06-11-2025,5969.9256,Axis Bluechip,119092
04-11-2025,5967.9587,Axis Bluechip,119092
03-11-2025,5966.9646,Axis Bluechip,119092
31-10-2025,5963.9425,Axis Bluechip,119092
30-10-2025,5962.9105,Axis Bluechip,119092
29-10-2025,5962.2436,Axis Bluechip,119092
28-10-2025,5961.2816,Axis Bluechip,119092
27-10-2025,5959.9594,Axis Bluechip,119092
24-10-2025,5957.0133,Axis Bluechip,119092
23-10-2025,5956.2661,Axis Bluechip,119092
20-10-2025,5953.5542,Axis Bluechip,119092
17-10-2025,5950.679,Axis Bluechip,119092
16-10-2025,5949.9941,Axis Bluechip,119092
15-10-2025,5949.6158,Axis Bluechip,119092
14-10-2025,5948.725,Axis Bluechip,119092
13-10-2025,5947.7955,Axis Bluechip,119092
10-10-2025,5944.8495,Axis Bluechip,119092
09-10-2025,5943.9808,Axis Bluechip,119092
08-10-2025,5943.1699,Axis Bluechip,119092
07-10-2025,5942.4446,Axis Bluechip,119092
06-10-2025,5941.7936,Axis Bluechip,119092
03-10-2025,5938.4748,Axis Bluechip,119092
01-10-2025,5935.6,Axis Bluechip,119092
30-09-2025,5933.5373,Axis Bluechip,119092
26-09-2025,5928.0474,Axis Bluechip,119092
25-09-2025,5927.3108,Axis Bluechip,119092
24-09-2025,5926.6741,Axis Bluechip,119092
23-09-2025,5925.9531,Axis Bluechip,119092
22-09-2025,5924.9723,Axis Bluechip,119092
19-09-2025,5922.1357,Axis Bluechip,119092
18-09-2025,5921.2244,Axis Bluechip,119092
17-09-2025,5919.7048,Axis Bluechip,119092
16-09-2025,5918.118,Axis Bluechip,119092
15-09-2025,5916.611,Axis Bluechip,119092
12-09-2025,5913.8365,Axis Bluechip,119092
11-09-2025,5913.2938,Axis Bluechip,119092
10-09-2025,5912.0041,Axis Bluechip,119092
09-09-2025,5911.3924,Axis Bluechip,119092
05-09-2025,5908.5683,Axis Bluechip,119092
04-09-2025,5907.6123,Axis Bluechip,119092
03-09-2025,5906.7644,Axis Bluechip,119092
02-09-2025,5905.9868,Axis Bluechip,119092
01-09-2025,5905.5718,Axis Bluechip,119092
29-08-2025,5902.9876,Axis Bluechip,119092
28-08-2025,5902.4099,Axis Bluechip,119092
26-08-2025,5900.7107,Axis Bluechip,119092
25-08-2025,5899.9888,Axis Bluechip,119092
22-08-2025,5897.2374,Axis Bluechip,119092
21-08-2025,5896.2147,Axis Bluechip,119092
20-08-2025,5895.2164,Axis Bluechip,119092
19-08-2025,5894.2742,Axis Bluechip,119092
18-08-2025,5892.9896,Axis Bluechip,119092
14-08-2025,5889.2636,Axis Bluechip,119092
13-08-2025,5888.1247,Axis Bluechip,119092
12-08-2025,5887.3908,Axis Bluechip,119092
11-08-2025,5887.2286,Axis Bluechip,119092
08-08-2025,5884.8484,Axis Bluechip,119092
07-08-2025,5884.0837,Axis Bluechip,119092
06-08-2025,5883.3045,Axis Bluechip,119092
05-08-2025,5883.4482,Axis Bluechip,119092
04-08-2025,5882.1589,Axis Bluechip,119092
01-08-2025,5878.7932,Axis Bluechip,119092
31-07-2025,5877.5109,Axis Bluechip,119092
30-07-2025,5876.5092,Axis Bluechip,119092
29-07-2025,5875.6626,Axis Bluechip,119092
28-07-2025,5875.1043,Axis Bluechip,119092
25-07-2025,5872.8052,Axis Bluechip,119092
24-07-2025,5872.0366,Axis Bluechip,119092
23-07-2025,5871.1828,Axis Bluechip,119092
22-07-2025,5869.8417,Axis Bluechip,119092
21-07-2025,5869.1171,Axis Bluechip,119092
18-07-2025,5866.4951,Axis Bluechip,119092
17-07-2025,5865.3853,Axis Bluechip,119092
16-07-2025,5864.3753,Axis Bluechip,119092
15-07-2025,5863.6201,Axis Bluechip,119092
14-07-2025,5862.5908,Axis Bluechip,119092
11-07-2025,5858.9296,Axis Bluechip,119092
10-07-2025,5858.4766,Axis Bluechip,119092
09-07-2025,5857.2164,Axis Bluechip,119092
08-07-2025,5856.9332,Axis Bluechip,119092
07-07-2025,5856.2977,Axis Bluechip,119092
04-07-2025,5853.3606,Axis Bluechip,119092
03-07-2025,5852.4845,Axis Bluechip,119092
02-07-2025,5851.0981,Axis Bluechip,119092
01-07-2025,5847.481,Axis Bluechip,119092
30-06-2025,5843.7929,Axis Bluechip,119092
27-06-2025,5840.5596,Axis Bluechip,119092
26-06-2025,5839.2453,Axis Bluechip,119092
25-06-2025,5838.0925,Axis Bluechip,119092
24-06-2025,5838.486,Axis Bluechip,119092
23-06-2025,5837.2267,Axis Bluechip,119092
20-06-2025,5833.9386,Axis Bluechip,119092
19-06-2025,5832.8313,Axis Bluechip,119092
18-06-2025,5831.6321,Axis Bluechip,119092
17-06-2025,5830.1383,Axis Bluechip,119092
16-06-2025,5829.3242,Axis Bluechip,119092
13-06-2025,5826.4969,Axis Bluechip,119092
12-06-2025,5826.0507,Axis Bluechip,119092
11-06-2025,5825.4478,Axis Bluechip,119092
10-06-2025,5827.1891,Axis Bluechip,119092
09-06-2025,5829.1614,Axis Bluechip,119092
06-06-2025,5825.1945,Axis Bluechip,119092
05-06-2025,5816.4301,Axis Bluechip,119092
04-06-2025,5814.4359,Axis Bluechip,119092
03-06-2025,5812.5765,Axis Bluechip,119092
02-06-2025,5810.056,Axis Bluechip,119092
30-05-2025,5806.6169,Axis Bluechip,119092
29-05-2025,5805.6326,Axis Bluechip,119092
28-05-2025,5803.8799,Axis Bluechip,119092
27-05-2025,5801.7666,Axis Bluechip,119092
26-05-2025,5800.4584,Axis Bluechip,119092
23-05-2025,5797.5783,Axis Bluechip,119092
22-05-2025,5795.8073,Axis Bluechip,119092
21-05-2025,5795.4048,Axis Bluechip,119092
20-05-2025,5793.6894,Axis Bluechip,119092
19-05-2025,5791.2421,Axis Bluechip,119092
16-05-2025,5787.4816,Axis Bluechip,119092
15-05-2025,5784.8317,Axis Bluechip,119092
14-05-2025,5783.7466,Axis Bluechip,119092
13-05-2025,5780.0491,Axis Bluechip,119092
09-05-2025,5773.3156,Axis Bluechip,119092
08-05-2025,5774.8342,Axis Bluechip,119092
07-05-2025,5776.0155,Axis Bluechip,119092
06-05-2025,5774.9972,Axis Bluechip,119092
05-05-2025,5773.1211,Axis Bluechip,119092
02-05-2025,5769.7362,Axis Bluechip,119092
30-04-2025,5767.1752,Axis Bluechip,119092
29-04-2025,5766.6546,Axis Bluechip,119092
28-04-2025,5765.5012,Axis Bluechip,119092
25-04-2025,5762.4356,Axis Bluechip,119092
24-04-2025,5762.4655,Axis Bluechip,119092
23-04-2025,5760.6599,Axis Bluechip,119092
22-04-2025,5759.3888,Axis Bluechip,119092
21-04-2025,5758.0083,Axis Bluechip,119092
17-04-2025,5751.9598,Axis Bluechip,119092
16-04-2025,5750.2512,Axis Bluechip,119092
15-04-2025,5749.0705,Axis Bluechip,119092
11-04-2025,5744.5695,Axis Bluechip,119092
09-04-2025,5740.7071,Axis Bluechip,119092
08-04-2025,5736.6882,Axis Bluechip,119092
07-04-2025,5735.1937,Axis Bluechip,119092
04-04-2025,5732.122,Axis Bluechip,119092
03-04-2025,5730.5444,Axis Bluechip,119092
02-04-2025,5726.3244,Axis Bluechip,119092
31-03-2025,5716.824,Axis Bluechip,119092
28-03-2025,5713.7697,Axis Bluechip,119092
27-03-2025,5705.1533,Axis Bluechip,119092
26-03-2025,5704.2365,Axis Bluechip,119092
25-03-2025,5701.1631,Axis Bluechip,119092
24-03-2025,5700.1857,Axis Bluechip,119092
21-03-2025,5693.8851,Axis Bluechip,119092
20-03-2025,5689.694,Axis Bluechip,119092
19-03-2025,5687.3531,Axis Bluechip,119092
18-03-2025,5685.3043,Axis Bluechip,119092
17-03-2025,5683.8145,Axis Bluechip,119092
13-03-2025,5679.1086,Axis Bluechip,119092
12-03-2025,5677.2615,Axis Bluechip,119092
11-03-2025,5676.1432,Axis Bluechip,119092
10-03-2025,5675.2614,Axis Bluechip,119092
07-03-2025,5671.5,Axis Bluechip,119092
06-03-2025,5670.7057,Axis Bluechip,119092
05-03-2025,5669.8421,Axis Bluechip,119092
04-03-2025,5669.5153,Axis Bluechip,119092
03-03-2025,5668.836,Axis Bluechip,119092
28-02-2025,5666.3039,Axis Bluechip,119092
27-02-2025,5665.5035,Axis Bluechip,119092
25-02-2025,5663.4085,Axis Bluechip,119092
24-02-2025,5662.8036,Axis Bluechip,119092
21-02-2025,5658.526,Axis Bluechip,119092
20-02-2025,5657.2867,Axis Bluechip,119092
18-02-2025,5655.0607,Axis Bluechip,119092
17-02-2025,5654.1189,Axis Bluechip,119092
14-02-2025,5651.0746,Axis Bluechip,119092
13-02-2025,5650.1659,Axis Bluechip,119092
12-02-2025,5648.4814,Axis Bluechip,119092
11-02-2025,5647.2714,Axis Bluechip,119092
10-02-2025,5646.022,Axis Bluechip,119092
07-02-2025,5644.185,Axis Bluechip,119092
06-02-2025,5644.1449,Axis Bluechip,119092
05-02-2025,5641.2929,Axis Bluechip,119092
04-02-2025,5639.5493,Axis Bluechip,119092
03-02-2025,5638.0374,Axis Bluechip,119092
31-01-2025,5634.8733,Axis Bluechip,119092
30-01-2025,5633.6602,Axis Bluechip,119092
29-01-2025,5632.2632,Axis Bluechip,119092
28-01-2025,5630.4184,Axis Bluechip,119092
27-01-2025,5629.0101,Axis Bluechip,119092
24-01-2025,5625.5281,Axis Bluechip,119092
23-01-2025,5624.5255,Axis Bluechip,119092
22-01-2025,5623.6568,Axis Bluechip,119092
21-01-2025,5622.9541,Axis Bluechip,119092
20-01-2025,5621.8468,Axis Bluechip,119092
17-01-2025,5618.584,Axis Bluechip,119092
16-01-2025,5617.329,Axis Bluechip,119092
15-01-2025,5615.6509,Axis Bluechip,119092
14-01-2025,5613.9876,Axis Bluechip,119092
13-01-2025,5613.1264,Axis Bluechip,119092
10-01-2025,5610.3063,Axis Bluechip,119092
09-01-2025,5608.9131,Axis Bluechip,119092
08-01-2025,5608.6713,Axis Bluechip,119092
07-01-2025,5608.3364,Axis Bluechip,119092
06-01-2025,5607.5187,Axis Bluechip,119092
03-01-2025,5604.3724,Axis Bluechip,119092
02-01-2025,5603.5453,Axis Bluechip,119092
01-01-2025,5602.0594,Axis Bluechip,119092
31-12-2024,5600.5771,Axis Bluechip,119092
30-12-2024,5597.3384,Axis Bluechip,119092
27-12-2024,5594.0951,Axis Bluechip,119092
26-12-2024,5592.9244,Axis Bluechip,119092
24-12-2024,5590.9435,Axis Bluechip,119092
23-12-2024,5590.4471,Axis Bluechip,119092
20-12-2024,5588.072,Axis Bluechip,119092
19-12-2024,5587.01,Axis Bluechip,119092
18-12-2024,5586.4179,Axis Bluechip,119092
17-12-2024,5585.572,Axis Bluechip,119092
16-12-2024,5584.4671,Axis Bluechip,119092
13-12-2024,5580.9232,Axis Bluechip,119092
12-12-2024,5580.6696,Axis Bluechip,119092
11-12-2024,5580.1419,Axis Bluechip,119092
10-12-2024,5579.1651,Axis Bluechip,119092
09-12-2024,5578.25,Axis Bluechip,119092
06-12-2024,5575.0097,Axis Bluechip,119092
05-12-2024,5573.6012,Axis Bluechip,119092
04-12-2024,5572.0927,Axis Bluechip,119092
03-12-2024,5570.896,Axis Bluechip,119092
02-12-2024,5569.9305,Axis Bluechip,119092
29-11-2024,5566.4874,Axis Bluechip,119092
28-11-2024,5565.3431,Axis Bluechip,119092
27-11-2024,5564.3652,Axis Bluechip,119092
26-11-2024,5563.3251,Axis Bluechip,119092
25-11-2024,5562.2563,Axis Bluechip,119092
22-11-2024,5559.0282,Axis Bluechip,119092
21-11-2024,5557.9843,Axis Bluechip,119092
19-11-2024,5556.1305,Axis Bluechip,119092
18-11-2024,5555.0635,Axis Bluechip,119092
14-11-2024,5550.9097,Axis Bluechip,119092
13-11-2024,5549.7643,Axis Bluechip,119092
12-11-2024,5548.5622,Axis Bluechip,119092
11-11-2024,5547.5341,Axis Bluechip,119092
08-11-2024,5544.3048,Axis Bluechip,119092
07-11-2024,5543.2316,Axis Bluechip,119092
06-11-2024,5541.99,Axis Bluechip,119092
05-11-2024,5540.8795,Axis Bluechip,119092
04-11-2024,5539.5214,Axis Bluechip,119092
31-10-2024,5535.049,Axis Bluechip,119092
30-10-2024,5533.6549,Axis Bluechip,119092
29-10-2024,5532.5972,Axis Bluechip,119092
28-10-2024,5531.4854,Axis Bluechip,119092
25-10-2024,5528.4234,Axis Bluechip,119092
24-10-2024,5527.3884,Axis Bluechip,119092
23-10-2024,5526.2009,Axis Bluechip,119092
22-10-2024,5525.1776,Axis Bluechip,119092
21-10-2024,5524.1631,Axis Bluechip,119092
18-10-2024,5521.333,Axis Bluechip,119092
17-10-2024,5520.2522,Axis Bluechip,119092
16-10-2024,5519.2375,Axis Bluechip,119092
15-10-2024,5518.1759,Axis Bluechip,119092
14-10-2024,5517.3612,Axis Bluechip,119092
11-10-2024,5514.3907,Axis Bluechip,119092
10-10-2024,5512.9468,Axis Bluechip,119092
09-10-2024,5511.8431,Axis Bluechip,119092
08-10-2024,5510.3208,Axis Bluechip,119092
07-10-2024,5509.299,Axis Bluechip,119092
04-10-2024,5506.0251,Axis Bluechip,119092
03-10-2024,5504.5299,Axis Bluechip,119092
01-10-2024,5501.9906,Axis Bluechip,119092
30-09-2024,5500.7013,Axis Bluechip,119092
27-09-2024,5495.2936,Axis Bluechip,119092
26-09-2024,5493.8571,Axis Bluechip,119092
25-09-2024,5492.655,Axis Bluechip,119092
24-09-2024,5491.7099,Axis Bluechip,119092
23-09-2024,5490.5892,Axis Bluechip,119092
20-09-2024,5487.3347,Axis Bluechip,119092
19-09-2024,5486.1019,Axis Bluechip,119092
17-09-2024,5483.7926,Axis Bluechip,119092
16-09-2024,5482.4736,Axis Bluechip,119092
13-09-2024,5479.344,Axis Bluechip,119092
12-09-2024,5477.9222,Axis Bluechip,119092
11-09-2024,5477.0398,Axis Bluechip,119092
10-09-2024,5475.9756,Axis Bluechip,119092
09-09-2024,5475.0575,Axis Bluechip,119092
06-09-2024,5471.7431,Axis Bluechip,119092
05-09-2024,5470.9194,Axis Bluechip,119092
04-09-2024,5469.7871,Axis Bluechip,119092
03-09-2024,5468.8173,Axis Bluechip,119092
02-09-2024,5467.6346,Axis Bluechip,119092
30-08-2024,5464.4471,Axis Bluechip,119092
29-08-2024,5463.5324,Axis Bluechip,119092
28-08-2024,5462.7689,Axis Bluechip,119092
27-08-2024,5461.7292,Axis Bluechip,119092
26-08-2024,5461.0959,Axis Bluechip,119092
23-08-2024,5458.18,Axis Bluechip,119092
22-08-2024,5457.1012,Axis Bluechip,119092
21-08-2024,5455.8625,Axis Bluechip,119092
20-08-2024,5454.3508,Axis Bluechip,119092
19-08-2024,5452.8782,Axis Bluechip,119092
16-08-2024,5449.5862,Axis Bluechip,119092
14-08-2024,5447.357,Axis Bluechip,119092
13-08-2024,5446.294,Axis Bluechip,119092
12-08-2024,5445.8783,Axis Bluechip,119092
09-08-2024,5442.9315,Axis Bluechip,119092
08-08-2024,5441.9641,Axis Bluechip,119092
07-08-2024,5441.0345,Axis Bluechip,119092
06-08-2024,5439.9349,Axis Bluechip,119092
05-08-2024,5439.0651,Axis Bluechip,119092
02-08-2024,5435.8684,Axis Bluechip,119092
01-08-2024,5434.8589,Axis Bluechip,119092
31-07-2024,5433.6933,Axis Bluechip,119092
30-07-2024,5432.772,Axis Bluechip,119092
29-07-2024,5431.7904,Axis Bluechip,119092
26-07-2024,5428.5956,Axis Bluechip,119092
25-07-2024,5427.5873,Axis Bluechip,119092
24-07-2024,5426.637,Axis Bluechip,119092
23-07-2024,5425.4758,Axis Bluechip,119092
22-07-2024,5424.1728,Axis Bluechip,119092
19-07-2024,5421.0041,Axis Bluechip,119092
18-07-2024,5419.9047,Axis Bluechip,119092
16-07-2024,5417.6751,Axis Bluechip,119092
15-07-2024,5416.6718,Axis Bluechip,119092
12-07-2024,5413.3353,Axis Bluechip,119092
11-07-2024,5412.4014,Axis Bluechip,119092
10-07-2024,5411.1036,Axis Bluechip,119092
09-07-2024,5410.0477,Axis Bluechip,119092
08-07-2024,5408.9972,Axis Bluechip,119092
05-07-2024,5405.9933,Axis Bluechip,119092
04-07-2024,5404.8862,Axis Bluechip,119092
03-07-2024,5403.6893,Axis Bluechip,119092
02-07-2024,5402.0965,Axis Bluechip,119092
01-07-2024,5399.8431,Axis Bluechip,119092
28-06-2024,5395.8631,Axis Bluechip,119092
27-06-2024,5393.747,Axis Bluechip,119092
26-06-2024,5392.8702,Axis Bluechip,119092
25-06-2024,5392.2884,Axis Bluechip,119092
24-06-2024,5391.5451,Axis Bluechip,119092
21-06-2024,5388.5437,Axis Bluechip,119092
20-06-2024,5387.3667,Axis Bluechip,119092
19-06-2024,5386.0054,Axis Bluechip,119092
18-06-2024,5384.8341,Axis Bluechip,119092
14-06-2024,5380.5567,Axis Bluechip,119092
13-06-2024,5379.5388,Axis Bluechip,119092
12-06-2024,5378.4232,Axis Bluechip,119092
11-06-2024,5377.1007,Axis Bluechip,119092
10-06-2024,5375.5307,Axis Bluechip,119092
07-06-2024,5372.2291,Axis Bluechip,119092
06-06-2024,5371.2112,Axis Bluechip,119092
05-06-2024,5369.9555,Axis Bluechip,119092
04-06-2024,5369.0379,Axis Bluechip,119092
03-06-2024,5369.1209,Axis Bluechip,119092
31-05-2024,5365.8097,Axis Bluechip,119092
30-05-2024,5364.7137,Axis Bluechip,119092
29-05-2024,5363.2902,Axis Bluechip,119092
28-05-2024,5362.1042,Axis Bluechip,119092
27-05-2024,5361.4316,Axis Bluechip,119092
24-05-2024,5358.5147,Axis Bluechip,119092
22-05-2024,5356.3608,Axis Bluechip,119092
21-05-2024,5355.2502,Axis Bluechip,119092
17-05-2024,5350.4153,Axis Bluechip,119092
16-05-2024,5349.5038,Axis Bluechip,119092
15-05-2024,5348.7106,Axis Bluechip,119092
14-05-2024,5347.522,Axis Bluechip,119092
13-05-2024,5346.0212,Axis Bluechip,119092
10-05-2024,5342.7724,Axis Bluechip,119092
09-05-2024,5342.3428,Axis Bluechip,119092
08-05-2024,5341.9087,Axis Bluechip,119092
07-05-2024,5341.0415,Axis Bluechip,119092
06-05-2024,5339.654,Axis Bluechip,119092
03-05-2024,5336.1567,Axis Bluechip,119092
02-05-2024,5334.9028,Axis Bluechip,119092
30-04-2024,5332.5376,Axis Bluechip,119092
29-04-2024,5331.6499,Axis Bluechip,119092
26-04-2024,5329.7189,Axis Bluechip,119092
25-04-2024,5328.7384,Axis Bluechip,119092
24-04-2024,5328.1588,Axis Bluechip,119092
23-04-2024,5327.986,Axis Bluechip,119092
22-04-2024,5326.3075,Axis Bluechip,119092
19-04-2024,5323.488,Axis Bluechip,119092
18-04-2024,5322.9549,Axis Bluechip,119092
16-04-2024,5321.3584,Axis Bluechip,119092
15-04-2024,5320.2438,Axis Bluechip,119092
12-04-2024,5317.4247,Axis Bluechip,119092
10-04-2024,5315.0084,Axis Bluechip,119092
08-04-2024,5311.3856,Axis Bluechip,119092
05-04-2024,5308.5645,Axis Bluechip,119092
04-04-2024,5306.7555,Axis Bluechip,119092
03-04-2024,5304.7841,Axis Bluechip,119092
02-04-2024,5304.0112,Axis Bluechip,119092
31-03-2024,5300.0371,Axis Bluechip,119092
28-03-2024,5297.0087,Axis Bluechip,119092
27-03-2024,5290.4767,Axis Bluechip,119092
26-03-2024,5289.8511,Axis Bluechip,119092
22-03-2024,5286.4682,Axis Bluechip,119092
21-03-2024,5285.8535,Axis Bluechip,119092
20-03-2024,5284.6048,Axis Bluechip,119092
19-03-2024,5283.2986,Axis Bluechip,119092
18-03-2024,5282.1891,Axis Bluechip,119092
15-03-2024,5278.4609,Axis Bluechip,119092
14-03-2024,5277.4985,Axis Bluechip,119092
13-03-2024,5276.9295,Axis Bluechip,119092
12-03-2024,5275.5439,Axis Bluechip,119092
11-03-2024,5274.1498,Axis Bluechip,119092
07-03-2024,5269.8128,Axis Bluechip,119092
06-03-2024,5268.4947,Axis Bluechip,119092
05-03-2024,5266.8776,Axis Bluechip,119092
04-03-2024,5265.3638,Axis Bluechip,119092
01-03-2024,5261.5919,Axis Bluechip,119092
29-02-2024,5260.251,Axis Bluechip,119092
28-02-2024,5259.1081,Axis Bluechip,119092
27-02-2024,5257.5008,Axis Bluechip,119092
26-02-2024,5256.6,Axis Bluechip,119092
23-02-2024,5253.4712,Axis Bluechip,119092
22-02-2024,5252.4138,Axis Bluechip,119092
21-02-2024,5250.0855,Axis Bluechip,119092
20-02-2024,5248.6377,Axis Bluechip,119092
16-02-2024,5244.0761,Axis Bluechip,119092
15-02-2024,5242.6289,Axis Bluechip,119092
14-02-2024,5241.2555,Axis Bluechip,119092
13-02-2024,5240.0332,Axis Bluechip,119092
12-02-2024,5239.0724,Axis Bluechip,119092
09-02-2024,5236.1159,Axis Bluechip,119092
08-02-2024,5235.5175,Axis Bluechip,119092
07-02-2024,5234.3976,Axis Bluechip,119092
06-02-2024,5233.0702,Axis Bluechip,119092
05-02-2024,5232.0589,Axis Bluechip,119092
02-02-2024,5228.987,Axis Bluechip,119092
01-02-2024,5227.8426,Axis Bluechip,119092
31-01-2024,5226.6958,Axis Bluechip,119092
30-01-2024,5225.6473,Axis Bluechip,119092
29-01-2024,5224.7227,Axis Bluechip,119092
25-01-2024,5220.4806,Axis Bluechip,119092
24-01-2024,5219.4493,Axis Bluechip,119092
23-01-2024,5218.8964,Axis Bluechip,119092
19-01-2024,5215.4828,Axis Bluechip,119092
18-01-2024,5214.4832,Axis Bluechip,119092
17-01-2024,5213.6768,Axis Bluechip,119092
16-01-2024,5212.6448,Axis Bluechip,119092
15-01-2024,5211.8996,Axis Bluechip,119092
12-01-2024,5208.7335,Axis Bluechip,119092
11-01-2024,5207.6081,Axis Bluechip,119092
10-01-2024,5206.6308,Axis Bluechip,119092
09-01-2024,5205.5933,Axis Bluechip,119092
08-01-2024,5204.44,Axis Bluechip,119092
05-01-2024,5201.3986,Axis Bluechip,119092
04-01-2024,5200.3198,Axis Bluechip,119092
03-01-2024,5199.3473,Axis Bluechip,119092
02-01-2024,5198.237,Axis Bluechip,119092
01-01-2024,5197.2106,Axis Bluechip,119092
29-12-2023,5193.5766,Axis Bluechip,119092
28-12-2023,5191.4852,Axis Bluechip,119092
27-12-2023,5190.1856,Axis Bluechip,119092
26-12-2023,5189.3786,Axis Bluechip,119092
22-12-2023,5185.1321,Axis Bluechip,119092
21-12-2023,5184.3051,Axis Bluechip,119092
20-12-2023,5183.1792,Axis Bluechip,119092
19-12-2023,5182.0673,Axis Bluechip,119092
18-12-2023,5180.8939,Axis Bluechip,119092
15-12-2023,5178.0931,Axis Bluechip,119092
14-12-2023,5177.1524,Axis Bluechip,119092
13-12-2023,5176.1125,Axis Bluechip,119092
12-12-2023,5175.2278,Axis Bluechip,119092
11-12-2023,5174.6676,Axis Bluechip,119092
08-12-2023,5171.7529,Axis Bluechip,119092
07-12-2023,5170.8441,Axis Bluechip,119092
06-12-2023,5169.7717,Axis Bluechip,119092
05-12-2023,5168.7266,Axis Bluechip,119092
04-12-2023,5167.6094,Axis Bluechip,119092
01-12-2023,5164.7124,Axis Bluechip,119092
30-11-2023,5163.9629,Axis Bluechip,119092
29-11-2023,5163.0656,Axis Bluechip,119092
28-11-2023,5162.1408,Axis Bluechip,119092
24-11-2023,5158.0903,Axis Bluechip,119092
23-11-2023,5157.1238,Axis Bluechip,119092
22-11-2023,5156.2053,Axis Bluechip,119092
21-11-2023,5155.3252,Axis Bluechip,119092
20-11-2023,5154.4694,Axis Bluechip,119092
17-11-2023,5151.4842,Axis Bluechip,119092
16-11-2023,5150.4705,Axis Bluechip,119092
15-11-2023,5149.5885,Axis Bluechip,119092
13-11-2023,5147.5146,Axis Bluechip,119092
10-11-2023,5144.3649,Axis Bluechip,119092
09-11-2023,5143.6261,Axis Bluechip,119092
08-11-2023,5142.8513,Axis Bluechip,119092
07-11-2023,5141.9136,Axis Bluechip,119092
06-11-2023,5140.8425,Axis Bluechip,119092
03-11-2023,5137.6592,Axis Bluechip,119092
02-11-2023,5136.4273,Axis Bluechip,119092
01-11-2023,5135.4541,Axis Bluechip,119092
31-10-2023,5134.2875,Axis Bluechip,119092
30-10-2023,5133.2666,Axis Bluechip,119092
27-10-2023,5130.8988,Axis Bluechip,119092
26-10-2023,5129.78,Axis Bluechip,119092
25-10-2023,5128.7631,Axis Bluechip,119092
23-10-2023,5126.8681,Axis Bluechip,119092
20-10-2023,5124.0558,Axis Bluechip,119092
19-10-2023,5123.2239,Axis Bluechip,119092
18-10-2023,5122.5565,Axis Bluechip,119092
17-10-2023,5121.4613,Axis Bluechip,119092
16-10-2023,5120.5154,Axis Bluechip,119092
13-10-2023,5117.9674,Axis Bluechip,119092
12-10-2023,5117.0745,Axis Bluechip,119092
11-10-2023,5116.1458,Axis Bluechip,119092
10-10-2023,5115.025,Axis Bluechip,119092
09-10-2023,5114.2686,Axis Bluechip,119092
06-10-2023,5111.5197,Axis Bluechip,119092
05-10-2023,5111.21,Axis Bluechip,119092
04-10-2023,5110.153,Axis Bluechip,119092
03-10-2023,5108.6726,Axis Bluechip,119092
30-09-2023,5105.5501,Axis Bluechip,119092
29-09-2023,5104.5685,Axis Bluechip,119092
27-09-2023,5102.1423,Axis Bluechip,119092
26-09-2023,5100.8639,Axis Bluechip,119092
25-09-2023,5100.2951,Axis Bluechip,119092
22-09-2023,5097.3696,Axis Bluechip,119092
21-09-2023,5096.3256,Axis Bluechip,119092
20-09-2023,5095.7244,Axis Bluechip,119092
18-09-2023,5093.8039,Axis Bluechip,119092
15-09-2023,5091.1568,Axis Bluechip,119092
14-09-2023,5090.1453,Axis Bluechip,119092
13-09-2023,5089.1732,Axis Bluechip,119092
12-09-2023,5088.2771,Axis Bluechip,119092
11-09-2023,5087.4868,Axis Bluechip,119092
08-09-2023,5084.7079,Axis Bluechip,119092
07-09-2023,5083.722,Axis Bluechip,119092
06-09-2023,5082.772,Axis Bluechip,119092
05-09-2023,5081.8207,Axis Bluechip,119092
04-09-2023,5080.6577,Axis Bluechip,119092
01-09-2023,5077.8025,Axis Bluechip,119092
31-08-2023,5076.7648,Axis Bluechip,119092
30-08-2023,5075.8053,Axis Bluechip,119092
29-08-2023,5074.6012,Axis Bluechip,119092
28-08-2023,5073.6043,Axis Bluechip,119092
25-08-2023,5070.6754,Axis Bluechip,119092
24-08-2023,5069.6703,Axis Bluechip,119092
23-08-2023,5068.5481,Axis Bluechip,119092
22-08-2023,5067.7783,Axis Bluechip,119092
21-08-2023,5066.7137,Axis Bluechip,119092
18-08-2023,5063.5186,Axis Bluechip,119092
17-08-2023,5062.4447,Axis Bluechip,119092
14-08-2023,5060.4159,Axis Bluechip,119092
11-08-2023,5057.8363,Axis Bluechip,119092
10-08-2023,5057.6916,Axis Bluechip,119092
09-08-2023,5057.0763,Axis Bluechip,119092
08-08-2023,5056.1337,Axis Bluechip,119092
07-08-2023,5055.1632,Axis Bluechip,119092
04-08-2023,5052.3465,Axis Bluechip,119092
03-08-2023,5051.485,Axis Bluechip,119092
02-08-2023,5050.6815,Axis Bluechip,119092
01-08-2023,5049.9681,Axis Bluechip,119092
31-07-2023,5048.9266,Axis Bluechip,119092
28-07-2023,5046.2306,Axis Bluechip,119092
27-07-2023,5045.4077,Axis Bluechip,119092
26-07-2023,5044.5696,Axis Bluechip,119092
25-07-2023,5043.5119,Axis Bluechip,119092
24-07-2023,5042.5025,Axis Bluechip,119092
21-07-2023,5039.6374,Axis Bluechip,119092
20-07-2023,5038.5536,Axis Bluechip,119092
19-07-2023,5037.1063,Axis Bluechip,119092
18-07-2023,5036.279,Axis Bluechip,119092
17-07-2023,5035.2332,Axis Bluechip,119092
14-07-2023,5032.5397,Axis Bluechip,119092
13-07-2023,5031.2973,Axis Bluechip,119092
12-07-2023,5029.9035,Axis Bluechip,119092
11-07-2023,5028.798,Axis Bluechip,119092
10-07-2023,5027.7619,Axis Bluechip,119092
07-07-2023,5025.1711,Axis Bluechip,119092
06-07-2023,5024.0604,Axis Bluechip,119092
05-07-2023,5023.1911,Axis Bluechip,119092
04-07-2023,5022.0079,Axis Bluechip,119092
03-07-2023,5020.3836,Axis Bluechip,119092
30-06-2023,5016.9921,Axis Bluechip,119092
28-06-2023,5014.8176,Axis Bluechip,119092
27-06-2023,5013.5975,Axis Bluechip,119092
26-06-2023,5012.8809,Axis Bluechip,119092
23-06-2023,5010.3598,Axis Bluechip,119092
22-06-2023,5009.8954,Axis Bluechip,119092
21-06-2023,5008.6614,Axis Bluechip,119092
20-06-2023,5007.8745,Axis Bluechip,119092
19-06-2023,5006.9865,Axis Bluechip,119092
16-06-2023,5003.9814,Axis Bluechip,119092
15-06-2023,5002.8186,Axis Bluechip,119092
14-06-2023,5001.8616,Axis Bluechip,119092
13-06-2023,5000.2152,Axis Bluechip,119092
12-06-2023,4998.8233,Axis Bluechip,119092
09-06-2023,4996.2044,Axis Bluechip,119092
08-06-2023,4995.9409,Axis Bluechip,119092
07-06-2023,4995.4622,Axis Bluechip,119092
06-06-2023,4994.3002,Axis Bluechip,119092
05-06-2023,4993.0346,Axis Bluechip,119092
02-06-2023,4990.0511,Axis Bluechip,119092
01-06-2023,4988.8385,Axis Bluechip,119092
31-05-2023,4987.2829,Axis Bluechip,119092
30-05-2023,4986.4929,Axis Bluechip,119092
29-05-2023,4985.5343,Axis Bluechip,119092
26-05-2023,4983.2404,Axis Bluechip,119092
25-05-2023,4982.3941,Axis Bluechip,119092
24-05-2023,4981.7631,Axis Bluechip,119092
23-05-2023,4981.1777,Axis Bluechip,119092
22-05-2023,4981.3721,Axis Bluechip,119092
19-05-2023,4975.8054,Axis Bluechip,119092
18-05-2023,4974.5789,Axis Bluechip,119092
17-05-2023,4973.2457,Axis Bluechip,119092
16-05-2023,4971.8411,Axis Bluechip,119092
15-05-2023,4969.7348,Axis Bluechip,119092
12-05-2023,4966.2931,Axis Bluechip,119092
11-05-2023,4965.4888,Axis Bluechip,119092
10-05-2023,4964.5985,Axis Bluechip,119092
09-05-2023,4963.4563,Axis Bluechip,119092
08-05-2023,4962.7655,Axis Bluechip,119092
04-05-2023,4958.7909,Axis Bluechip,119092
03-05-2023,4957.8892,Axis Bluechip,119092
02-05-2023,4956.5376,Axis Bluechip,119092
28-04-2023,4953.5802,Axis Bluechip,119092
27-04-2023,4952.9107,Axis Bluechip,119092
26-04-2023,4952.2917,Axis Bluechip,119092
25-04-2023,4951.2321,Axis Bluechip,119092
24-04-2023,4950.3,Axis Bluechip,119092
21-04-2023,4947.616,Axis Bluechip,119092
20-04-2023,4946.6385,Axis Bluechip,119092
19-04-2023,4945.6851,Axis Bluechip,119092
18-04-2023,4944.4691,Axis Bluechip,119092
17-04-2023,4942.8765,Axis Bluechip,119092
13-04-2023,4938.9491,Axis Bluechip,119092
12-04-2023,4937.7767,Axis Bluechip,119092
11-04-2023,4935.9458,Axis Bluechip,119092
10-04-2023,4935.0426,Axis Bluechip,119092
06-04-2023,4930.1761,Axis Bluechip,119092
05-04-2023,4926.3066,Axis Bluechip,119092
03-04-2023,4924.5576,Axis Bluechip,119092
31-03-2023,4921.7155,Axis Bluechip,119092
29-03-2023,4915.7024,Axis Bluechip,119092
28-03-2023,4911.9693,Axis Bluechip,119092
27-03-2023,4911.3784,Axis Bluechip,119092
24-03-2023,4909.7777,Axis Bluechip,119092
23-03-2023,4909.366,Axis Bluechip,119092
21-03-2023,4906.6467,Axis Bluechip,119092
20-03-2023,4904.6736,Axis Bluechip,119092
17-03-2023,4900.9665,Axis Bluechip,119092
16-03-2023,4900.3,Axis Bluechip,119092
15-03-2023,4899.9024,Axis Bluechip,119092
14-03-2023,4899.157,Axis Bluechip,119092
13-03-2023,4897.8864,Axis Bluechip,119092
10-03-2023,4892.7144,Axis Bluechip,119092
09-03-2023,4890.7312,Axis Bluechip,119092
08-03-2023,4889.4136,Axis Bluechip,119092
06-03-2023,4887.7219,Axis Bluechip,119092
03-03-2023,4884.9987,Axis Bluechip,119092
02-03-2023,4884.191,Axis Bluechip,119092
01-03-2023,4883.7542,Axis Bluechip,119092
28-02-2023,4883.0447,Axis Bluechip,119092
27-02-2023,4881.9457,Axis Bluechip,119092
24-02-2023,4879.8682,Axis Bluechip,119092
23-02-2023,4879.256,Axis Bluechip,119092
22-02-2023,4878.6066,Axis Bluechip,119092
21-02-2023,4878.2092,Axis Bluechip,119092
20-02-2023,4877.4781,Axis Bluechip,119092
17-02-2023,4875.0045,Axis Bluechip,119092
16-02-2023,4874.1626,Axis Bluechip,119092
15-02-2023,4873.2698,Axis Bluechip,119092
14-02-2023,4872.3521,Axis Bluechip,119092
13-02-2023,4871.84,Axis Bluechip,119092
10-02-2023,4868.889,Axis Bluechip,119092
09-02-2023,4867.6435,Axis Bluechip,119092
08-02-2023,4867.0541,Axis Bluechip,119092
07-02-2023,4866.7645,Axis Bluechip,119092
06-02-2023,4865.8858,Axis Bluechip,119092
03-02-2023,4863.0655,Axis Bluechip,119092
02-02-2023,4862.0712,Axis Bluechip,119092
01-02-2023,4860.9087,Axis Bluechip,119092
31-01-2023,4859.608,Axis Bluechip,119092
30-01-2023,4858.6105,Axis Bluechip,119092
27-01-2023,4856.2499,Axis Bluechip,119092
25-01-2023,4854.3406,Axis Bluechip,119092
24-01-2023,4853.5428,Axis Bluechip,119092
23-01-2023,4852.3769,Axis Bluechip,119092
20-01-2023,4850.3717,Axis Bluechip,119092
19-01-2023,4849.4433,Axis Bluechip,119092
18-01-2023,4848.4779,Axis Bluechip,119092
17-01-2023,4847.748,Axis Bluechip,119092
16-01-2023,4846.8968,Axis Bluechip,119092
13-01-2023,4844.4447,Axis Bluechip,119092
12-01-2023,4843.8117,Axis Bluechip,119092
11-01-2023,4842.8852,Axis Bluechip,119092
10-01-2023,4842.2513,Axis Bluechip,119092
09-01-2023,4841.5665,Axis Bluechip,119092
06-01-2023,4839.1205,Axis Bluechip,119092
05-01-2023,4838.2055,Axis Bluechip,119092
04-01-2023,4837.2825,Axis Bluechip,119092
03-01-2023,4836.6654,Axis Bluechip,119092
02-01-2023,4835.6726,Axis Bluechip,119092
30-12-2022,4832.4416,Axis Bluechip,119092
29-12-2022,4830.6366,Axis Bluechip,119092
28-12-2022,4829.6393,Axis Bluechip,119092
27-12-2022,4828.4262,Axis Bluechip,119092
26-12-2022,4827.4361,Axis Bluechip,119092
23-12-2022,4824.8666,Axis Bluechip,119092
22-12-2022,4823.8607,Axis Bluechip,119092
21-12-2022,4822.8082,Axis Bluechip,119092
20-12-2022,4821.9236,Axis Bluechip,119092
19-12-2022,4821.0899,Axis Bluechip,119092
16-12-2022,4818.3944,Axis Bluechip,119092
15-12-2022,4817.6496,Axis Bluechip,119092
14-12-2022,4816.8856,Axis Bluechip,119092
13-12-2022,4815.7694,Axis Bluechip,119092
12-12-2022,4814.8064,Axis Bluechip,119092
09-12-2022,4812.0976,Axis Bluechip,119092
08-12-2022,4810.9594,Axis Bluechip,119092
07-12-2022,4809.8806,Axis Bluechip,119092
06-12-2022,4809.7359,Axis Bluechip,119092
05-12-2022,4808.5531,Axis Bluechip,119092
02-12-2022,4805.6153,Axis Bluechip,119092
01-12-2022,4804.6714,Axis Bluechip,119092
30-11-2022,4803.702,Axis Bluechip,119092
29-11-2022,4802.6233,Axis Bluechip,119092
28-11-2022,4801.6441,Axis Bluechip,119092
25-11-2022,4798.8306,Axis Bluechip,119092
24-11-2022,4797.8653,Axis Bluechip,119092
23-11-2022,4797.0432,Axis Bluechip,119092
22-11-2022,4796.1731,Axis Bluechip,119092
21-11-2022,4795.592,Axis Bluechip,119092
18-11-2022,4792.9297,Axis Bluechip,119092
17-11-2022,4792.1498,Axis Bluechip,119092
16-11-2022,4790.8597,Axis Bluechip,119092
15-11-2022,4789.6235,Axis Bluechip,119092
14-11-2022,4788.6422,Axis Bluechip,119092
11-11-2022,4785.9519,Axis Bluechip,119092
10-11-2022,4784.6486,Axis Bluechip,119092
09-11-2022,4783.6951,Axis Bluechip,119092
07-11-2022,4782.0135,Axis Bluechip,119092
04-11-2022,4779.3106,Axis Bluechip,119092
03-11-2022,4778.3629,Axis Bluechip,119092
02-11-2022,4777.494,Axis Bluechip,119092
01-11-2022,4776.3935,Axis Bluechip,119092
31-10-2022,4775.3215,Axis Bluechip,119092
28-10-2022,4772.4939,Axis Bluechip,119092
27-10-2022,4771.9116,Axis Bluechip,119092
25-10-2022,4769.6382,Axis Bluechip,119092
21-10-2022,4766.0779,Axis Bluechip,119092
20-10-2022,4765.9275,Axis Bluechip,119092
19-10-2022,4765.3101,Axis Bluechip,119092
18-10-2022,4764.8776,Axis Bluechip,119092
17-10-2022,4763.8856,Axis Bluechip,119092
14-10-2022,4761.2049,Axis Bluechip,119092
13-10-2022,4760.9857,Axis Bluechip,119092
12-10-2022,4760.2893,Axis Bluechip,119092
11-10-2022,4759.9544,Axis Bluechip,119092
10-10-2022,4760.9666,Axis Bluechip,119092
07-10-2022,4759.8123,Axis Bluechip,119092
06-10-2022,4759.7043,Axis Bluechip,119092
04-10-2022,4758.2177,Axis Bluechip,119092
03-10-2022,4756.8968,Axis Bluechip,119092
30-09-2022,4753.1669,Axis Bluechip,119092
29-09-2022,4751.0903,Axis Bluechip,119092
28-09-2022,4748.7921,Axis Bluechip,119092
27-09-2022,4747.9878,Axis Bluechip,119092
26-09-2022,4748.9929,Axis Bluechip,119092
23-09-2022,4748.4249,Axis Bluechip,119092
22-09-2022,4748.3794,Axis Bluechip,119092
21-09-2022,4748.1439,Axis Bluechip,119092
20-09-2022,4748.1787,Axis Bluechip,119092
19-09-2022,4748.6951,Axis Bluechip,119092
16-09-2022,4746.4594,Axis Bluechip,119092
15-09-2022,4746.1608,Axis Bluechip,119092
14-09-2022,4746.0148,Axis Bluechip,119092
13-09-2022,4746.1654,Axis Bluechip,119092
12-09-2022,4745.6667,Axis Bluechip,119092
09-09-2022,4743.7475,Axis Bluechip,119092
08-09-2022,4743.0082,Axis Bluechip,119092
07-09-2022,4742.3355,Axis Bluechip,119092
06-09-2022,4741.5332,Axis Bluechip,119092
05-09-2022,4740.6276,Axis Bluechip,119092
02-09-2022,4738.0271,Axis Bluechip,119092
01-09-2022,4737.0132,Axis Bluechip,119092
30-08-2022,4735.4654,Axis Bluechip,119092
29-08-2022,4734.7974,Axis Bluechip,119092
26-08-2022,4732.6881,Axis Bluechip,119092
25-08-2022,4732.2661,Axis Bluechip,119092
24-08-2022,4731.7676,Axis Bluechip,119092
23-08-2022,4730.9164,Axis Bluechip,119092
22-08-2022,4730.0494,Axis Bluechip,119092
19-08-2022,4727.9443,Axis Bluechip,119092
18-08-2022,4727.0674,Axis Bluechip,119092
17-08-2022,4726.2839,Axis Bluechip,119092
12-08-2022,4722.2678,Axis Bluechip,119092
11-08-2022,4721.6218,Axis Bluechip,119092
10-08-2022,4720.8499,Axis Bluechip,119092
08-08-2022,4719.2694,Axis Bluechip,119092
05-08-2022,4717.2189,Axis Bluechip,119092
04-08-2022,4717.3196,Axis Bluechip,119092
03-08-2022,4716.4678,Axis Bluechip,119092
02-08-2022,4715.8905,Axis Bluechip,119092
01-08-2022,4714.5361,Axis Bluechip,119092
29-07-2022,4711.2872,Axis Bluechip,119092
28-07-2022,4710.3011,Axis Bluechip,119092
27-07-2022,4709.4904,Axis Bluechip,119092
26-07-2022,4709.6138,Axis Bluechip,119092
25-07-2022,4709.8015,Axis Bluechip,119092
22-07-2022,4707.6646,Axis Bluechip,119092
21-07-2022,4707.005,Axis Bluechip,119092
20-07-2022,4707.0615,Axis Bluechip,119092
19-07-2022,4706.7889,Axis Bluechip,119092
18-07-2022,4706.4281,Axis Bluechip,119092
15-07-2022,4704.6836,Axis Bluechip,119092
14-07-2022,4703.9887,Axis Bluechip,119092
13-07-2022,4703.3254,Axis Bluechip,119092
12-07-2022,4702.207,Axis Bluechip,119092
11-07-2022,4701.8292,Axis Bluechip,119092
08-07-2022,4699.9447,Axis Bluechip,119092
07-07-2022,4699.4328,Axis Bluechip,119092
06-07-2022,4698.6958,Axis Bluechip,119092
05-07-2022,4697.1427,Axis Bluechip,119092
04-07-2022,4695.8615,Axis Bluechip,119092
01-07-2022,4693.1419,Axis Bluechip,119092
30-06-2022,4691.8689,Axis Bluechip,119092
29-06-2022,4690.6171,Axis Bluechip,119092
28-06-2022,4690.0126,Axis Bluechip,119092
27-06-2022,4689.5122,Axis Bluechip,119092
24-06-2022,4687.3746,Axis Bluechip,119092
23-06-2022,4686.3543,Axis Bluechip,119092
22-06-2022,4685.4043,Axis Bluechip,119092
21-06-2022,4684.3607,Axis Bluechip,119092
20-06-2022,4683.6357,Axis Bluechip,119092
17-06-2022,4681.5415,Axis Bluechip,119092
16-06-2022,4681.3669,Axis Bluechip,119092
15-06-2022,4681.0599,Axis Bluechip,119092
14-06-2022,4680.7705,Axis Bluechip,119092
13-06-2022,4680.1182,Axis Bluechip,119092
10-06-2022,4678.9235,Axis Bluechip,119092
09-06-2022,4678.2477,Axis Bluechip,119092
08-06-2022,4677.4139,Axis Bluechip,119092
07-06-2022,4674.5003,Axis Bluechip,119092
06-06-2022,4675.7967,Axis Bluechip,119092
03-06-2022,4674.391,Axis Bluechip,119092
02-06-2022,4673.7496,Axis Bluechip,119092
01-06-2022,4673.3433,Axis Bluechip,119092
31-05-2022,4672.3555,Axis Bluechip,119092
30-05-2022,4671.509,Axis Bluechip,119092
27-05-2022,4669.7316,Axis Bluechip,119092
26-05-2022,4669.0501,Axis Bluechip,119092
25-05-2022,4668.4291,Axis Bluechip,119092
24-05-2022,4667.5383,Axis Bluechip,119092
23-05-2022,4666.596,Axis Bluechip,119092
20-05-2022,4664.2514,Axis Bluechip,119092
19-05-2022,4663.7603,Axis Bluechip,119092
18-05-2022,4663.6769,Axis Bluechip,119092
17-05-2022,4663.1568,Axis Bluechip,119092
13-05-2022,4660.4211,Axis Bluechip,119092
12-05-2022,4661.152,Axis Bluechip,119092
11-05-2022,4661.465,Axis Bluechip,119092
10-05-2022,4661.6695,Axis Bluechip,119092
09-05-2022,4661.0231,Axis Bluechip,119092
06-05-2022,4659.6753,Axis Bluechip,119092
05-05-2022,4659.8157,Axis Bluechip,119092
04-05-2022,4663.213,Axis Bluechip,119092
02-05-2022,4670.3438,Axis Bluechip,119092
29-04-2022,4668.6368,Axis Bluechip,119092
28-04-2022,4668.3986,Axis Bluechip,119092
27-04-2022,4667.9813,Axis Bluechip,119092
26-04-2022,4667.5017,Axis Bluechip,119092
25-04-2022,4667.0374,Axis Bluechip,119092
22-04-2022,4665.5094,Axis Bluechip,119092
21-04-2022,4665.1007,Axis Bluechip,119092
20-04-2022,4664.1992,Axis Bluechip,119092
19-04-2022,4663.0264,Axis Bluechip,119092
18-04-2022,4661.7632,Axis Bluechip,119092
13-04-2022,4658.6761,Axis Bluechip,119092
12-04-2022,4659.2025,Axis Bluechip,119092
11-04-2022,4658.4514,Axis Bluechip,119092
08-04-2022,4657.34,Axis Bluechip,119092
07-04-2022,4659.715,Axis Bluechip,119092
06-04-2022,4658.9033,Axis Bluechip,119092
05-04-2022,4657.8426,Axis Bluechip,119092
04-04-2022,4657.4126,Axis Bluechip,119092
31-03-2022,4654.7981,Axis Bluechip,119092
30-03-2022,4653.235,Axis Bluechip,119092
29-03-2022,4652.382,Axis Bluechip,119092
28-03-2022,4651.7928,Axis Bluechip,119092
25-03-2022,4649.9585,Axis Bluechip,119092
24-03-2022,4649.185,Axis Bluechip,119092
23-03-2022,4648.1251,Axis Bluechip,119092
22-03-2022,4647.284,Axis Bluechip,119092
21-03-2022,4646.9229,Axis Bluechip,119092
17-03-2022,4644.4722,Axis Bluechip,119092
16-03-2022,4643.7689,Axis Bluechip,119092
15-03-2022,4642.8394,Axis Bluechip,119092
14-03-2022,4641.6497,Axis Bluechip,119092
11-03-2022,4639.5085,Axis Bluechip,119092
10-03-2022,4638.5529,Axis Bluechip,119092
09-03-2022,4637.9572,Axis Bluechip,119092
08-03-2022,4637.4429,Axis Bluechip,119092
07-03-2022,4637.2965,Axis Bluechip,119092
04-03-2022,4635.9975,Axis Bluechip,119092
03-03-2022,4635.5449,Axis Bluechip,119092
02-03-2022,4636.0196,Axis Bluechip,119092
28-02-2022,4635.194,Axis Bluechip,119092
25-02-2022,4633.8466,Axis Bluechip,119092
24-02-2022,4633.3979,Axis Bluechip,119092
23-02-2022,4632.8729,Axis Bluechip,119092
22-02-2022,4632.2755,Axis Bluechip,119092
21-02-2022,4631.8507,Axis Bluechip,119092
18-02-2022,4630.4697,Axis Bluechip,119092
17-02-2022,4630.1005,Axis Bluechip,119092
16-02-2022,4629.5429,Axis Bluechip,119092
15-02-2022,4628.7003,Axis Bluechip,119092
14-02-2022,4627.9324,Axis Bluechip,119092
11-02-2022,4625.8896,Axis Bluechip,119092
10-02-2022,4625.1949,Axis Bluechip,119092
09-02-2022,4623.3864,Axis Bluechip,119092
08-02-2022,4622.9825,Axis Bluechip,119092
04-02-2022,4620.8555,Axis Bluechip,119092
03-02-2022,4620.4475,Axis Bluechip,119092
02-02-2022,4619.9429,Axis Bluechip,119092
01-02-2022,4620.5663,Axis Bluechip,119092
31-01-2022,4620.7865,Axis Bluechip,119092
28-01-2022,4619.2857,Axis Bluechip,119092
27-01-2022,4618.7539,Axis Bluechip,119092
25-01-2022,4618.0168,Axis Bluechip,119092
24-01-2022,4617.7111,Axis Bluechip,119092
21-01-2022,4616.2092,Axis Bluechip,119092
20-01-2022,4615.744,Axis Bluechip,119092
19-01-2022,4615.2395,Axis Bluechip,119092
18-01-2022,4615.3083,Axis Bluechip,119092
17-01-2022,4614.8942,Axis Bluechip,119092
14-01-2022,4613.4875,Axis Bluechip,119092
13-01-2022,4612.896,Axis Bluechip,119092
12-01-2022,4612.1668,Axis Bluechip,119092
11-01-2022,4611.553,Axis Bluechip,119092
10-01-2022,4611.0181,Axis Bluechip,119092
07-01-2022,4609.615,Axis Bluechip,119092
06-01-2022,4609.1648,Axis Bluechip,119092
05-01-2022,4608.5927,Axis Bluechip,119092
04-01-2022,4607.9349,Axis Bluechip,119092
03-01-2022,4607.4503,Axis Bluechip,119092
31-12-2021,4605.4674,Axis Bluechip,119092
30-12-2021,4604.8427,Axis Bluechip,119092
29-12-2021,4604.2224,Axis Bluechip,119092
28-12-2021,4603.583,Axis Bluechip,119092
27-12-2021,4603.0952,Axis Bluechip,119092
24-12-2021,4601.4172,Axis Bluechip,119092
23-12-2021,4600.6583,Axis Bluechip,119092
22-12-2021,4600.4721,Axis Bluechip,119092
21-12-2021,4600.15,Axis Bluechip,119092
20-12-2021,4599.9703,Axis Bluechip,119092
17-12-2021,4598.6221,Axis Bluechip,119092
16-12-2021,4598.1818,Axis Bluechip,119092
15-12-2021,4598.1811,Axis Bluechip,119092
14-12-2021,4597.7966,Axis Bluechip,119092
13-12-2021,4597.4011,Axis Bluechip,119092
10-12-2021,4595.9446,Axis Bluechip,119092
09-12-2021,4595.4849,Axis Bluechip,119092
08-12-2021,4595.1205,Axis Bluechip,119092
07-12-2021,4594.1589,Axis Bluechip,119092
06-12-2021,4593.7536,Axis Bluechip,119092
03-12-2021,4592.389,Axis Bluechip,119092
02-12-2021,4591.9844,Axis Bluechip,119092
01-12-2021,4591.4405,Axis Bluechip,119092
30-11-2021,4590.8319,Axis Bluechip,119092
29-11-2021,4590.1587,Axis Bluechip,119092
26-11-2021,4588.7366,Axis Bluechip,119092
25-11-2021,4588.3537,Axis Bluechip,119092
24-11-2021,4587.9394,Axis Bluechip,119092
23-11-2021,4587.4715,Axis Bluechip,119092
22-11-2021,4586.9664,Axis Bluechip,119092
18-11-2021,4585.2098,Axis Bluechip,119092
17-11-2021,4584.6403,Axis Bluechip,119092
16-11-2021,4584.2467,Axis Bluechip,119092
15-11-2021,4583.8046,Axis Bluechip,119092
12-11-2021,4582.2852,Axis Bluechip,119092
11-11-2021,4581.6809,Axis Bluechip,119092
10-11-2021,4581.0272,Axis Bluechip,119092
09-11-2021,4580.4955,Axis Bluechip,119092
08-11-2021,4579.5727,Axis Bluechip,119092
03-11-2021,4576.4689,Axis Bluechip,119092
02-11-2021,4575.5992,Axis Bluechip,119092
01-11-2021,4574.986,Axis Bluechip,119092
29-10-2021,4573.74,Axis Bluechip,119092
28-10-2021,4573.4098,Axis Bluechip,119092
27-10-2021,4573.0305,Axis Bluechip,119092
26-10-2021,4573.5217,Axis Bluechip,119092
25-10-2021,4573.4961,Axis Bluechip,119092
22-10-2021,4572.6342,Axis Bluechip,119092
21-10-2021,4572.1817,Axis Bluechip,119092
20-10-2021,4571.9803,Axis Bluechip,119092
18-10-2021,4571.3598,Axis Bluechip,119092
14-10-2021,4569.9784,Axis Bluechip,119092
13-10-2021,4569.5195,Axis Bluechip,119092
12-10-2021,4568.8408,Axis Bluechip,119092
11-10-2021,4568.1669,Axis Bluechip,119092
08-10-2021,4566.5165,Axis Bluechip,119092
07-10-2021,4565.7022,Axis Bluechip,119092
06-10-2021,4565.1852,Axis Bluechip,119092
05-10-2021,4565.2211,Axis Bluechip,119092
04-10-2021,4564.9696,Axis Bluechip,119092
01-10-2021,4563.6192,Axis Bluechip,119092
30-09-2021,4563.0293,Axis Bluechip,119092
29-09-2021,4562.4166,Axis Bluechip,119092
28-09-2021,4562.483,Axis Bluechip,119092
27-09-2021,4562.3518,Axis Bluechip,119092
24-09-2021,4561.1966,Axis Bluechip,119092
23-09-2021,4561.2573,Axis Bluechip,119092
22-09-2021,4560.91,Axis Bluechip,119092
21-09-2021,4560.6421,Axis Bluechip,119092
20-09-2021,4560.2789,Axis Bluechip,119092
17-09-2021,4559.0493,Axis Bluechip,119092
16-09-2021,4558.655,Axis Bluechip,119092
15-09-2021,4558.2018,Axis Bluechip,119092
14-09-2021,4557.8197,Axis Bluechip,119092
13-09-2021,4557.4219,Axis Bluechip,119092
09-09-2021,4555.6384,Axis Bluechip,119092
08-09-2021,4555.4089,Axis Bluechip,119092
07-09-2021,4555.0241,Axis Bluechip,119092
06-09-2021,4554.5542,Axis Bluechip,119092
03-09-2021,4553.2738,Axis Bluechip,119092
02-09-2021,4552.8055,Axis Bluechip,119092
01-09-2021,4552.2255,Axis Bluechip,119092
31-08-2021,4551.4992,Axis Bluechip,119092
30-08-2021,4550.9194,Axis Bluechip,119092
27-08-2021,4549.409,Axis Bluechip,119092
26-08-2021,4548.8911,Axis Bluechip,119092
25-08-2021,4548.137,Axis Bluechip,119092
24-08-2021,4547.5631,Axis Bluechip,119092
23-08-2021,4547.064,Axis Bluechip,119092
20-08-2021,4545.6082,Axis Bluechip,119092
18-08-2021,4544.369,Axis Bluechip,119092
17-08-2021,4543.6675,Axis Bluechip,119092
13-08-2021,4541.514,Axis Bluechip,119092
12-08-2021,4540.6884,Axis Bluechip,119092
11-08-2021,4540.0409,Axis Bluechip,119092
10-08-2021,4539.454,Axis Bluechip,119092
09-08-2021,4538.8371,Axis Bluechip,119092
06-08-2021,4537.4717,Axis Bluechip,119092
05-08-2021,4537.1769,Axis Bluechip,119092
04-08-2021,4536.662,Axis Bluechip,119092
03-08-2021,4536.3556,Axis Bluechip,119092
02-08-2021,4535.6836,Axis Bluechip,119092
30-07-2021,4534.3983,Axis Bluechip,119092
29-07-2021,4533.9504,Axis Bluechip,119092
28-07-2021,4533.5097,Axis Bluechip,119092
27-07-2021,4533.1232,Axis Bluechip,119092
26-07-2021,4532.5506,Axis Bluechip,119092
23-07-2021,4531.0993,Axis Bluechip,119092
22-07-2021,4530.3651,Axis Bluechip,119092
20-07-2021,4529.3921,Axis Bluechip,119092
19-07-2021,4528.742,Axis Bluechip,119092
16-07-2021,4527.471,Axis Bluechip,119092
15-07-2021,4526.8605,Axis Bluechip,119092
14-07-2021,4526.2224,Axis Bluechip,119092
13-07-2021,4525.6012,Axis Bluechip,119092
12-07-2021,4524.9864,Axis Bluechip,119092
09-07-2021,4523.1592,Axis Bluechip,119092
08-07-2021,4522.7454,Axis Bluechip,119092
07-07-2021,4522.0571,Axis Bluechip,119092
06-07-2021,4521.2033,Axis Bluechip,119092
05-07-2021,4520.9592,Axis Bluechip,119092
02-07-2021,4519.4941,Axis Bluechip,119092
01-07-2021,4518.9259,Axis Bluechip,119092
30-06-2021,4518.1507,Axis Bluechip,119092
29-06-2021,4517.5694,Axis Bluechip,119092
28-06-2021,4517.0898,Axis Bluechip,119092
25-06-2021,4515.6842,Axis Bluechip,119092
24-06-2021,4515.3187,Axis Bluechip,119092
23-06-2021,4514.7703,Axis Bluechip,119092
22-06-2021,4514.3497,Axis Bluechip,119092
21-06-2021,4513.9233,Axis Bluechip,119092
18-06-2021,4512.2908,Axis Bluechip,119092
17-06-2021,4511.8824,Axis Bluechip,119092
16-06-2021,4511.8944,Axis Bluechip,119092
15-06-2021,4511.9268,Axis Bluechip,119092
14-06-2021,4511.535,Axis Bluechip,119092
11-06-2021,4510.308,Axis Bluechip,119092
10-06-2021,4509.6472,Axis Bluechip,119092
09-06-2021,4508.9667,Axis Bluechip,119092
08-06-2021,4508.225,Axis Bluechip,119092
07-06-2021,4507.6293,Axis Bluechip,119092
04-06-2021,4506.0013,Axis Bluechip,119092
03-06-2021,4505.6101,Axis Bluechip,119092
02-06-2021,4505.1471,Axis Bluechip,119092
01-06-2021,4504.7396,Axis Bluechip,119092
31-05-2021,4504.3495,Axis Bluechip,119092
28-05-2021,4502.9636,Axis Bluechip,119092
27-05-2021,4502.2382,Axis Bluechip,119092
25-05-2021,4501.4732,Axis Bluechip,119092
24-05-2021,4501.066,Axis Bluechip,119092
21-05-2021,4499.7996,Axis Bluechip,119092
20-05-2021,4499.0528,Axis Bluechip,119092
19-05-2021,4498.6005,Axis Bluechip,119092
18-05-2021,4498.0406,Axis Bluechip,119092
17-05-2021,4497.5124,Axis Bluechip,119092
14-05-2021,4496.1837,Axis Bluechip,119092
12-05-2021,4495.2501,Axis Bluechip,119092
11-05-2021,4494.945,Axis Bluechip,119092
10-05-2021,4494.3427,Axis Bluechip,119092
07-05-2021,4493.4725,Axis Bluechip,119092
06-05-2021,4493.103,Axis Bluechip,119092
05-05-2021,4492.6502,Axis Bluechip,119092
04-05-2021,4492.1951,Axis Bluechip,119092
03-05-2021,4492.0127,Axis Bluechip,119092
30-04-2021,4490.4089,Axis Bluechip,119092
29-04-2021,4489.9035,Axis Bluechip,119092
28-04-2021,4489.4762,Axis Bluechip,119092
27-04-2021,4488.2324,Axis Bluechip,119092
26-04-2021,4487.6174,Axis Bluechip,119092
23-04-2021,4485.6071,Axis Bluechip,119092
22-04-2021,4485.0802,Axis Bluechip,119092
20-04-2021,4483.5807,Axis Bluechip,119092
19-04-2021,4482.8,Axis Bluechip,119092
16-04-2021,4481.1175,Axis Bluechip,119092
15-04-2021,4480.5651,Axis Bluechip,119092
12-04-2021,4479.0713,Axis Bluechip,119092
09-04-2021,4478.2206,Axis Bluechip,119092
08-04-2021,4478.0318,Axis Bluechip,119092
07-04-2021,4478.1117,Axis Bluechip,119092
06-04-2021,4477.6359,Axis Bluechip,119092
05-04-2021,4476.1675,Axis Bluechip,119092
31-03-2021,4473.9244,Axis Bluechip,119092
30-03-2021,4472.8737,Axis Bluechip,119092
26-03-2021,4469.9225,Axis Bluechip,119092
25-03-2021,4468.9404,Axis Bluechip,119092
24-03-2021,4468.1462,Axis Bluechip,119092
23-03-2021,4466.5438,Axis Bluechip,119092
22-03-2021,4465.6383,Axis Bluechip,119092
19-03-2021,4463.914,Axis Bluechip,119092
18-03-2021,4462.2661,Axis Bluechip,119092
17-03-2021,4461.5584,Axis Bluechip,119092
16-03-2021,4461.0828,Axis Bluechip,119092
15-03-2021,4460.4413,Axis Bluechip,119092
12-03-2021,4459.6068,Axis Bluechip,119092
10-03-2021,4458.656,Axis Bluechip,119092
09-03-2021,4458.0172,Axis Bluechip,119092
08-03-2021,4457.7421,Axis Bluechip,119092
05-03-2021,4456.5838,Axis Bluechip,119092
04-03-2021,4456.1148,Axis Bluechip,119092
03-03-2021,4455.677,Axis Bluechip,119092
02-03-2021,4455.2571,Axis Bluechip,119092
01-03-2021,4454.8733,Axis Bluechip,119092
26-02-2021,4453.6563,Axis Bluechip,119092
25-02-2021,4453.3035,Axis Bluechip,119092
24-02-2021,4452.953,Axis Bluechip,119092
23-02-2021,4452.2577,Axis Bluechip,119092
22-02-2021,4451.8057,Axis Bluechip,119092
18-02-2021,4450.5729,Axis Bluechip,119092
17-02-2021,4449.9012,Axis Bluechip,119092
16-02-2021,4449.1908,Axis Bluechip,119092
15-02-2021,4448.4874,Axis Bluechip,119092
12-02-2021,4447.0261,Axis Bluechip,119092
11-02-2021,4446.5639,Axis Bluechip,119092
10-02-2021,4446.1385,Axis Bluechip,119092
09-02-2021,4445.4434,Axis Bluechip,119092
08-02-2021,4445.1846,Axis Bluechip,119092
05-02-2021,4443.9176,Axis Bluechip,119092
04-02-2021,4443.3787,Axis Bluechip,119092
03-02-2021,4443.0069,Axis Bluechip,119092
02-02-2021,4442.9783,Axis Bluechip,119092
01-02-2021,4442.5021,Axis Bluechip,119092
29-01-2021,4441.4099,Axis Bluechip,119092
28-01-2021,4440.9624,Axis Bluechip,119092
27-01-2021,4440.4967,Axis Bluechip,119092
25-01-2021,4439.8445,Axis Bluechip,119092
22-01-2021,4438.5359,Axis Bluechip,119092
21-01-2021,4438.1325,Axis Bluechip,119092
20-01-2021,4437.6557,Axis Bluechip,119092
19-01-2021,4437.2276,Axis Bluechip,119092
18-01-2021,4437.2077,Axis Bluechip,119092
15-01-2021,4436.2347,Axis Bluechip,119092
14-01-2021,4435.8973,Axis Bluechip,119092
13-01-2021,4436.0023,Axis Bluechip,119092
12-01-2021,4435.5524,Axis Bluechip,119092
11-01-2021,4435.3463,Axis Bluechip,119092
08-01-2021,4434.766,Axis Bluechip,119092
07-01-2021,4434.4073,Axis Bluechip,119092
06-01-2021,4434.2321,Axis Bluechip,119092
05-01-2021,4434.0473,Axis Bluechip,119092
04-01-2021,4433.6173,Axis Bluechip,119092
01-01-2021,4432.2723,Axis Bluechip,119092
31-12-2020,4431.6311,Axis Bluechip,119092
30-12-2020,4431.1016,Axis Bluechip,119092
29-12-2020,4430.3893,Axis Bluechip,119092
28-12-2020,4429.8268,Axis Bluechip,119092
24-12-2020,4428.2037,Axis Bluechip,119092
23-12-2020,4427.7459,Axis Bluechip,119092
22-12-2020,4427.3621,Axis Bluechip,119092
21-12-2020,4426.9505,Axis Bluechip,119092
18-12-2020,4425.6665,Axis Bluechip,119092
17-12-2020,4425.2074,Axis Bluechip,119092
16-12-2020,4424.8852,Axis Bluechip,119092
15-12-2020,4424.5835,Axis Bluechip,119092
14-12-2020,4424.3118,Axis Bluechip,119092
11-12-2020,4423.1467,Axis Bluechip,119092
10-12-2020,4422.6387,Axis Bluechip,119092
09-12-2020,4422.082,Axis Bluechip,119092
08-12-2020,4421.9973,Axis Bluechip,119092
07-12-2020,4421.93,Axis Bluechip,119092
04-12-2020,4420.5672,Axis Bluechip,119092
03-12-2020,4419.9119,Axis Bluechip,119092
02-12-2020,4419.5547,Axis Bluechip,119092
01-12-2020,4419.9359,Axis Bluechip,119092
27-11-2020,4418.6432,Axis Bluechip,119092
26-11-2020,4418.0768,Axis Bluechip,119092
25-11-2020,4417.2969,Axis Bluechip,119092
24-11-2020,4416.7467,Axis Bluechip,119092
23-11-2020,4416.5255,Axis Bluechip,119092
20-11-2020,4415.3233,Axis Bluechip,119092
19-11-2020,4414.744,Axis Bluechip,119092
18-11-2020,4413.7605,Axis Bluechip,119092
17-11-2020,4413.0101,Axis Bluechip,119092
13-11-2020,4411.2065,Axis Bluechip,119092
12-11-2020,4410.5149,Axis Bluechip,119092
11-11-2020,4409.8311,Axis Bluechip,119092
10-11-2020,4409.1968,Axis Bluechip,119092
09-11-2020,4408.6502,Axis Bluechip,119092
06-11-2020,4407.199,Axis Bluechip,119092
05-11-2020,4406.7614,Axis Bluechip,119092
04-11-2020,4406.2541,Axis Bluechip,119092
03-11-2020,4405.5861,Axis Bluechip,119092
02-11-2020,4405.1472,Axis Bluechip,119092
29-10-2020,4403.6062,Axis Bluechip,119092
28-10-2020,4403.2058,Axis Bluechip,119092
27-10-2020,4402.6028,Axis Bluechip,119092
26-10-2020,4402.2426,Axis Bluechip,119092
23-10-2020,4400.7309,Axis Bluechip,119092
22-10-2020,4400.195,Axis Bluechip,119092
21-10-2020,4399.7853,Axis Bluechip,119092
20-10-2020,4399.2865,Axis Bluechip,119092
19-10-2020,4398.6908,Axis Bluechip,119092
16-10-2020,4397.261,Axis Bluechip,119092
15-10-2020,4396.7317,Axis Bluechip,119092
14-10-2020,4396.2372,Axis Bluechip,119092
13-10-2020,4395.391,Axis Bluechip,119092
12-10-2020,4395.1137,Axis Bluechip,119092
09-10-2020,4393.6484,Axis Bluechip,119092
08-10-2020,4393.0146,Axis Bluechip,119092
07-10-2020,4392.2027,Axis Bluechip,119092
06-10-2020,4390.6895,Axis Bluechip,119092
05-10-2020,4389.4847,Axis Bluechip,119092
01-10-2020,4386.904,Axis Bluechip,119092
30-09-2020,4386.1231,Axis Bluechip,119092
29-09-2020,4385.4487,Axis Bluechip,119092
28-09-2020,4384.6086,Axis Bluechip,119092
25-09-2020,4383.1713,Axis Bluechip,119092
24-09-2020,4382.6886,Axis Bluechip,119092
23-09-2020,4382.387,Axis Bluechip,119092
22-09-2020,4382.1581,Axis Bluechip,119092
21-09-2020,4381.6926,Axis Bluechip,119092
18-09-2020,4380.2814,Axis Bluechip,119092
17-09-2020,4379.9396,Axis Bluechip,119092
16-09-2020,4379.3179,Axis Bluechip,119092
15-09-2020,4379.0681,Axis Bluechip,119092
14-09-2020,4378.5847,Axis Bluechip,119092
11-09-2020,4377.2109,Axis Bluechip,119092
10-09-2020,4376.749,Axis Bluechip,119092
09-09-2020,4376.598,Axis Bluechip,119092
08-09-2020,4376.2118,Axis Bluechip,119092
07-09-2020,4375.9053,Axis Bluechip,119092
04-09-2020,4374.4488,Axis Bluechip,119092
03-09-2020,4373.9936,Axis Bluechip,119092
02-09-2020,4373.5889,Axis Bluechip,119092
01-09-2020,4373.4455,Axis Bluechip,119092
31-08-2020,4372.3045,Axis Bluechip,119092
28-08-2020,4370.9404,Axis Bluechip,119092
27-08-2020,4370.2899,Axis Bluechip,119092
26-08-2020,4369.8086,Axis Bluechip,119092
25-08-2020,4369.0401,Axis Bluechip,119092
24-08-2020,4369.1162,Axis Bluechip,119092
21-08-2020,4368.2559,Axis Bluechip,119092
20-08-2020,4367.337,Axis Bluechip,119092
19-08-2020,4366.3028,Axis Bluechip,119092
18-08-2020,4365.6229,Axis Bluechip,119092
17-08-2020,4363.6971,Axis Bluechip,119092
14-08-2020,4362.347,Axis Bluechip,119092
13-08-2020,4361.8782,Axis Bluechip,119092
12-08-2020,4361.3494,Axis Bluechip,119092
11-08-2020,4360.7977,Axis Bluechip,119092
10-08-2020,4360.0294,Axis Bluechip,119092
07-08-2020,4358.6338,Axis Bluechip,119092
06-08-2020,4359.1377,Axis Bluechip,119092
05-08-2020,4358.5009,Axis Bluechip,119092
04-08-2020,4357.4592,Axis Bluechip,119092
03-08-2020,4356.3316,Axis Bluechip,119092
31-07-2020,4355.1666,Axis Bluechip,119092
30-07-2020,4354.5685,Axis Bluechip,119092
29-07-2020,4353.8404,Axis Bluechip,119092
28-07-2020,4353.6483,Axis Bluechip,119092
27-07-2020,4353.5207,Axis Bluechip,119092
24-07-2020,4351.8154,Axis Bluechip,119092
23-07-2020,4351.7062,Axis Bluechip,119092
22-07-2020,4351.1503,Axis Bluechip,119092
21-07-2020,4350.8257,Axis Bluechip,119092
20-07-2020,4349.7322,Axis Bluechip,119092
17-07-2020,4348.386,Axis Bluechip,119092
16-07-2020,4347.9358,Axis Bluechip,119092
15-07-2020,4347.4749,Axis Bluechip,119092
14-07-2020,4346.9559,Axis Bluechip,119092
13-07-2020,4348.2801,Axis Bluechip,119092
10-07-2020,4345.9608,Axis Bluechip,119092
09-07-2020,4344.087,Axis Bluechip,119092
08-07-2020,4343.2338,Axis Bluechip,119092
07-07-2020,4341.1793,Axis Bluechip,119092
06-07-2020,4339.2371,Axis Bluechip,119092
03-07-2020,4336.8755,Axis Bluechip,119092
02-07-2020,4333.5809,Axis Bluechip,119092
01-07-2020,4332.0976,Axis Bluechip,119092
30-06-2020,4330.1984,Axis Bluechip,119092
29-06-2020,4329.6449,Axis Bluechip,119092
26-06-2020,4329.9344,Axis Bluechip,119092
25-06-2020,4328.6429,Axis Bluechip,119092
24-06-2020,4327.9788,Axis Bluechip,119092
23-06-2020,4327.428,Axis Bluechip,119092
22-06-2020,4325.789,Axis Bluechip,119092
19-06-2020,4326.3408,Axis Bluechip,119092
18-06-2020,4324.4248,Axis Bluechip,119092
17-06-2020,4318.5464,Axis Bluechip,119092
16-06-2020,4317.8417,Axis Bluechip,119092
15-06-2020,4315.1713,Axis Bluechip,119092
12-06-2020,4311.2397,Axis Bluechip,119092
11-06-2020,4310.1565,Axis Bluechip,119092
10-06-2020,4307.0927,Axis Bluechip,119092
09-06-2020,4305.7632,Axis Bluechip,119092
08-06-2020,4305.6172,Axis Bluechip,119092
05-06-2020,4303.6425,Axis Bluechip,119092
04-06-2020,4302.9475,Axis Bluechip,119092
03-06-2020,4303.7694,Axis Bluechip,119092
02-06-2020,4303.0421,Axis Bluechip,119092
01-06-2020,4303.6551,Axis Bluechip,119092
29-05-2020,4301.7625,Axis Bluechip,119092
28-05-2020,4305.9734,Axis Bluechip,119092
27-05-2020,4306.1167,Axis Bluechip,119092
26-05-2020,4306.032,Axis Bluechip,119092
22-05-2020,4299.3833,Axis Bluechip,119092
21-05-2020,4294.3552,Axis Bluechip,119092
20-05-2020,4289.6827,Axis Bluechip,119092
19-05-2020,4288.6721,Axis Bluechip,119092
18-05-2020,4284.9352,Axis Bluechip,119092
15-05-2020,4275.9992,Axis Bluechip,119092
14-05-2020,4271.4229,Axis Bluechip,119092
13-05-2020,4270.8111,Axis Bluechip,119092
12-05-2020,4271.4274,Axis Bluechip,119092
11-05-2020,4265.7032,Axis Bluechip,119092
08-05-2020,4264.2386,Axis Bluechip,119092
06-05-2020,4260.1611,Axis Bluechip,119092
05-05-2020,4257.3671,Axis Bluechip,119092
04-05-2020,4254.1526,Axis Bluechip,119092
30-04-2020,4250.8578,Axis Bluechip,119092
29-04-2020,4246.2017,Axis Bluechip,119092
28-04-2020,4245.0076,Axis Bluechip,119092
27-04-2020,4250.8959,Axis Bluechip,119092
24-04-2020,4253.9022,Axis Bluechip,119092
23-04-2020,4257.8975,Axis Bluechip,119092
22-04-2020,4251.0201,Axis Bluechip,119092
21-04-2020,4248.4573,Axis Bluechip,119092
20-04-2020,4241.9107,Axis Bluechip,119092
17-04-2020,4235.9524,Axis Bluechip,119092
16-04-2020,4224.6042,Axis Bluechip,119092
15-04-2020,4223.0994,Axis Bluechip,119092
13-04-2020,4222.2748,Axis Bluechip,119092
09-04-2020,4221.4016,Axis Bluechip,119092
08-04-2020,4225.2022,Axis Bluechip,119092
07-04-2020,4228.7396,Axis Bluechip,119092
03-04-2020,4223.1814,Axis Bluechip,119092
31-03-2020,4219.8368,Axis Bluechip,119092
30-03-2020,4218.4355,Axis Bluechip,119092
27-03-2020,4212.5014,Axis Bluechip,119092
26-03-2020,4156.2809,Axis Bluechip,119092
24-03-2020,4144.3512,Axis Bluechip,119092
23-03-2020,4152.1616,Axis Bluechip,119092
20-03-2020,4163.0671,Axis Bluechip,119092
19-03-2020,4164.2442,Axis Bluechip,119092
18-03-2020,4186.9181,Axis Bluechip,119092
17-03-2020,4193.9895,Axis Bluechip,119092
16-03-2020,4195.5139,Axis Bluechip,119092
13-03-2020,4195.2449,Axis Bluechip,119092
12-03-2020,4199.1631,Axis Bluechip,119092
11-03-2020,4202.8702,Axis Bluechip,119092
09-03-2020,4202.7078,Axis Bluechip,119092
06-03-2020,4200.6749,Axis Bluechip,119092
05-03-2020,4200.1656,Axis Bluechip,119092
04-03-2020,4198.9729,Axis Bluechip,119092
03-03-2020,4195.0644,Axis Bluechip,119092
02-03-2020,4194.6776,Axis Bluechip,119092
28-02-2020,4192.8719,Axis Bluechip,119092
27-02-2020,4192.7871,Axis Bluechip,119092
26-02-2020,4192.2986,Axis Bluechip,119092
25-02-2020,4191.6676,Axis Bluechip,119092
24-02-2020,4190.8455,Axis Bluechip,119092
20-02-2020,4188.3871,Axis Bluechip,119092
18-02-2020,4187.2739,Axis Bluechip,119092
17-02-2020,4186.7668,Axis Bluechip,119092
14-02-2020,4184.71,Axis Bluechip,119092
13-02-2020,4184.0904,Axis Bluechip,119092
12-02-2020,4182.7922,Axis Bluechip,119092
11-02-2020,4182.0429,Axis Bluechip,119092
10-02-2020,4181.1499,Axis Bluechip,119092
07-02-2020,4178.8921,Axis Bluechip,119092
06-02-2020,4178.0239,Axis Bluechip,119092
05-02-2020,4175.5676,Axis Bluechip,119092
04-02-2020,4174.93,Axis Bluechip,119092
03-02-2020,4174.2552,Axis Bluechip,119092
31-01-2020,4172.3693,Axis Bluechip,119092
30-01-2020,4171.7595,Axis Bluechip,119092
29-01-2020,4171.1131,Axis Bluechip,119092
28-01-2020,4170.5021,Axis Bluechip,119092
27-01-2020,4169.8989,Axis Bluechip,119092
24-01-2020,4168.047,Axis Bluechip,119092
23-01-2020,4167.2712,Axis Bluechip,119092
22-01-2020,4166.5799,Axis Bluechip,119092
21-01-2020,4165.9471,Axis Bluechip,119092
20-01-2020,4165.2638,Axis Bluechip,119092
17-01-2020,4163.4425,Axis Bluechip,119092
16-01-2020,4162.7975,Axis Bluechip,119092
15-01-2020,4162.2102,Axis Bluechip,119092
14-01-2020,4161.7101,Axis Bluechip,119092
13-01-2020,4161.2805,Axis Bluechip,119092
10-01-2020,4159.6197,Axis Bluechip,119092
09-01-2020,4159.2962,Axis Bluechip,119092
08-01-2020,4158.7589,Axis Bluechip,119092
07-01-2020,4158.2403,Axis Bluechip,119092
06-01-2020,4157.6608,Axis Bluechip,119092
03-01-2020,4155.873,Axis Bluechip,119092
02-01-2020,4155.3529,Axis Bluechip,119092
01-01-2020,4154.2506,Axis Bluechip,119092
31-12-2019,4153.5751,Axis Bluechip,119092
30-12-2019,4152.9985,Axis Bluechip,119092
27-12-2019,4151.2058,Axis Bluechip,119092
26-12-2019,4150.4387,Axis Bluechip,119092
24-12-2019,4149.2295,Axis Bluechip,119092
23-12-2019,4148.6422,Axis Bluechip,119092
20-12-2019,4146.8586,Axis Bluechip,119092
19-12-2019,4146.3861,Axis Bluechip,119092
18-12-2019,4145.708,Axis Bluechip,119092
17-12-2019,4145.1513,Axis Bluechip,119092
16-12-2019,4144.5725,Axis Bluechip,119092
13-12-2019,4142.7981,Axis Bluechip,119092
12-12-2019,4142.2277,Axis Bluechip,119092
11-12-2019,4141.6075,Axis Bluechip,119092
10-12-2019,4140.8362,Axis Bluechip,119092
09-12-2019,4140.0144,Axis Bluechip,119092
06-12-2019,4137.8932,Axis Bluechip,119092
05-12-2019,4137.1591,Axis Bluechip,119092
04-12-2019,4138.0105,Axis Bluechip,119092
03-12-2019,4137.4286,Axis Bluechip,119092
02-12-2019,4136.7004,Axis Bluechip,119092
29-11-2019,4134.6499,Axis Bluechip,119092
28-11-2019,4133.5488,Axis Bluechip,119092
27-11-2019,4132.7466,Axis Bluechip,119092
26-11-2019,4131.7613,Axis Bluechip,119092
25-11-2019,4131.1444,Axis Bluechip,119092
22-11-2019,4129.247,Axis Bluechip,119092
21-11-2019,4128.5649,Axis Bluechip,119092
20-11-2019,4127.8978,Axis Bluechip,119092
19-11-2019,4127.0449,Axis Bluechip,119092
18-11-2019,4126.3854,Axis Bluechip,119092
15-11-2019,4124.4226,Axis Bluechip,119092
14-11-2019,4123.4278,Axis Bluechip,119092
13-11-2019,4122.6082,Axis Bluechip,119092
11-11-2019,4120.8564,Axis Bluechip,119092
08-11-2019,4118.4667,Axis Bluechip,119092
07-11-2019,4117.7945,Axis Bluechip,119092
06-11-2019,4117.083,Axis Bluechip,119092
05-11-2019,4117.7223,Axis Bluechip,119092
04-11-2019,4117.1046,Axis Bluechip,119092
01-11-2019,4115.088,Axis Bluechip,119092
31-10-2019,4114.4383,Axis Bluechip,119092
30-10-2019,4113.437,Axis Bluechip,119092
29-10-2019,4111.1441,Axis Bluechip,119092
25-10-2019,4108.466,Axis Bluechip,119092
24-10-2019,4107.7561,Axis Bluechip,119092
23-10-2019,4106.5247,Axis Bluechip,119092
22-10-2019,4105.7837,Axis Bluechip,119092
18-10-2019,4103.1342,Axis Bluechip,119092
17-10-2019,4102.4534,Axis Bluechip,119092
16-10-2019,4101.6695,Axis Bluechip,119092
15-10-2019,4100.5496,Axis Bluechip,119092
14-10-2019,4099.607,Axis Bluechip,119092
11-10-2019,4097.3811,Axis Bluechip,119092
10-10-2019,4095.9991,Axis Bluechip,119092
09-10-2019,4095.094,Axis Bluechip,119092
07-10-2019,4093.774,Axis Bluechip,119092
04-10-2019,4091.1895,Axis Bluechip,119092
03-10-2019,4089.831,Axis Bluechip,119092
01-10-2019,4088.1697,Axis Bluechip,119092
30-09-2019,4086.2243,Axis Bluechip,119092
27-09-2019,4082.6786,Axis Bluechip,119092
26-09-2019,4081.9192,Axis Bluechip,119092
25-09-2019,4080.2472,Axis Bluechip,119092
24-09-2019,4079.35,Axis Bluechip,119092
23-09-2019,4079.1253,Axis Bluechip,119092
20-09-2019,4076.9678,Axis Bluechip,119092
19-09-2019,4079.2646,Axis Bluechip,119092
18-09-2019,4078.329,Axis Bluechip,119092
17-09-2019,4077.6242,Axis Bluechip,119092
16-09-2019,4077.8292,Axis Bluechip,119092
13-09-2019,4075.4083,Axis Bluechip,119092
12-09-2019,4074.3909,Axis Bluechip,119092
11-09-2019,4073.3738,Axis Bluechip,119092
09-09-2019,4072.1616,Axis Bluechip,119092
06-09-2019,4069.7611,Axis Bluechip,119092
05-09-2019,4069.0835,Axis Bluechip,119092
04-09-2019,4068.5983,Axis Bluechip,119092
03-09-2019,4067.1216,Axis Bluechip,119092
30-08-2019,4063.3999,Axis Bluechip,119092
29-08-2019,4062.6035,Axis Bluechip,119092
28-08-2019,4061.6488,Axis Bluechip,119092
27-08-2019,4060.9955,Axis Bluechip,119092
26-08-2019,4059.444,Axis Bluechip,119092
23-08-2019,4056.744,Axis Bluechip,119092
22-08-2019,4056.0057,Axis Bluechip,119092
21-08-2019,4055.4582,Axis Bluechip,119092
20-08-2019,4054.3711,Axis Bluechip,119092
19-08-2019,4053.5466,Axis Bluechip,119092
16-08-2019,4051.0235,Axis Bluechip,119092
14-08-2019,4049.1588,Axis Bluechip,119092
13-08-2019,4049.2676,Axis Bluechip,119092
09-08-2019,4047.4181,Axis Bluechip,119092
08-08-2019,4046.3973,Axis Bluechip,119092
07-08-2019,4043.2485,Axis Bluechip,119092
06-08-2019,4040.4543,Axis Bluechip,119092
05-08-2019,4040.2626,Axis Bluechip,119092
02-08-2019,4037.5492,Axis Bluechip,119092
01-08-2019,4036.5393,Axis Bluechip,119092
31-07-2019,4033.0479,Axis Bluechip,119092
30-07-2019,4030.8535,Axis Bluechip,119092
29-07-2019,4028.5247,Axis Bluechip,119092
26-07-2019,4026.2347,Axis Bluechip,119092
25-07-2019,4025.5358,Axis Bluechip,119092
24-07-2019,4024.7885,Axis Bluechip,119092
23-07-2019,4024.3809,Axis Bluechip,119092
22-07-2019,4024.4143,Axis Bluechip,119092
19-07-2019,4023.1439,Axis Bluechip,119092
18-07-2019,4023.3581,Axis Bluechip,119092
17-07-2019,4022.5023,Axis Bluechip,119092
16-07-2019,4018.8422,Axis Bluechip,119092
15-07-2019,4015.4835,Axis Bluechip,119092
12-07-2019,4012.4738,Axis Bluechip,119092
11-07-2019,4010.9502,Axis Bluechip,119092
10-07-2019,4009.7207,Axis Bluechip,119092
09-07-2019,4006.8852,Axis Bluechip,119092
08-07-2019,4005.3821,Axis Bluechip,119092
05-07-2019,4002.7573,Axis Bluechip,119092
04-07-2019,4001.4002,Axis Bluechip,119092
03-07-2019,3999.3038,Axis Bluechip,119092
02-07-2019,3996.3465,Axis Bluechip,119092
01-07-2019,3995.6093,Axis Bluechip,119092
28-06-2019,3993.2622,Axis Bluechip,119092
27-06-2019,3992.0176,Axis Bluechip,119092
26-06-2019,3990.5061,Axis Bluechip,119092
25-06-2019,3991.5578,Axis Bluechip,119092
24-06-2019,3991.2496,Axis Bluechip,119092
21-06-2019,3989.0576,Axis Bluechip,119092
20-06-2019,3988.4023,Axis Bluechip,119092
19-06-2019,3987.7899,Axis Bluechip,119092
18-06-2019,3986.5235,Axis Bluechip,119092
17-06-2019,3985.4552,Axis Bluechip,119092
14-06-2019,3982.7966,Axis Bluechip,119092
13-06-2019,3982.1122,Axis Bluechip,119092
12-06-2019,3981.3277,Axis Bluechip,119092
11-06-2019,3981.148,Axis Bluechip,119092
10-06-2019,3981.1174,Axis Bluechip,119092
07-06-2019,3979.4257,Axis Bluechip,119092
06-06-2019,3981.171,Axis Bluechip,119092
04-06-2019,3978.8906,Axis Bluechip,119092
03-06-2019,3977.9948,Axis Bluechip,119092
31-05-2019,3972.7088,Axis Bluechip,119092
30-05-2019,3971.0054,Axis Bluechip,119092
29-05-2019,3969.0534,Axis Bluechip,119092
28-05-2019,3968.2518,Axis Bluechip,119092
27-05-2019,3967.6125,Axis Bluechip,119092
24-05-2019,3964.3316,Axis Bluechip,119092
23-05-2019,3963.3894,Axis Bluechip,119092
22-05-2019,3959.9007,Axis Bluechip,119092
21-05-2019,3959.2603,Axis Bluechip,119092
20-05-2019,3958.6948,Axis Bluechip,119092
17-05-2019,3955.6152,Axis Bluechip,119092
16-05-2019,3952.2548,Axis Bluechip,119092
15-05-2019,3950.5061,Axis Bluechip,119092
14-05-2019,3949.6951,Axis Bluechip,119092
13-05-2019,3948.1583,Axis Bluechip,119092
10-05-2019,3945.6736,Axis Bluechip,119092
09-05-2019,3944.3106,Axis Bluechip,119092
08-05-2019,3943.5199,Axis Bluechip,119092
07-05-2019,3941.5665,Axis Bluechip,119092
06-05-2019,3939.3791,Axis Bluechip,119092
03-05-2019,3935.9902,Axis Bluechip,119092
02-05-2019,3935.9636,Axis Bluechip,119092
30-04-2019,3935.0437,Axis Bluechip,119092
26-04-2019,3933.077,Axis Bluechip,119092
25-04-2019,3932.7681,Axis Bluechip,119092
24-04-2019,3932.5059,Axis Bluechip,119092
23-04-2019,3933.8348,Axis Bluechip,119092
22-04-2019,3934.6565,Axis Bluechip,119092
18-04-2019,3931.8145,Axis Bluechip,119092
16-04-2019,3930.3122,Axis Bluechip,119092
15-04-2019,3930.2687,Axis Bluechip,119092
12-04-2019,3929.1923,Axis Bluechip,119092
11-04-2019,3928.679,Axis Bluechip,119092
10-04-2019,3929.382,Axis Bluechip,119092
09-04-2019,3929.5232,Axis Bluechip,119092
08-04-2019,3929.8635,Axis Bluechip,119092
05-04-2019,3928.9971,Axis Bluechip,119092
04-04-2019,3928.3556,Axis Bluechip,119092
03-04-2019,3927.7307,Axis Bluechip,119092
02-04-2019,3927.3237,Axis Bluechip,119092
29-03-2019,3919.3189,Axis Bluechip,119092
28-03-2019,3911.0154,Axis Bluechip,119092
27-03-2019,3909.9343,Axis Bluechip,119092
26-03-2019,3908.667,Axis Bluechip,119092
25-03-2019,3907.9094,Axis Bluechip,119092
22-03-2019,3905.4787,Axis Bluechip,119092
20-03-2019,3904.9666,Axis Bluechip,119092
19-03-2019,3906.2956,Axis Bluechip,119092
18-03-2019,3904.6634,Axis Bluechip,119092
15-03-2019,3902.4571,Axis Bluechip,119092
14-03-2019,3901.3532,Axis Bluechip,119092
13-03-2019,3896.9455,Axis Bluechip,119092
12-03-2019,3895.3984,Axis Bluechip,119092
11-03-2019,3893.6488,Axis Bluechip,119092
08-03-2019,3891.2395,Axis Bluechip,119092
07-03-2019,3889.6642,Axis Bluechip,119092
06-03-2019,3888.9141,Axis Bluechip,119092
05-03-2019,3886.7391,Axis Bluechip,119092
01-03-2019,3883.6677,Axis Bluechip,119092
28-02-2019,3882.523,Axis Bluechip,119092
27-02-2019,3881.6892,Axis Bluechip,119092
26-02-2019,3880.9587,Axis Bluechip,119092
25-02-2019,3880.433,Axis Bluechip,119092
22-02-2019,3878.2128,Axis Bluechip,119092
21-02-2019,3877.9373,Axis Bluechip,119092
20-02-2019,3877.1511,Axis Bluechip,119092
18-02-2019,3875.6324,Axis Bluechip,119092
15-02-2019,3873.3615,Axis Bluechip,119092
14-02-2019,3874.0483,Axis Bluechip,119092
13-02-2019,3873.2535,Axis Bluechip,119092
12-02-2019,3870.5686,Axis Bluechip,119092
11-02-2019,3869.8269,Axis Bluechip,119092
08-02-2019,3867.5916,Axis Bluechip,119092
07-02-2019,3866.0939,Axis Bluechip,119092
06-02-2019,3863.4747,Axis Bluechip,119092
05-02-2019,3862.7741,Axis Bluechip,119092
04-02-2019,3862.0595,Axis Bluechip,119092
01-02-2019,3860.3437,Axis Bluechip,119092
31-01-2019,3859.7657,Axis Bluechip,119092
30-01-2019,3859.0136,Axis Bluechip,119092
29-01-2019,3858.252,Axis Bluechip,119092
28-01-2019,3857.2653,Axis Bluechip,119092
25-01-2019,3854.7565,Axis Bluechip,119092
24-01-2019,3854.028,Axis Bluechip,119092
23-01-2019,3853.2079,Axis Bluechip,119092
22-01-2019,3853.1078,Axis Bluechip,119092
21-01-2019,3852.0237,Axis Bluechip,119092
18-01-2019,3849.614,Axis Bluechip,119092
17-01-2019,3848.8256,Axis Bluechip,119092
16-01-2019,3847.9891,Axis Bluechip,119092
15-01-2019,3847.0881,Axis Bluechip,119092
14-01-2019,3846.1704,Axis Bluechip,119092
11-01-2019,3843.8171,Axis Bluechip,119092
10-01-2019,3843.0364,Axis Bluechip,119092
09-01-2019,3842.2348,Axis Bluechip,119092
08-01-2019,3841.3584,Axis Bluechip,119092
07-01-2019,3840.3604,Axis Bluechip,119092
04-01-2019,3838.1051,Axis Bluechip,119092
03-01-2019,3837.309,Axis Bluechip,119092
02-01-2019,3836.7889,Axis Bluechip,119092
01-01-2019,3835.6478,Axis Bluechip,119092
31-12-2018,3834.7032,Axis Bluechip,119092
28-12-2018,3831.9643,Axis Bluechip,119092
27-12-2018,3830.6661,Axis Bluechip,119092
26-12-2018,3829.7516,Axis Bluechip,119092
24-12-2018,3828.269,Axis Bluechip,119092
21-12-2018,3825.9596,Axis Bluechip,119092
20-12-2018,3825.3474,Axis Bluechip,119092
19-12-2018,3824.8182,Axis Bluechip,119092
18-12-2018,3823.5918,Axis Bluechip,119092
17-12-2018,3822.6796,Axis Bluechip,119092
14-12-2018,3820.3688,Axis Bluechip,119092
13-12-2018,3819.3159,Axis Bluechip,119092
12-12-2018,3818.0154,Axis Bluechip,119092
11-12-2018,3816.9776,Axis Bluechip,119092
10-12-2018,3816.3984,Axis Bluechip,119092
07-12-2018,3814.3908,Axis Bluechip,119092
06-12-2018,3813.4412,Axis Bluechip,119092
05-12-2018,3812.0229,Axis Bluechip,119092
04-12-2018,3810.26,Axis Bluechip,119092
03-12-2018,3809.1775,Axis Bluechip,119092
30-11-2018,3806.5323,Axis Bluechip,119092
29-11-2018,3805.8394,Axis Bluechip,119092
28-11-2018,3804.9872,Axis Bluechip,119092
27-11-2018,3804.1093,Axis Bluechip,119092
26-11-2018,3803.0898,Axis Bluechip,119092
22-11-2018,3799.8589,Axis Bluechip,119092
20-11-2018,3798.2437,Axis Bluechip,119092
19-11-2018,3797.4247,Axis Bluechip,119092
16-11-2018,3795.0452,Axis Bluechip,119092
15-11-2018,3794.0432,Axis Bluechip,119092
14-11-2018,3792.7523,Axis Bluechip,119092
13-11-2018,3791.6315,Axis Bluechip,119092
12-11-2018,3790.7416,Axis Bluechip,119092
09-11-2018,3788.195,Axis Bluechip,119092
06-11-2018,3785.8486,Axis Bluechip,119092
05-11-2018,3784.9644,Axis Bluechip,119092
02-11-2018,3782.6099,Axis Bluechip,119092
01-11-2018,3781.7547,Axis Bluechip,119092
31-10-2018,3780.8573,Axis Bluechip,119092
30-10-2018,3780.0643,Axis Bluechip,119092
29-10-2018,3779.3355,Axis Bluechip,119092
26-10-2018,3777.1107,Axis Bluechip,119092
25-10-2018,3776.3141,Axis Bluechip,119092
24-10-2018,3775.5104,Axis Bluechip,119092
23-10-2018,3774.7256,Axis Bluechip,119092
22-10-2018,3774.0249,Axis Bluechip,119092
19-10-2018,3771.7561,Axis Bluechip,119092
17-10-2018,3770.336,Axis Bluechip,119092
16-10-2018,3769.507,Axis Bluechip,119092
15-10-2018,3768.6624,Axis Bluechip,119092
12-10-2018,3766.5512,Axis Bluechip,119092
11-10-2018,3765.8843,Axis Bluechip,119092
10-10-2018,3765.1782,Axis Bluechip,119092
09-10-2018,3764.4199,Axis Bluechip,119092
08-10-2018,3763.7318,Axis Bluechip,119092
05-10-2018,3761.4006,Axis Bluechip,119092
04-10-2018,3758.624,Axis Bluechip,119092
03-10-2018,3758.1588,Axis Bluechip,119092
01-10-2018,3756.8327,Axis Bluechip,119092
28-09-2018,3754.1776,Axis Bluechip,119092
27-09-2018,3752.2921,Axis Bluechip,119092
26-09-2018,3749.3624,Axis Bluechip,119092
25-09-2018,3748.5485,Axis Bluechip,119092
24-09-2018,3750.4164,Axis Bluechip,119092
21-09-2018,3749.0203,Axis Bluechip,119092
19-09-2018,3747.5204,Axis Bluechip,119092
18-09-2018,3746.8412,Axis Bluechip,119092
17-09-2018,3745.8106,Axis Bluechip,119092
14-09-2018,3743.6318,Axis Bluechip,119092
12-09-2018,3742.3052,Axis Bluechip,119092
11-09-2018,3741.621,Axis Bluechip,119092
10-09-2018,3741.6037,Axis Bluechip,119092
07-09-2018,3740.0724,Axis Bluechip,119092
06-09-2018,3739.3085,Axis Bluechip,119092
05-09-2018,3738.5233,Axis Bluechip,119092
04-09-2018,3737.9052,Axis Bluechip,119092
03-09-2018,3737.1712,Axis Bluechip,119092
31-08-2018,3734.7722,Axis Bluechip,119092
30-08-2018,3733.9957,Axis Bluechip,119092
29-08-2018,3733.2403,Axis Bluechip,119092
28-08-2018,3732.179,Axis Bluechip,119092
27-08-2018,3731.4211,Axis Bluechip,119092
24-08-2018,3729.2354,Axis Bluechip,119092
23-08-2018,3728.6055,Axis Bluechip,119092
21-08-2018,3727.2407,Axis Bluechip,119092
20-08-2018,3726.5822,Axis Bluechip,119092
16-08-2018,3723.6676,Axis Bluechip,119092
14-08-2018,3722.2147,Axis Bluechip,119092
13-08-2018,3721.5141,Axis Bluechip,119092
10-08-2018,3719.3725,Axis Bluechip,119092
09-08-2018,3718.6457,Axis Bluechip,119092
08-08-2018,3717.8237,Axis Bluechip,119092
07-08-2018,3717.0545,Axis Bluechip,119092
06-08-2018,3716.2854,Axis Bluechip,119092
03-08-2018,3714.0635,Axis Bluechip,119092
02-08-2018,3713.1986,Axis Bluechip,119092
01-08-2018,3712.2854,Axis Bluechip,119092
31-07-2018,3711.5296,Axis Bluechip,119092
30-07-2018,3710.7551,Axis Bluechip,119092
27-07-2018,3708.5793,Axis Bluechip,119092
26-07-2018,3707.6921,Axis Bluechip,119092
25-07-2018,3707.0207,Axis Bluechip,119092
24-07-2018,3706.3373,Axis Bluechip,119092
23-07-2018,3705.8583,Axis Bluechip,119092
20-07-2018,3703.8209,Axis Bluechip,119092
19-07-2018,3703.1936,Axis Bluechip,119092
18-07-2018,3702.5496,Axis Bluechip,119092
17-07-2018,3701.7623,Axis Bluechip,119092
16-07-2018,3701.0161,Axis Bluechip,119092
13-07-2018,3698.9137,Axis Bluechip,119092
12-07-2018,3698.1859,Axis Bluechip,119092
11-07-2018,3697.3895,Axis Bluechip,119092
10-07-2018,3696.726,Axis Bluechip,119092
09-07-2018,3695.9951,Axis Bluechip,119092
06-07-2018,3693.6113,Axis Bluechip,119092
05-07-2018,3692.8716,Axis Bluechip,119092
04-07-2018,3692.0381,Axis Bluechip,119092
03-07-2018,3690.9285,Axis Bluechip,119092
02-07-2018,3690.1901,Axis Bluechip,119092
29-06-2018,3687.607,Axis Bluechip,119092
28-06-2018,3686.4049,Axis Bluechip,119092
27-06-2018,3685.6369,Axis Bluechip,119092
26-06-2018,3684.9108,Axis Bluechip,119092
25-06-2018,3684.2275,Axis Bluechip,119092
22-06-2018,3681.9541,Axis Bluechip,119092
21-06-2018,3681.283,Axis Bluechip,119092
20-06-2018,3680.5289,Axis Bluechip,119092
19-06-2018,3679.6877,Axis Bluechip,119092
18-06-2018,3678.745,Axis Bluechip,119092
15-06-2018,3676.4459,Axis Bluechip,119092
14-06-2018,3675.6996,Axis Bluechip,119092
13-06-2018,3674.9731,Axis Bluechip,119092
12-06-2018,3674.2557,Axis Bluechip,119092
11-06-2018,3673.5316,Axis Bluechip,119092
08-06-2018,3671.3584,Axis Bluechip,119092
07-06-2018,3670.6413,Axis Bluechip,119092
06-06-2018,3669.9188,Axis Bluechip,119092
05-06-2018,3669.0214,Axis Bluechip,119092
04-06-2018,3668.204,Axis Bluechip,119092
01-06-2018,3666.0448,Axis Bluechip,119092
31-05-2018,3665.3407,Axis Bluechip,119092
30-05-2018,3664.6508,Axis Bluechip,119092
29-05-2018,3663.9097,Axis Bluechip,119092
28-05-2018,3663.1364,Axis Bluechip,119092
27-05-2018,3662.439,Axis Bluechip,119092
25-05-2018,3660.977,Axis Bluechip,119092
24-05-2018,3660.2814,Axis Bluechip,119092
23-05-2018,3659.6033,Axis Bluechip,119092
22-05-2018,3658.9296,Axis Bluechip,119092
21-05-2018,3658.2341,Axis Bluechip,119092
20-05-2018,3657.6351,Axis Bluechip,119092
18-05-2018,3656.2124,Axis Bluechip,119092
17-05-2018,3655.5548,Axis Bluechip,119092
16-05-2018,3654.9359,Axis Bluechip,119092
15-05-2018,3654.3493,Axis Bluechip,119092
14-05-2018,3653.8744,Axis Bluechip,119092
13-05-2018,3653.2387,Axis Bluechip,119092
11-05-2018,3651.8417,Axis Bluechip,119092
10-05-2018,3651.1807,Axis Bluechip,119092
09-05-2018,3650.6892,Axis Bluechip,119092
08-05-2018,3650.0968,Axis Bluechip,119092
07-05-2018,3649.4832,Axis Bluechip,119092
06-05-2018,3648.8176,Axis Bluechip,119092
04-05-2018,3647.4455,Axis Bluechip,119092
03-05-2018,3646.8796,Axis Bluechip,119092
02-05-2018,3646.2495,Axis Bluechip,119092
01-05-2018,3645.6219,Axis Bluechip,119092
27-04-2018,3642.8498,Axis Bluechip,119092
26-04-2018,3642.1652,Axis Bluechip,119092
25-04-2018,3641.4727,Axis Bluechip,119092
24-04-2018,3640.8015,Axis Bluechip,119092
23-04-2018,3640.1528,Axis Bluechip,119092
22-04-2018,3639.5464,Axis Bluechip,119092
20-04-2018,3638.1565,Axis Bluechip,119092
19-04-2018,3637.6273,Axis Bluechip,119092
18-04-2018,3636.9573,Axis Bluechip,119092
17-04-2018,3636.2486,Axis Bluechip,119092
16-04-2018,3635.6015,Axis Bluechip,119092
15-04-2018,3634.9082,Axis Bluechip,119092
13-04-2018,3633.52,Axis Bluechip,119092
12-04-2018,3632.833,Axis Bluechip,119092
11-04-2018,3632.1726,Axis Bluechip,119092
10-04-2018,3631.5028,Axis Bluechip,119092
09-04-2018,3630.831,Axis Bluechip,119092
08-04-2018,3630.1161,Axis Bluechip,119092
06-04-2018,3628.7427,Axis Bluechip,119092
05-04-2018,3628.0483,Axis Bluechip,119092
04-04-2018,3627.3585,Axis Bluechip,119092
03-04-2018,3626.587,Axis Bluechip,119092
02-04-2018,3625.8417,Axis Bluechip,119092
31-03-2018,3624.4209,Axis Bluechip,119092
28-03-2018,3622.3038,Axis Bluechip,119092
27-03-2018,3620.0415,Axis Bluechip,119092
26-03-2018,3619.302,Axis Bluechip,119092
25-03-2018,3618.7356,Axis Bluechip,119092
23-03-2018,3617.299,Axis Bluechip,119092
22-03-2018,3616.823,Axis Bluechip,119092
21-03-2018,3616.2006,Axis Bluechip,119092
20-03-2018,3615.6278,Axis Bluechip,119092
19-03-2018,3614.9855,Axis Bluechip,119092
18-03-2018,3614.2642,Axis Bluechip,119092
16-03-2018,3612.8496,Axis Bluechip,119092
15-03-2018,3611.6945,Axis Bluechip,119092
14-03-2018,3610.8811,Axis Bluechip,119092
13-03-2018,3610.1864,Axis Bluechip,119092
12-03-2018,3609.4878,Axis Bluechip,119092
11-03-2018,3608.7393,Axis Bluechip,119092
09-03-2018,3607.3635,Axis Bluechip,119092
08-03-2018,3606.6961,Axis Bluechip,119092
07-03-2018,3606.0523,Axis Bluechip,119092
06-03-2018,3605.2029,Axis Bluechip,119092
05-03-2018,3604.5069,Axis Bluechip,119092
04-03-2018,3603.8577,Axis Bluechip,119092
01-03-2018,3601.76,Axis Bluechip,119092
28-02-2018,3601.0493,Axis Bluechip,119092
27-02-2018,3600.3825,Axis Bluechip,119092
26-02-2018,3599.7169,Axis Bluechip,119092
25-02-2018,3599.0464,Axis Bluechip,119092
23-02-2018,3597.7262,Axis Bluechip,119092
22-02-2018,3597.0718,Axis Bluechip,119092
21-02-2018,3596.4411,Axis Bluechip,119092
20-02-2018,3595.768,Axis Bluechip,119092
19-02-2018,3595.1452,Axis Bluechip,119092
16-02-2018,3593.1606,Axis Bluechip,119092
15-02-2018,3592.5023,Axis Bluechip,119092
14-02-2018,3591.8457,Axis Bluechip,119092
13-02-2018,3591.185,Axis Bluechip,119092
12-02-2018,3590.5319,Axis Bluechip,119092
11-02-2018,3589.8896,Axis Bluechip,119092
09-02-2018,3588.5597,Axis Bluechip,119092
08-02-2018,3587.8768,Axis Bluechip,119092
07-02-2018,3587.2406,Axis Bluechip,119092
06-02-2018,3586.5624,Axis Bluechip,119092
05-02-2018,3585.91,Axis Bluechip,119092
04-02-2018,3585.2874,Axis Bluechip,119092
02-02-2018,3583.9712,Axis Bluechip,119092
01-02-2018,3583.3151,Axis Bluechip,119092
31-01-2018,3582.7053,Axis Bluechip,119092
30-01-2018,3582.0546,Axis Bluechip,119092
29-01-2018,3581.3825,Axis Bluechip,119092
28-01-2018,3580.73,Axis Bluechip,119092
25-01-2018,3578.7968,Axis Bluechip,119092
24-01-2018,3578.159,Axis Bluechip,119092
23-01-2018,3577.5242,Axis Bluechip,119092
22-01-2018,3576.887,Axis Bluechip,119092
21-01-2018,3576.2535,Axis Bluechip,119092
19-01-2018,3574.9524,Axis Bluechip,119092
18-01-2018,3574.3341,Axis Bluechip,119092
17-01-2018,3573.6985,Axis Bluechip,119092
16-01-2018,3573.0813,Axis Bluechip,119092
15-01-2018,3572.4517,Axis Bluechip,119092
14-01-2018,3571.8037,Axis Bluechip,119092
12-01-2018,3570.5428,Axis Bluechip,119092
11-01-2018,3569.9336,Axis Bluechip,119092
10-01-2018,3569.3069,Axis Bluechip,119092
09-01-2018,3568.6921,Axis Bluechip,119092
08-01-2018,3568.0726,Axis Bluechip,119092
07-01-2018,3567.4437,Axis Bluechip,119092
05-01-2018,3566.1723,Axis Bluechip,119092
04-01-2018,3565.5403,Axis Bluechip,119092
03-01-2018,3564.9531,Axis Bluechip,119092
02-01-2018,3564.3398,Axis Bluechip,119092
01-01-2018,3563.7227,Axis Bluechip,119092
31-12-2017,3563.0394,Axis Bluechip,119092
29-12-2017,3561.7674,Axis Bluechip,119092
28-12-2017,3560.9847,Axis Bluechip,119092
27-12-2017,3560.3213,Axis Bluechip,119092
26-12-2017,3559.6842,Axis Bluechip,119092
25-12-2017,3559.0987,Axis Bluechip,119092
22-12-2017,3557.2266,Axis Bluechip,119092
21-12-2017,3556.5746,Axis Bluechip,119092
20-12-2017,3556.0288,Axis Bluechip,119092
19-12-2017,3555.4996,Axis Bluechip,119092
18-12-2017,3554.8994,Axis Bluechip,119092
17-12-2017,3554.2968,Axis Bluechip,119092
15-12-2017,3553.0779,Axis Bluechip,119092
14-12-2017,3552.4995,Axis Bluechip,119092
13-12-2017,3551.9114,Axis Bluechip,119092
12-12-2017,3551.3086,Axis Bluechip,119092
11-12-2017,3550.7104,Axis Bluechip,119092
10-12-2017,3550.1024,Axis Bluechip,119092
08-12-2017,3548.8589,Axis Bluechip,119092
07-12-2017,3548.2344,Axis Bluechip,119092
06-12-2017,3547.5998,Axis Bluechip,119092
05-12-2017,3546.9882,Axis Bluechip,119092
04-12-2017,3546.3997,Axis Bluechip,119092
03-12-2017,3545.7868,Axis Bluechip,119092
30-11-2017,3543.9693,Axis Bluechip,119092
29-11-2017,3543.3719,Axis Bluechip,119092
28-11-2017,3542.7641,Axis Bluechip,119092
27-11-2017,3542.15,Axis Bluechip,119092
26-11-2017,3541.5561,Axis Bluechip,119092
24-11-2017,3540.3302,Axis Bluechip,119092
23-11-2017,3539.7227,Axis Bluechip,119092
22-11-2017,3539.1201,Axis Bluechip,119092
21-11-2017,3538.5166,Axis Bluechip,119092
20-11-2017,3537.9161,Axis Bluechip,119092
19-11-2017,3537.2944,Axis Bluechip,119092
17-11-2017,3536.0914,Axis Bluechip,119092
16-11-2017,3535.4928,Axis Bluechip,119092
15-11-2017,3534.8827,Axis Bluechip,119092
14-11-2017,3534.2681,Axis Bluechip,119092
13-11-2017,3533.6697,Axis Bluechip,119092
12-11-2017,3533.0683,Axis Bluechip,119092
10-11-2017,3531.8502,Axis Bluechip,119092
09-11-2017,3531.2451,Axis Bluechip,119092
08-11-2017,3530.6387,Axis Bluechip,119092
07-11-2017,3530.0342,Axis Bluechip,119092
06-11-2017,3529.4068,Axis Bluechip,119092
05-11-2017,3528.798,Axis Bluechip,119092
03-11-2017,3527.601,Axis Bluechip,119092
02-11-2017,3527.0105,Axis Bluechip,119092
01-11-2017,3526.408,Axis Bluechip,119092
31-10-2017,3525.8116,Axis Bluechip,119092
30-10-2017,3525.2191,Axis Bluechip,119092
29-10-2017,3524.6227,Axis Bluechip,119092
27-10-2017,3523.411,Axis Bluechip,119092
26-10-2017,3522.8018,Axis Bluechip,119092
25-10-2017,3522.221,Axis Bluechip,119092
24-10-2017,3521.5948,Axis Bluechip,119092
23-10-2017,3521.011,Axis Bluechip,119092
22-10-2017,3520.3989,Axis Bluechip,119092
18-10-2017,3518.0043,Axis Bluechip,119092
17-10-2017,3517.4036,Axis Bluechip,119092
16-10-2017,3516.8144,Axis Bluechip,119092
15-10-2017,3516.1886,Axis Bluechip,119092
13-10-2017,3514.9665,Axis Bluechip,119092
12-10-2017,3514.3437,Axis Bluechip,119092
11-10-2017,3513.7349,Axis Bluechip,119092
10-10-2017,3513.115,Axis Bluechip,119092
09-10-2017,3512.5321,Axis Bluechip,119092
08-10-2017,3511.9282,Axis Bluechip,119092
06-10-2017,3510.7308,Axis Bluechip,119092
05-10-2017,3510.1388,Axis Bluechip,119092
04-10-2017,3509.5354,Axis Bluechip,119092
03-10-2017,3508.956,Axis Bluechip,119092
02-10-2017,3508.3081,Axis Bluechip,119092
29-09-2017,3506.5189,Axis Bluechip,119092
28-09-2017,3505.8793,Axis Bluechip,119092
27-09-2017,3505.2812,Axis Bluechip,119092
26-09-2017,3504.6901,Axis Bluechip,119092
25-09-2017,3504.023,Axis Bluechip,119092
24-09-2017,3503.3869,Axis Bluechip,119092
22-09-2017,3502.1914,Axis Bluechip,119092
21-09-2017,3501.6227,Axis Bluechip,119092
20-09-2017,3501.0242,Axis Bluechip,119092
19-09-2017,3500.4063,Axis Bluechip,119092
18-09-2017,3499.8105,Axis Bluechip,119092
17-09-2017,3499.2095,Axis Bluechip,119092
15-09-2017,3497.9925,Axis Bluechip,119092
14-09-2017,3497.3672,Axis Bluechip,119092
13-09-2017,3496.7768,Axis Bluechip,119092
12-09-2017,3496.1883,Axis Bluechip,119092
11-09-2017,3495.5739,Axis Bluechip,119092
10-09-2017,3494.9759,Axis Bluechip,119092
08-09-2017,3493.8069,Axis Bluechip,119092
07-09-2017,3493.227,Axis Bluechip,119092
06-09-2017,3492.6349,Axis Bluechip,119092
05-09-2017,3492.0355,Axis Bluechip,119092
04-09-2017,3491.4433,Axis Bluechip,119092
03-09-2017,3490.8296,Axis Bluechip,119092
01-09-2017,3489.6208,Axis Bluechip,119092
31-08-2017,3489.0178,Axis Bluechip,119092
30-08-2017,3488.4005,Axis Bluechip,119092
29-08-2017,3487.8157,Axis Bluechip,119092
28-08-2017,3487.2089,Axis Bluechip,119092
27-08-2017,3486.6244,Axis Bluechip,119092
24-08-2017,3484.8561,Axis Bluechip,119092
23-08-2017,3484.2725,Axis Bluechip,119092
22-08-2017,3483.6659,Axis Bluechip,119092
21-08-2017,3483.0632,Axis Bluechip,119092
20-08-2017,3482.474,Axis Bluechip,119092
18-08-2017,3481.2819,Axis Bluechip,119092
17-08-2017,3480.6884,Axis Bluechip,119092
16-08-2017,3480.0686,Axis Bluechip,119092
15-08-2017,3479.4987,Axis Bluechip,119092
14-08-2017,3478.9037,Axis Bluechip,119092
13-08-2017,3478.3021,Axis Bluechip,119092
11-08-2017,3477.1149,Axis Bluechip,119092
10-08-2017,3476.5118,Axis Bluechip,119092
09-08-2017,3475.9185,Axis Bluechip,119092
08-08-2017,3475.3099,Axis Bluechip,119092
07-08-2017,3474.7115,Axis Bluechip,119092
06-08-2017,3474.1128,Axis Bluechip,119092
04-08-2017,3472.9164,Axis Bluechip,119092
03-08-2017,3472.3171,Axis Bluechip,119092
02-08-2017,3471.702,Axis Bluechip,119092
01-08-2017,3471.0974,Axis Bluechip,119092
31-07-2017,3470.5092,Axis Bluechip,119092
30-07-2017,3469.9106,Axis Bluechip,119092
28-07-2017,3468.7047,Axis Bluechip,119092
27-07-2017,3468.107,Axis Bluechip,119092
26-07-2017,3467.5183,Axis Bluechip,119092
25-07-2017,3466.8883,Axis Bluechip,119092
24-07-2017,3466.2928,Axis Bluechip,119092
23-07-2017,3465.6748,Axis Bluechip,119092
21-07-2017,3464.4634,Axis Bluechip,119092
20-07-2017,3463.8272,Axis Bluechip,119092
19-07-2017,3463.2174,Axis Bluechip,119092
18-07-2017,3462.5699,Axis Bluechip,119092
17-07-2017,3461.952,Axis Bluechip,119092
16-07-2017,3461.3384,Axis Bluechip,119092
14-07-2017,3460.1391,Axis Bluechip,119092
13-07-2017,3459.5201,Axis Bluechip,119092
12-07-2017,3458.8728,Axis Bluechip,119092
11-07-2017,3458.2367,Axis Bluechip,119092
10-07-2017,3457.6327,Axis Bluechip,119092
09-07-2017,3456.9857,Axis Bluechip,119092
07-07-2017,3455.7809,Axis Bluechip,119092
06-07-2017,3455.1129,Axis Bluechip,119092
05-07-2017,3454.4816,Axis Bluechip,119092
04-07-2017,3453.8592,Axis Bluechip,119092
03-07-2017,3453.207,Axis Bluechip,119092
02-07-2017,3452.5884,Axis Bluechip,119092
30-06-2017,3451.246,Axis Bluechip,119092
29-06-2017,3450.5748,Axis Bluechip,119092
28-06-2017,3449.9969,Axis Bluechip,119092
27-06-2017,3449.4114,Axis Bluechip,119092
26-06-2017,3448.7966,Axis Bluechip,119092
23-06-2017,3446.9477,Axis Bluechip,119092
22-06-2017,3446.3278,Axis Bluechip,119092
21-06-2017,3445.7205,Axis Bluechip,119092
20-06-2017,3445.115,Axis Bluechip,119092
19-06-2017,3444.5165,Axis Bluechip,119092
18-06-2017,3443.908,Axis Bluechip,119092
16-06-2017,3442.7067,Axis Bluechip,119092
15-06-2017,3442.1103,Axis Bluechip,119092
14-06-2017,3441.5029,Axis Bluechip,119092
13-06-2017,3440.9013,Axis Bluechip,119092
12-06-2017,3440.2725,Axis Bluechip,119092
11-06-2017,3439.6816,Axis Bluechip,119092
09-06-2017,3438.4636,Axis Bluechip,119092
08-06-2017,3437.8295,Axis Bluechip,119092
07-06-2017,3437.2181,Axis Bluechip,119092
06-06-2017,3436.5893,Axis Bluechip,119092
05-06-2017,3436.0053,Axis Bluechip,119092
04-06-2017,3435.3928,Axis Bluechip,119092
02-06-2017,3434.1943,Axis Bluechip,119092
01-06-2017,3433.557,Axis Bluechip,119092
31-05-2017,3432.9463,Axis Bluechip,119092
30-05-2017,3432.3465,Axis Bluechip,119092
29-05-2017,3431.7449,Axis Bluechip,119092
28-05-2017,3431.1415,Axis Bluechip,119092
26-05-2017,3429.9237,Axis Bluechip,119092
25-05-2017,3429.3081,Axis Bluechip,119092
24-05-2017,3428.6965,Axis Bluechip,119092
23-05-2017,3428.0849,Axis Bluechip,119092
22-05-2017,3427.4639,Axis Bluechip,119092
21-05-2017,3426.8536,Axis Bluechip,119092
19-05-2017,3425.6616,Axis Bluechip,119092
18-05-2017,3425.0538,Axis Bluechip,119092
17-05-2017,3424.4451,Axis Bluechip,119092
16-05-2017,3423.8348,Axis Bluechip,119092
15-05-2017,3423.2162,Axis Bluechip,119092
14-05-2017,3422.6103,Axis Bluechip,119092
12-05-2017,3421.3996,Axis Bluechip,119092
11-05-2017,3420.811,Axis Bluechip,119092
10-05-2017,3420.1978,Axis Bluechip,119092
09-05-2017,3419.6046,Axis Bluechip,119092
08-05-2017,3419.0012,Axis Bluechip,119092
07-05-2017,3418.3994,Axis Bluechip,119092
05-05-2017,3417.1956,Axis Bluechip,119092
04-05-2017,3416.5907,Axis Bluechip,119092
03-05-2017,3415.9934,Axis Bluechip,119092
02-05-2017,3415.3902,Axis Bluechip,119092
01-05-2017,3414.787,Axis Bluechip,119092
28-04-2017,3412.9483,Axis Bluechip,119092
27-04-2017,3412.3377,Axis Bluechip,119092
26-04-2017,3411.7395,Axis Bluechip,119092
25-04-2017,3411.1644,Axis Bluechip,119092
24-04-2017,3410.5636,Axis Bluechip,119092
23-04-2017,3409.9717,Axis Bluechip,119092
21-04-2017,3408.7567,Axis Bluechip,119092
20-04-2017,3408.1668,Axis Bluechip,119092
19-04-2017,3407.5716,Axis Bluechip,119092
18-04-2017,3406.9751,Axis Bluechip,119092
17-04-2017,3406.3729,Axis Bluechip,119092
16-04-2017,3405.7759,Axis Bluechip,119092
13-04-2017,3403.8668,Axis Bluechip,119092
12-04-2017,3403.3109,Axis Bluechip,119092
11-04-2017,3402.6946,Axis Bluechip,119092
10-04-2017,3402.0715,Axis Bluechip,119092
09-04-2017,3401.4509,Axis Bluechip,119092
07-04-2017,3400.28,Axis Bluechip,119092
06-04-2017,3399.6978,Axis Bluechip,119092
05-04-2017,3399.1106,Axis Bluechip,119092
04-04-2017,3398.5121,Axis Bluechip,119092
03-04-2017,3397.9286,Axis Bluechip,119092
02-04-2017,3397.3563,Axis Bluechip,119092
31-03-2017,3395.8471,Axis Bluechip,119092
30-03-2017,3394.8801,Axis Bluechip,119092
29-03-2017,3394.2784,Axis Bluechip,119092
28-03-2017,3393.6617,Axis Bluechip,119092
27-03-2017,3393.0739,Axis Bluechip,119092
26-03-2017,3392.4825,Axis Bluechip,119092
24-03-2017,3391.2272,Axis Bluechip,119092
23-03-2017,3390.6252,Axis Bluechip,119092
22-03-2017,3390.0157,Axis Bluechip,119092
21-03-2017,3389.3605,Axis Bluechip,119092
20-03-2017,3388.6912,Axis Bluechip,119092
19-03-2017,3388.0524,Axis Bluechip,119092
17-03-2017,3386.6985,Axis Bluechip,119092
16-03-2017,3386.1096,Axis Bluechip,119092
15-03-2017,3385.499,Axis Bluechip,119092
14-03-2017,3384.8697,Axis Bluechip,119092
13-03-2017,3384.2804,Axis Bluechip,119092
10-03-2017,3382.4619,Axis Bluechip,119092
09-03-2017,3381.8949,Axis Bluechip,119092
08-03-2017,3381.3211,Axis Bluechip,119092
07-03-2017,3380.7249,Axis Bluechip,119092
06-03-2017,3380.131,Axis Bluechip,119092
05-03-2017,3379.5549,Axis Bluechip,119092
03-03-2017,3378.2907,Axis Bluechip,119092
02-03-2017,3377.7013,Axis Bluechip,119092
01-03-2017,3377.1059,Axis Bluechip,119092
28-02-2017,3376.5187,Axis Bluechip,119092
27-02-2017,3375.9059,Axis Bluechip,119092
26-02-2017,3375.2892,Axis Bluechip,119092
23-02-2017,3373.4434,Axis Bluechip,119092
22-02-2017,3372.8098,Axis Bluechip,119092
21-02-2017,3372.1964,Axis Bluechip,119092
20-02-2017,3371.5929,Axis Bluechip,119092
19-02-2017,3370.9916,Axis Bluechip,119092
17-02-2017,3369.7884,Axis Bluechip,119092
16-02-2017,3369.1393,Axis Bluechip,119092
15-02-2017,3368.5395,Axis Bluechip,119092
14-02-2017,3367.9234,Axis Bluechip,119092
13-02-2017,3367.2951,Axis Bluechip,119092
12-02-2017,3366.6653,Axis Bluechip,119092
10-02-2017,3365.4149,Axis Bluechip,119092
09-02-2017,3364.7957,Axis Bluechip,119092
08-02-2017,3364.1948,Axis Bluechip,119092
07-02-2017,3363.8316,Axis Bluechip,119092
06-02-2017,3363.2356,Axis Bluechip,119092
05-02-2017,3362.6327,Axis Bluechip,119092
03-02-2017,3361.3876,Axis Bluechip,119092
02-02-2017,3360.7552,Axis Bluechip,119092
01-02-2017,3360.1553,Axis Bluechip,119092
31-01-2017,3359.5364,Axis Bluechip,119092
30-01-2017,3358.9266,Axis Bluechip,119092
29-01-2017,3358.3187,Axis Bluechip,119092
27-01-2017,3357.1171,Axis Bluechip,119092
26-01-2017,3356.5187,Axis Bluechip,119092
25-01-2017,3355.8844,Axis Bluechip,119092
24-01-2017,3355.331,Axis Bluechip,119092
23-01-2017,3354.7281,Axis Bluechip,119092
22-01-2017,3354.1307,Axis Bluechip,119092
20-01-2017,3352.9119,Axis Bluechip,119092
19-01-2017,3352.3153,Axis Bluechip,119092
18-01-2017,3351.7146,Axis Bluechip,119092
17-01-2017,3351.1052,Axis Bluechip,119092
16-01-2017,3350.5195,Axis Bluechip,119092
15-01-2017,3349.9292,Axis Bluechip,119092
13-01-2017,3348.7321,Axis Bluechip,119092
12-01-2017,3348.1344,Axis Bluechip,119092
11-01-2017,3347.5491,Axis Bluechip,119092
10-01-2017,3346.9752,Axis Bluechip,119092
09-01-2017,3346.3857,Axis Bluechip,119092
08-01-2017,3345.8006,Axis Bluechip,119092
06-01-2017,3344.6377,Axis Bluechip,119092
05-01-2017,3344.0332,Axis Bluechip,119092
04-01-2017,3343.4504,Axis Bluechip,119092
03-01-2017,3342.8581,Axis Bluechip,119092
02-01-2017,3342.2468,Axis Bluechip,119092
01-01-2017,3341.6261,Axis Bluechip,119092
30-12-2016,3340.3831,Axis Bluechip,119092
29-12-2016,3339.7057,Axis Bluechip,119092
28-12-2016,3339.1087,Axis Bluechip,119092
27-12-2016,3338.4742,Axis Bluechip,119092
26-12-2016,3337.8844,Axis Bluechip,119092
25-12-2016,3337.3036,Axis Bluechip,119092
23-12-2016,3335.9415,Axis Bluechip,119092
22-12-2016,3335.4822,Axis Bluechip,119092
21-12-2016,3334.9395,Axis Bluechip,119092
20-12-2016,3334.3649,Axis Bluechip,119092
19-12-2016,3333.7658,Axis Bluechip,119092
18-12-2016,3333.202,Axis Bluechip,119092
16-12-2016,3331.9311,Axis Bluechip,119092
15-12-2016,3331.4481,Axis Bluechip,119092
14-12-2016,3330.8499,Axis Bluechip,119092
13-12-2016,3330.2177,Axis Bluechip,119092
12-12-2016,3329.6099,Axis Bluechip,119092
09-12-2016,3327.8721,Axis Bluechip,119092
08-12-2016,3327.206,Axis Bluechip,119092
07-12-2016,3326.6282,Axis Bluechip,119092
06-12-2016,3326.5241,Axis Bluechip,119092
05-12-2016,3325.9363,Axis Bluechip,119092
04-12-2016,3325.3068,Axis Bluechip,119092
02-12-2016,3324.091,Axis Bluechip,119092
01-12-2016,3323.7685,Axis Bluechip,119092
30-11-2016,3323.183,Axis Bluechip,119092
29-11-2016,3322.5491,Axis Bluechip,119092
28-11-2016,3321.9533,Axis Bluechip,119092
27-11-2016,3321.4727,Axis Bluechip,119092
25-11-2016,3320.2845,Axis Bluechip,119092
24-11-2016,3319.7674,Axis Bluechip,119092
23-11-2016,3318.9476,Axis Bluechip,119092
22-11-2016,3318.3199,Axis Bluechip,119092
21-11-2016,3317.7077,Axis Bluechip,119092
20-11-2016,3317.0768,Axis Bluechip,119092
18-11-2016,3315.833,Axis Bluechip,119092
17-11-2016,3315.2236,Axis Bluechip,119092
16-11-2016,3314.6059,Axis Bluechip,119092
15-11-2016,3313.9608,Axis Bluechip,119092
14-11-2016,3313.2632,Axis Bluechip,119092
11-11-2016,3311.4206,Axis Bluechip,119092
10-11-2016,3310.7985,Axis Bluechip,119092
09-11-2016,3310.1841,Axis Bluechip,119092
08-11-2016,3309.568,Axis Bluechip,119092
07-11-2016,3308.9568,Axis Bluechip,119092
06-11-2016,3308.346,Axis Bluechip,119092
04-11-2016,3307.1195,Axis Bluechip,119092
03-11-2016,3306.5054,Axis Bluechip,119092
02-11-2016,3305.8902,Axis Bluechip,119092
01-11-2016,3305.2766,Axis Bluechip,119092
31-10-2016,3304.6573,Axis Bluechip,119092
28-10-2016,3302.8225,Axis Bluechip,119092
27-10-2016,3302.2025,Axis Bluechip,119092
26-10-2016,3301.5958,Axis Bluechip,119092
25-10-2016,3300.9863,Axis Bluechip,119092
24-10-2016,3300.377,Axis Bluechip,119092
23-10-2016,3299.7659,Axis Bluechip,119092
21-10-2016,3298.5155,Axis Bluechip,119092
20-10-2016,3297.9555,Axis Bluechip,119092
19-10-2016,3297.3496,Axis Bluechip,119092
18-10-2016,3296.7442,Axis Bluechip,119092
17-10-2016,3296.1379,Axis Bluechip,119092
16-10-2016,3295.5288,Axis Bluechip,119092
14-10-2016,3294.2376,Axis Bluechip,119092
13-10-2016,3293.6862,Axis Bluechip,119092
12-10-2016,3293.0718,Axis Bluechip,119092
10-10-2016,3291.8892,Axis Bluechip,119092
09-10-2016,3291.3016,Axis Bluechip,119092
07-10-2016,3290.0718,Axis Bluechip,119092
06-10-2016,3289.4548,Axis Bluechip,119092
05-10-2016,3288.8341,Axis Bluechip,119092
04-10-2016,3288.2173,Axis Bluechip,119092
03-10-2016,3287.5974,Axis Bluechip,119092
02-10-2016,3286.984,Axis Bluechip,119092
30-09-2016,3285.5718,Axis Bluechip,119092
29-09-2016,3284.7643,Axis Bluechip,119092
28-09-2016,3284.1669,Axis Bluechip,119092
27-09-2016,3283.5518,Axis Bluechip,119092
26-09-2016,3282.9408,Axis Bluechip,119092
25-09-2016,3282.3437,Axis Bluechip,119092
23-09-2016,3281.1054,Axis Bluechip,119092
22-09-2016,3280.4814,Axis Bluechip,119092
21-09-2016,3279.876,Axis Bluechip,119092
20-09-2016,3279.2752,Axis Bluechip,119092
19-09-2016,3278.663,Axis Bluechip,119092
18-09-2016,3278.0521,Axis Bluechip,119092
16-09-2016,3276.801,Axis Bluechip,119092
15-09-2016,3276.2065,Axis Bluechip,119092
14-09-2016,3275.5936,Axis Bluechip,119092
13-09-2016,3274.9709,Axis Bluechip,119092
12-09-2016,3274.3642,Axis Bluechip,119092
11-09-2016,3273.7481,Axis Bluechip,119092
09-09-2016,3272.5127,Axis Bluechip,119092
08-09-2016,3271.9333,Axis Bluechip,119092
07-09-2016,3271.3271,Axis Bluechip,119092
06-09-2016,3270.7148,Axis Bluechip,119092
05-09-2016,3270.1044,Axis Bluechip,119092
02-09-2016,3268.2219,Axis Bluechip,119092
01-09-2016,3267.6127,Axis Bluechip,119092
31-08-2016,3267.016,Axis Bluechip,119092
30-08-2016,3266.3862,Axis Bluechip,119092
29-08-2016,3265.8052,Axis Bluechip,119092
28-08-2016,3265.1935,Axis Bluechip,119092
26-08-2016,3263.9616,Axis Bluechip,119092
25-08-2016,3263.3265,Axis Bluechip,119092
24-08-2016,3262.7101,Axis Bluechip,119092
23-08-2016,3262.0914,Axis Bluechip,119092
22-08-2016,3261.4735,Axis Bluechip,119092
21-08-2016,3260.8526,Axis Bluechip,119092
19-08-2016,3259.5958,Axis Bluechip,119092
18-08-2016,3258.9676,Axis Bluechip,119092
17-08-2016,3258.3493,Axis Bluechip,119092
16-08-2016,3257.7361,Axis Bluechip,119092
15-08-2016,3257.1109,Axis Bluechip,119092
12-08-2016,3255.189,Axis Bluechip,119092
11-08-2016,3254.5885,Axis Bluechip,119092
10-08-2016,3253.9374,Axis Bluechip,119092
09-08-2016,3253.3384,Axis Bluechip,119092
08-08-2016,3252.7127,Axis Bluechip,119092
07-08-2016,3252.0719,Axis Bluechip,119092
05-08-2016,3250.7934,Axis Bluechip,119092
04-08-2016,3250.169,Axis Bluechip,119092
03-08-2016,3249.5571,Axis Bluechip,119092
02-08-2016,3248.8641,Axis Bluechip,119092
01-08-2016,3248.2477,Axis Bluechip,119092
31-07-2016,3247.6269,Axis Bluechip,119092
29-07-2016,3246.4186,Axis Bluechip,119092
28-07-2016,3245.7931,Axis Bluechip,119092
27-07-2016,3245.1498,Axis Bluechip,119092
26-07-2016,3244.5138,Axis Bluechip,119092
25-07-2016,3243.8699,Axis Bluechip,119092
24-07-2016,3243.2429,Axis Bluechip,119092
22-07-2016,3241.9722,Axis Bluechip,119092
21-07-2016,3241.3324,Axis Bluechip,119092
20-07-2016,3240.6932,Axis Bluechip,119092
19-07-2016,3240.0509,Axis Bluechip,119092
18-07-2016,3239.418,Axis Bluechip,119092
17-07-2016,3238.7807,Axis Bluechip,119092
15-07-2016,3237.4948,Axis Bluechip,119092
14-07-2016,3236.8338,Axis Bluechip,119092
13-07-2016,3236.1354,Axis Bluechip,119092
12-07-2016,3235.4789,Axis Bluechip,119092
11-07-2016,3234.8239,Axis Bluechip,119092
10-07-2016,3234.1729,Axis Bluechip,119092
08-07-2016,3232.8805,Axis Bluechip,119092
07-07-2016,3232.2341,Axis Bluechip,119092
06-07-2016,3231.5512,Axis Bluechip,119092
05-07-2016,3230.9013,Axis Bluechip,119092
04-07-2016,3230.2398,Axis Bluechip,119092
03-07-2016,3229.5843,Axis Bluechip,119092
01-07-2016,3228.2491,Axis Bluechip,119092
30-06-2016,3227.4877,Axis Bluechip,119092
29-06-2016,3226.6535,Axis Bluechip,119092
28-06-2016,3225.9881,Axis Bluechip,119092
27-06-2016,3225.3149,Axis Bluechip,119092
26-06-2016,3224.6494,Axis Bluechip,119092
24-06-2016,3223.2605,Axis Bluechip,119092
23-06-2016,3222.6357,Axis Bluechip,119092
22-06-2016,3221.9762,Axis Bluechip,119092
21-06-2016,3221.3228,Axis Bluechip,119092
20-06-2016,3220.6629,Axis Bluechip,119092
19-06-2016,3220.0235,Axis Bluechip,119092
17-06-2016,3218.6867,Axis Bluechip,119092
16-06-2016,3218.0488,Axis Bluechip,119092
15-06-2016,3217.3867,Axis Bluechip,119092
14-06-2016,3216.6962,Axis Bluechip,119092
13-06-2016,3216.0085,Axis Bluechip,119092
12-06-2016,3215.3314,Axis Bluechip,119092
10-06-2016,3213.9764,Axis Bluechip,119092
09-06-2016,3213.2888,Axis Bluechip,119092
08-06-2016,3212.6384,Axis Bluechip,119092
07-06-2016,3211.9477,Axis Bluechip,119092
06-06-2016,3211.27,Axis Bluechip,119092
05-06-2016,3210.5478,Axis Bluechip,119092
03-06-2016,3209.248,Axis Bluechip,119092
02-06-2016,3208.578,Axis Bluechip,119092
01-06-2016,3207.8852,Axis Bluechip,119092
31-05-2016,3207.1892,Axis Bluechip,119092
30-05-2016,3206.47,Axis Bluechip,119092
29-05-2016,3205.8183,Axis Bluechip,119092
27-05-2016,3204.4825,Axis Bluechip,119092
26-05-2016,3203.8147,Axis Bluechip,119092
25-05-2016,3203.1676,Axis Bluechip,119092
24-05-2016,3202.4885,Axis Bluechip,119092
23-05-2016,3201.822,Axis Bluechip,119092
22-05-2016,3201.1418,Axis Bluechip,119092
20-05-2016,3199.7975,Axis Bluechip,119092
19-05-2016,3199.0833,Axis Bluechip,119092
18-05-2016,3198.4011,Axis Bluechip,119092
17-05-2016,3197.6936,Axis Bluechip,119092
16-05-2016,3197.0099,Axis Bluechip,119092
15-05-2016,3196.3182,Axis Bluechip,119092
13-05-2016,3194.928,Axis Bluechip,119092
12-05-2016,3194.2406,Axis Bluechip,119092
11-05-2016,3193.5508,Axis Bluechip,119092
10-05-2016,3192.864,Axis Bluechip,119092
09-05-2016,3192.1855,Axis Bluechip,119092
08-05-2016,3191.5075,Axis Bluechip,119092
06-05-2016,3190.0927,Axis Bluechip,119092
05-05-2016,3189.4069,Axis Bluechip,119092
04-05-2016,3188.7163,Axis Bluechip,119092
03-05-2016,3188.0279,Axis Bluechip,119092
02-05-2016,3187.328,Axis Bluechip,119092
01-05-2016,3186.6296,Axis Bluechip,119092
29-04-2016,3185.241,Axis Bluechip,119092
28-04-2016,3184.5522,Axis Bluechip,119092
27-04-2016,3183.8524,Axis Bluechip,119092
26-04-2016,3183.167,Axis Bluechip,119092
25-04-2016,3182.4759,Axis Bluechip,119092
24-04-2016,3181.7971,Axis Bluechip,119092
22-04-2016,3180.3791,Axis Bluechip,119092
21-04-2016,3179.6725,Axis Bluechip,119092
20-04-2016,3178.9937,Axis Bluechip,119092
19-04-2016,3178.2989,Axis Bluechip,119092
18-04-2016,3177.6109,Axis Bluechip,119092
17-04-2016,3176.9229,Axis Bluechip,119092
13-04-2016,3174.0609,Axis Bluechip,119092
12-04-2016,3173.3481,Axis Bluechip,119092
11-04-2016,3172.6688,Axis Bluechip,119092
10-04-2016,3171.9299,Axis Bluechip,119092
07-04-2016,3169.7482,Axis Bluechip,119092
06-04-2016,3169.0079,Axis Bluechip,119092
05-04-2016,3168.3416,Axis Bluechip,119092
04-04-2016,3167.5146,Axis Bluechip,119092
03-04-2016,3166.6893,Axis Bluechip,119092
31-03-2016,3163.9749,Axis Bluechip,119092
30-03-2016,3161.7279,Axis Bluechip,119092
29-03-2016,3160.7439,Axis Bluechip,119092
28-03-2016,3159.9847,Axis Bluechip,119092
27-03-2016,3159.3598,Axis Bluechip,119092
23-03-2016,3156.4726,Axis Bluechip,119092
22-03-2016,3155.9923,Axis Bluechip,119092
21-03-2016,3155.2912,Axis Bluechip,119092
20-03-2016,3154.5758,Axis Bluechip,119092
18-03-2016,3153.1528,Axis Bluechip,119092
17-03-2016,3152.4093,Axis Bluechip,119092
16-03-2016,3151.6748,Axis Bluechip,119092
15-03-2016,3150.9635,Axis Bluechip,119092
14-03-2016,3150.2227,Axis Bluechip,119092
13-03-2016,3149.4017,Axis Bluechip,119092
11-03-2016,3147.9784,Axis Bluechip,119092
10-03-2016,3147.2584,Axis Bluechip,119092
09-03-2016,3146.6036,Axis Bluechip,119092
08-03-2016,3145.9221,Axis Bluechip,119092
07-03-2016,3145.2805,Axis Bluechip,119092
04-03-2016,3143.2208,Axis Bluechip,119092
03-03-2016,3142.5577,Axis Bluechip,119092
02-03-2016,3141.8721,Axis Bluechip,119092
01-03-2016,3141.1679,Axis Bluechip,119092
29-02-2016,3140.4691,Axis Bluechip,119092
28-02-2016,3139.7574,Axis Bluechip,119092
26-02-2016,3138.3921,Axis Bluechip,119092
25-02-2016,3137.7835,Axis Bluechip,119092
24-02-2016,3137.1609,Axis Bluechip,119092
23-02-2016,3136.5331,Axis Bluechip,119092
22-02-2016,3135.8917,Axis Bluechip,119092
21-02-2016,3135.2388,Axis Bluechip,119092
18-02-2016,3133.2112,Axis Bluechip,119092
17-02-2016,3132.5846,Axis Bluechip,119092
16-02-2016,3131.9276,Axis Bluechip,119092
15-02-2016,3131.2698,Axis Bluechip,119092
14-02-2016,3130.6152,Axis Bluechip,119092
12-02-2016,3129.2884,Axis Bluechip,119092
11-02-2016,3128.6196,Axis Bluechip,119092
10-02-2016,3127.9645,Axis Bluechip,119092
09-02-2016,3127.2983,Axis Bluechip,119092
08-02-2016,3126.6269,Axis Bluechip,119092
07-02-2016,3125.9741,Axis Bluechip,119092
05-02-2016,3124.6154,Axis Bluechip,119092
04-02-2016,3124.0179,Axis Bluechip,119092
03-02-2016,3123.3797,Axis Bluechip,119092
02-02-2016,3122.7447,Axis Bluechip,119092
01-02-2016,3122.1056,Axis Bluechip,119092
31-01-2016,3121.4624,Axis Bluechip,119092
29-01-2016,3120.1605,Axis Bluechip,119092
28-01-2016,3119.5284,Axis Bluechip,119092
27-01-2016,3118.8894,Axis Bluechip,119092
26-01-2016,3118.2575,Axis Bluechip,119092
25-01-2016,3117.612,Axis Bluechip,119092
24-01-2016,3116.9944,Axis Bluechip,119092
22-01-2016,3115.7175,Axis Bluechip,119092
21-01-2016,3115.0846,Axis Bluechip,119092
20-01-2016,3114.4613,Axis Bluechip,119092
19-01-2016,3113.8248,Axis Bluechip,119092
18-01-2016,3113.2147,Axis Bluechip,119092
17-01-2016,3112.5858,Axis Bluechip,119092
15-01-2016,3111.2911,Axis Bluechip,119092
14-01-2016,3110.6499,Axis Bluechip,119092
13-01-2016,3110.017,Axis Bluechip,119092
12-01-2016,3109.3768,Axis Bluechip,119092
11-01-2016,3108.7484,Axis Bluechip,119092
10-01-2016,3108.1152,Axis Bluechip,119092
08-01-2016,3106.8293,Axis Bluechip,119092
07-01-2016,3106.1847,Axis Bluechip,119092
06-01-2016,3105.5455,Axis Bluechip,119092
05-01-2016,3104.8751,Axis Bluechip,119092
04-01-2016,3104.225,Axis Bluechip,119092
03-01-2016,3103.5954,Axis Bluechip,119092
01-01-2016,3102.3838,Axis Bluechip,119092
31-12-2015,3101.6925,Axis Bluechip,119092
30-12-2015,3100.9072,Axis Bluechip,119092
29-12-2015,3100.264,Axis Bluechip,119092
28-12-2015,3099.6221,Axis Bluechip,119092
27-12-2015,3098.9965,Axis Bluechip,119092
23-12-2015,3096.3937,Axis Bluechip,119092
22-12-2015,3095.7407,Axis Bluechip,119092
21-12-2015,3095.1029,Axis Bluechip,119092
20-12-2015,3094.4618,Axis Bluechip,119092
18-12-2015,3093.1513,Axis Bluechip,119092
17-12-2015,3092.5023,Axis Bluechip,119092
16-12-2015,3091.8707,Axis Bluechip,119092
15-12-2015,3091.2349,Axis Bluechip,119092
14-12-2015,3090.5792,Axis Bluechip,119092
13-12-2015,3089.9734,Axis Bluechip,119092
11-12-2015,3088.6927,Axis Bluechip,119092
10-12-2015,3088.0813,Axis Bluechip,119092
09-12-2015,3087.4736,Axis Bluechip,119092
08-12-2015,3086.8712,Axis Bluechip,119092
07-12-2015,3086.2556,Axis Bluechip,119092
06-12-2015,3085.6465,Axis Bluechip,119092
04-12-2015,3084.3877,Axis Bluechip,119092
03-12-2015,3083.7681,Axis Bluechip,119092
02-12-2015,3083.1525,Axis Bluechip,119092
01-12-2015,3082.5388,Axis Bluechip,119092
30-11-2015,3081.933,Axis Bluechip,119092
29-11-2015,3081.3229,Axis Bluechip,119092
27-11-2015,3080.137,Axis Bluechip,119092
26-11-2015,3079.5045,Axis Bluechip,119092
25-11-2015,3078.8659,Axis Bluechip,119092
24-11-2015,3078.2189,Axis Bluechip,119092
23-11-2015,3077.5969,Axis Bluechip,119092
22-11-2015,3076.982,Axis Bluechip,119092
20-11-2015,3075.6872,Axis Bluechip,119092
19-11-2015,3075.1328,Axis Bluechip,119092
18-11-2015,3074.5085,Axis Bluechip,119092
17-11-2015,3073.8901,Axis Bluechip,119092
16-11-2015,3073.2585,Axis Bluechip,119092
15-11-2015,3072.6355,Axis Bluechip,119092
13-11-2015,3071.3642,Axis Bluechip,119092
12-11-2015,3070.7243,Axis Bluechip,119092
10-11-2015,3069.476,Axis Bluechip,119092
09-11-2015,3068.8375,Axis Bluechip,119092
08-11-2015,3068.2149,Axis Bluechip,119092
06-11-2015,3066.9314,Axis Bluechip,119092
05-11-2015,3066.2883,Axis Bluechip,119092
04-11-2015,3065.6646,Axis Bluechip,119092
03-11-2015,3065.0468,Axis Bluechip,119092
02-11-2015,3064.428,Axis Bluechip,119092
01-11-2015,3063.8107,Axis Bluechip,119092
30-10-2015,3062.5204,Axis Bluechip,119092
29-10-2015,3061.871,Axis Bluechip,119092
28-10-2015,3061.2513,Axis Bluechip,119092
27-10-2015,3060.6123,Axis Bluechip,119092
26-10-2015,3059.9919,Axis Bluechip,119092
25-10-2015,3059.3499,Axis Bluechip,119092
23-10-2015,3058.104,Axis Bluechip,119092
22-10-2015,3057.4803,Axis Bluechip,119092
21-10-2015,3056.838,Axis Bluechip,119092
20-10-2015,3056.1957,Axis Bluechip,119092
19-10-2015,3055.572,Axis Bluechip,119092
18-10-2015,3054.9508,Axis Bluechip,119092
16-10-2015,3053.6683,Axis Bluechip,119092
15-10-2015,3053.0272,Axis Bluechip,119092
14-10-2015,3052.405,Axis Bluechip,119092
13-10-2015,3051.7763,Axis Bluechip,119092
12-10-2015,3051.1526,Axis Bluechip,119092
11-10-2015,3050.5247,Axis Bluechip,119092
09-10-2015,3049.2565,Axis Bluechip,119092
08-10-2015,3048.6109,Axis Bluechip,119092
07-10-2015,3047.9811,Axis Bluechip,119092
06-10-2015,3047.348,Axis Bluechip,119092
05-10-2015,3046.7171,Axis Bluechip,119092
04-10-2015,3046.0815,Axis Bluechip,119092
01-10-2015,3044.1152,Axis Bluechip,119092
30-09-2015,3043.4443,Axis Bluechip,119092
29-09-2015,3042.6718,Axis Bluechip,119092
28-09-2015,3041.805,Axis Bluechip,119092
27-09-2015,3041.1659,Axis Bluechip,119092
24-09-2015,3039.2221,Axis Bluechip,119092
23-09-2015,3038.592,Axis Bluechip,119092
22-09-2015,3037.9614,Axis Bluechip,119092
21-09-2015,3037.3316,Axis Bluechip,119092
20-09-2015,3036.6963,Axis Bluechip,119092
18-09-2015,3035.4112,Axis Bluechip,119092
17-09-2015,3034.7669,Axis Bluechip,119092
16-09-2015,3034.1444,Axis Bluechip,119092
15-09-2015,3033.5229,Axis Bluechip,119092
14-09-2015,3032.8914,Axis Bluechip,119092
13-09-2015,3032.2699,Axis Bluechip,119092
11-09-2015,3030.9723,Axis Bluechip,119092
10-09-2015,3030.3753,Axis Bluechip,119092
09-09-2015,3029.7792,Axis Bluechip,119092
08-09-2015,3029.156,Axis Bluechip,119092
07-09-2015,3028.5349,Axis Bluechip,119092
06-09-2015,3027.9099,Axis Bluechip,119092
04-09-2015,3026.5983,Axis Bluechip,119092
03-09-2015,3025.9735,Axis Bluechip,119092
02-09-2015,3025.3461,Axis Bluechip,119092
01-09-2015,3024.7217,Axis Bluechip,119092
31-08-2015,3024.094,Axis Bluechip,119092
30-08-2015,3023.47,Axis Bluechip,119092
28-08-2015,30.2219,Axis Bluechip,119092
27-08-2015,30.2156,Axis Bluechip,119092
26-08-2015,30.2093,Axis Bluechip,119092
25-08-2015,30.203,Axis Bluechip,119092
24-08-2015,30.1967,Axis Bluechip,119092
23-08-2015,30.1905,Axis Bluechip,119092
21-08-2015,30.1777,Axis Bluechip,119092
20-08-2015,30.1712,Axis Bluechip,119092
19-08-2015,30.1649,Axis Bluechip,119092
18-08-2015,30.1587,Axis Bluechip,119092
17-08-2015,30.1524,Axis Bluechip,119092
16-08-2015,30.1463,Axis Bluechip,119092
14-08-2015,30.1332,Axis Bluechip,119092
13-08-2015,30.1267,Axis Bluechip,119092
12-08-2015,30.1204,Axis Bluechip,119092
11-08-2015,30.1139,Axis Bluechip,119092
10-08-2015,30.1076,Axis Bluechip,119092
09-08-2015,30.1011,Axis Bluechip,119092
07-08-2015,30.0879,Axis Bluechip,119092
06-08-2015,30.0813,Axis Bluechip,119092
05-08-2015,30.075,Axis Bluechip,119092
04-08-2015,30.0685,Axis Bluechip,119092
03-08-2015,30.062,Axis Bluechip,119092
02-08-2015,30.0556,Axis Bluechip,119092
31-07-2015,30.0425,Axis Bluechip,119092
30-07-2015,30.0361,Axis Bluechip,119092
29-07-2015,30.0296,Axis Bluechip,119092
28-07-2015,30.0231,Axis Bluechip,119092
27-07-2015,30.0166,Axis Bluechip,119092
26-07-2015,30.0102,Axis Bluechip,119092
24-07-2015,29.997,Axis Bluechip,119092
23-07-2015,29.9904,Axis Bluechip,119092
22-07-2015,29.9839,Axis Bluechip,119092
21-07-2015,29.9774,Axis Bluechip,119092
20-07-2015,29.9708,Axis Bluechip,119092
19-07-2015,29.9643,Axis Bluechip,119092
17-07-2015,29.9511,Axis Bluechip,119092
16-07-2015,29.9445,Axis Bluechip,119092
15-07-2015,29.938,Axis Bluechip,119092
14-07-2015,29.9315,Axis Bluechip,119092
13-07-2015,29.9249,Axis Bluechip,119092
12-07-2015,29.9184,Axis Bluechip,119092
10-07-2015,29.9052,Axis Bluechip,119092
09-07-2015,29.8986,Axis Bluechip,119092
08-07-2015,29.8921,Axis Bluechip,119092
07-07-2015,29.8856,Axis Bluechip,119092
06-07-2015,29.8791,Axis Bluechip,119092
05-07-2015,29.8724,Axis Bluechip,119092
03-07-2015,29.8595,Axis Bluechip,119092
02-07-2015,29.8528,Axis Bluechip,119092
01-07-2015,29.8462,Axis Bluechip,119092
30-06-2015,29.8396,Axis Bluechip,119092
29-06-2015,29.8317,Axis Bluechip,119092
28-06-2015,29.8251,Axis Bluechip,119092
26-06-2015,29.8121,Axis Bluechip,119092
25-06-2015,29.8054,Axis Bluechip,119092
24-06-2015,29.7989,Axis Bluechip,119092
23-06-2015,29.7923,Axis Bluechip,119092
22-06-2015,29.7858,Axis Bluechip,119092
21-06-2015,29.7793,Axis Bluechip,119092
19-06-2015,29.7664,Axis Bluechip,119092
18-06-2015,29.7597,Axis Bluechip,119092
17-06-2015,29.7532,Axis Bluechip,119092
16-06-2015,29.7466,Axis Bluechip,119092
15-06-2015,29.7401,Axis Bluechip,119092
14-06-2015,29.7336,Axis Bluechip,119092
12-06-2015,29.7203,Axis Bluechip,119092
11-06-2015,29.7137,Axis Bluechip,119092
10-06-2015,29.7071,Axis Bluechip,119092
09-06-2015,29.7004,Axis Bluechip,119092
08-06-2015,29.6937,Axis Bluechip,119092
07-06-2015,29.6871,Axis Bluechip,119092
05-06-2015,29.6739,Axis Bluechip,119092
04-06-2015,29.6673,Axis Bluechip,119092
03-06-2015,29.6605,Axis Bluechip,119092
02-06-2015,29.6537,Axis Bluechip,119092
01-06-2015,29.647,Axis Bluechip,119092
31-05-2015,29.64,Axis Bluechip,119092
29-05-2015,29.6269,Axis Bluechip,119092
28-05-2015,29.6199,Axis Bluechip,119092
27-05-2015,29.6131,Axis Bluechip,119092
26-05-2015,29.6063,Axis Bluechip,119092
25-05-2015,29.5994,Axis Bluechip,119092
24-05-2015,29.5925,Axis Bluechip,119092
22-05-2015,29.5794,Axis Bluechip,119092
21-05-2015,29.5726,Axis Bluechip,119092
20-05-2015,29.5655,Axis Bluechip,119092
19-05-2015,29.5588,Axis Bluechip,119092
18-05-2015,29.5519,Axis Bluechip,119092
17-05-2015,29.5448,Axis Bluechip,119092
15-05-2015,29.531,Axis Bluechip,119092
14-05-2015,29.5243,Axis Bluechip,119092
13-05-2015,29.5174,Axis Bluechip,119092
12-05-2015,29.5106,Axis Bluechip,119092
11-05-2015,29.5038,Axis Bluechip,119092
10-05-2015,29.497,Axis Bluechip,119092
08-05-2015,29.4835,Axis Bluechip,119092
07-05-2015,29.4768,Axis Bluechip,119092
06-05-2015,29.4702,Axis Bluechip,119092
05-05-2015,29.4635,Axis Bluechip,119092
04-05-2015,29.4569,Axis Bluechip,119092
30-04-2015,29.4294,Axis Bluechip,119092
29-04-2015,29.4227,Axis Bluechip,119092
28-04-2015,29.4158,Axis Bluechip,119092
27-04-2015,29.409,Axis Bluechip,119092
26-04-2015,29.4023,Axis Bluechip,119092
24-04-2015,29.3887,Axis Bluechip,119092
23-04-2015,29.3819,Axis Bluechip,119092
22-04-2015,29.3751,Axis Bluechip,119092
21-04-2015,29.3684,Axis Bluechip,119092
20-04-2015,29.3616,Axis Bluechip,119092
19-04-2015,29.3548,Axis Bluechip,119092
17-04-2015,29.3411,Axis Bluechip,119092
16-04-2015,29.3343,Axis Bluechip,119092
15-04-2015,29.3276,Axis Bluechip,119092
14-04-2015,29.3208,Axis Bluechip,119092
13-04-2015,29.314,Axis Bluechip,119092
12-04-2015,29.3073,Axis Bluechip,119092
10-04-2015,29.2936,Axis Bluechip,119092
09-04-2015,29.2871,Axis Bluechip,119092
08-04-2015,29.2801,Axis Bluechip,119092
07-04-2015,29.2735,Axis Bluechip,119092
06-04-2015,29.2665,Axis Bluechip,119092
05-04-2015,29.2588,Axis Bluechip,119092
31-03-2015,29.2191,Axis Bluechip,119092
30-03-2015,29.2056,Axis Bluechip,119092
29-03-2015,29.1978,Axis Bluechip,119092
27-03-2015,29.1838,Axis Bluechip,119092
26-03-2015,29.1768,Axis Bluechip,119092
25-03-2015,29.1698,Axis Bluechip,119092
24-03-2015,29.1631,Axis Bluechip,119092
23-03-2015,29.1566,Axis Bluechip,119092
22-03-2015,29.15,Axis Bluechip,119092
20-03-2015,29.1361,Axis Bluechip,119092
19-03-2015,29.1293,Axis Bluechip,119092
18-03-2015,29.1225,Axis Bluechip,119092
17-03-2015,29.1157,Axis Bluechip,119092
16-03-2015,29.1089,Axis Bluechip,119092
15-03-2015,29.1021,Axis Bluechip,119092
13-03-2015,29.0881,Axis Bluechip,119092
12-03-2015,29.0813,Axis Bluechip,119092
11-03-2015,29.0746,Axis Bluechip,119092
10-03-2015,29.068,Axis Bluechip,119092
09-03-2015,29.0612,Axis Bluechip,119092
08-03-2015,29.0546,Axis Bluechip,119092
05-03-2015,29.034,Axis Bluechip,119092
04-03-2015,29.0269,Axis Bluechip,119092
03-03-2015,29.0196,Axis Bluechip,119092
02-03-2015,29.0128,Axis Bluechip,119092
01-03-2015,29.0062,Axis Bluechip,119092
27-02-2015,28.9925,Axis Bluechip,119092
26-02-2015,28.9857,Axis Bluechip,119092
25-02-2015,28.9789,Axis Bluechip,119092
24-02-2015,28.9723,Axis Bluechip,119092
23-02-2015,28.9657,Axis Bluechip,119092
22-02-2015,28.9591,Axis Bluechip,119092
20-02-2015,28.9458,Axis Bluechip,119092
19-02-2015,28.9392,Axis Bluechip,119092
18-02-2015,28.9326,Axis Bluechip,119092
17-02-2015,28.926,Axis Bluechip,119092
16-02-2015,28.9195,Axis Bluechip,119092
15-02-2015,28.9129,Axis Bluechip,119092
13-02-2015,28.8997,Axis Bluechip,119092
12-02-2015,28.8931,Axis Bluechip,119092
11-02-2015,28.8865,Axis Bluechip,119092
10-02-2015,28.8799,Axis Bluechip,119092
09-02-2015,28.8733,Axis Bluechip,119092
08-02-2015,28.8667,Axis Bluechip,119092
06-02-2015,28.8535,Axis Bluechip,119092
05-02-2015,28.8469,Axis Bluechip,119092
04-02-2015,28.8403,Axis Bluechip,119092
03-02-2015,28.8337,Axis Bluechip,119092
02-02-2015,28.8272,Axis Bluechip,119092
01-02-2015,28.8206,Axis Bluechip,119092
30-01-2015,28.8074,Axis Bluechip,119092
29-01-2015,28.8007,Axis Bluechip,119092
28-01-2015,28.7941,Axis Bluechip,119092
27-01-2015,28.7875,Axis Bluechip,119092
26-01-2015,28.7808,Axis Bluechip,119092
23-01-2015,28.7612,Axis Bluechip,119092
22-01-2015,28.7546,Axis Bluechip,119092
21-01-2015,28.748,Axis Bluechip,119092
20-01-2015,28.7414,Axis Bluechip,119092
19-01-2015,28.7348,Axis Bluechip,119092
18-01-2015,28.7282,Axis Bluechip,119092
16-01-2015,28.715,Axis Bluechip,119092
15-01-2015,28.7084,Axis Bluechip,119092
14-01-2015,28.7017,Axis Bluechip,119092
13-01-2015,28.6951,Axis Bluechip,119092
12-01-2015,28.6885,Axis Bluechip,119092
11-01-2015,28.6819,Axis Bluechip,119092
09-01-2015,28.6687,Axis Bluechip,119092
08-01-2015,28.6621,Axis Bluechip,119092
07-01-2015,28.6555,Axis Bluechip,119092
06-01-2015,28.6489,Axis Bluechip,119092
05-01-2015,28.6423,Axis Bluechip,119092
04-01-2015,28.6357,Axis Bluechip,119092
02-01-2015,28.6226,Axis Bluechip,119092
01-01-2015,28.616,Axis Bluechip,119092
31-12-2014,28.6091,Axis Bluechip,119092
30-12-2014,28.6019,Axis Bluechip,119092
29-12-2014,28.5952,Axis Bluechip,119092
28-12-2014,28.5886,Axis Bluechip,119092
26-12-2014,28.5754,Axis Bluechip,119092
25-12-2014,28.569,Axis Bluechip,119092
24-12-2014,28.5624,Axis Bluechip,119092
23-12-2014,28.5559,Axis Bluechip,119092
22-12-2014,28.5493,Axis Bluechip,119092
21-12-2014,28.543,Axis Bluechip,119092
19-12-2014,28.5299,Axis Bluechip,119092
18-12-2014,28.5234,Axis Bluechip,119092
17-12-2014,28.5169,Axis Bluechip,119092
16-12-2014,28.5104,Axis Bluechip,119092
15-12-2014,28.5039,Axis Bluechip,119092
14-12-2014,28.4975,Axis Bluechip,119092
12-12-2014,28.4846,Axis Bluechip,119092
11-12-2014,28.4779,Axis Bluechip,119092
10-12-2014,28.4713,Axis Bluechip,119092
09-12-2014,28.4648,Axis Bluechip,119092
08-12-2014,28.4582,Axis Bluechip,119092
07-12-2014,28.4517,Axis Bluechip,119092
05-12-2014,28.4387,Axis Bluechip,119092
04-12-2014,28.4321,Axis Bluechip,119092
03-12-2014,28.4256,Axis Bluechip,119092
02-12-2014,28.419,Axis Bluechip,119092
01-12-2014,28.4124,Axis Bluechip,119092
30-11-2014,28.4057,Axis Bluechip,119092
28-11-2014,28.3926,Axis Bluechip,119092
27-11-2014,28.3861,Axis Bluechip,119092
26-11-2014,28.3795,Axis Bluechip,119092
25-11-2014,28.373,Axis Bluechip,119092
24-11-2014,28.3664,Axis Bluechip,119092
23-11-2014,28.3598,Axis Bluechip,119092
21-11-2014,28.3465,Axis Bluechip,119092
20-11-2014,28.3398,Axis Bluechip,119092
19-11-2014,28.3332,Axis Bluechip,119092
18-11-2014,28.3265,Axis Bluechip,119092
17-11-2014,28.3199,Axis Bluechip,119092
16-11-2014,28.3132,Axis Bluechip,119092
14-11-2014,28.3,Axis Bluechip,119092
13-11-2014,28.2934,Axis Bluechip,119092
12-11-2014,28.2868,Axis Bluechip,119092
11-11-2014,28.2802,Axis Bluechip,119092
10-11-2014,28.2736,Axis Bluechip,119092
09-11-2014,28.2669,Axis Bluechip,119092
07-11-2014,28.2538,Axis Bluechip,119092
06-11-2014,28.247,Axis Bluechip,119092
05-11-2014,28.2404,Axis Bluechip,119092
04-11-2014,28.2336,Axis Bluechip,119092
03-11-2014,28.227,Axis Bluechip,119092
02-11-2014,28.2203,Axis Bluechip,119092
31-10-2014,28.2069,Axis Bluechip,119092
30-10-2014,28.2001,Axis Bluechip,119092
29-10-2014,28.1934,Axis Bluechip,119092
28-10-2014,28.1867,Axis Bluechip,119092
27-10-2014,28.1801,Axis Bluechip,119092
26-10-2014,28.1734,Axis Bluechip,119092
22-10-2014,28.1466,Axis Bluechip,119092
21-10-2014,28.1404,Axis Bluechip,119092
20-10-2014,28.1338,Axis Bluechip,119092
19-10-2014,28.1272,Axis Bluechip,119092
17-10-2014,28.114,Axis Bluechip,119092
16-10-2014,28.1073,Axis Bluechip,119092
15-10-2014,28.1006,Axis Bluechip,119092
14-10-2014,28.094,Axis Bluechip,119092
13-10-2014,28.0873,Axis Bluechip,119092
12-10-2014,28.0806,Axis Bluechip,119092
10-10-2014,28.0674,Axis Bluechip,119092
09-10-2014,28.0608,Axis Bluechip,119092
08-10-2014,28.0542,Axis Bluechip,119092
07-10-2014,28.0473,Axis Bluechip,119092
06-10-2014,28.0406,Axis Bluechip,119092
01-10-2014,28.006,Axis Bluechip,119092
30-09-2014,28.0002,Axis Bluechip,119092
29-09-2014,27.9924,Axis Bluechip,119092
28-09-2014,27.9858,Axis Bluechip,119092
26-09-2014,27.9727,Axis Bluechip,119092
25-09-2014,27.9661,Axis Bluechip,119092
24-09-2014,27.9595,Axis Bluechip,119092
23-09-2014,27.9528,Axis Bluechip,119092
22-09-2014,27.9461,Axis Bluechip,119092
21-09-2014,27.9395,Axis Bluechip,119092
19-09-2014,27.9262,Axis Bluechip,119092
18-09-2014,27.9195,Axis Bluechip,119092
17-09-2014,27.9128,Axis Bluechip,119092
16-09-2014,27.9062,Axis Bluechip,119092
15-09-2014,27.8996,Axis Bluechip,119092
14-09-2014,27.893,Axis Bluechip,119092
12-09-2014,27.8799,Axis Bluechip,119092
11-09-2014,27.8734,Axis Bluechip,119092
10-09-2014,27.8669,Axis Bluechip,119092
09-09-2014,27.8603,Axis Bluechip,119092
08-09-2014,27.8538,Axis Bluechip,119092
07-09-2014,27.8472,Axis Bluechip,119092
05-09-2014,27.8342,Axis Bluechip,119092
04-09-2014,27.8277,Axis Bluechip,119092
03-09-2014,27.8211,Axis Bluechip,119092
02-09-2014,27.8146,Axis Bluechip,119092
01-09-2014,27.8081,Axis Bluechip,119092
31-08-2014,27.8016,Axis Bluechip,119092
28-08-2014,27.7821,Axis Bluechip,119092
27-08-2014,27.7754,Axis Bluechip,119092
26-08-2014,27.769,Axis Bluechip,119092
25-08-2014,27.7624,Axis Bluechip,119092
24-08-2014,27.7559,Axis Bluechip,119092
22-08-2014,27.7431,Axis Bluechip,119092
21-08-2014,27.7366,Axis Bluechip,119092
20-08-2014,27.7301,Axis Bluechip,119092
19-08-2014,27.7237,Axis Bluechip,119092
18-08-2014,27.7173,Axis Bluechip,119092
14-08-2014,27.6915,Axis Bluechip,119092
13-08-2014,27.6851,Axis Bluechip,119092
12-08-2014,27.6787,Axis Bluechip,119092
11-08-2014,27.6723,Axis Bluechip,119092
10-08-2014,27.6659,Axis Bluechip,119092
08-08-2014,27.6531,Axis Bluechip,119092
07-08-2014,27.6468,Axis Bluechip,119092
06-08-2014,27.6404,Axis Bluechip,119092
05-08-2014,27.6341,Axis Bluechip,119092
04-08-2014,27.6277,Axis Bluechip,119092
03-08-2014,27.6213,Axis Bluechip,119092
01-08-2014,27.6086,Axis Bluechip,119092
31-07-2014,27.6022,Axis Bluechip,119092
30-07-2014,27.5959,Axis Bluechip,119092
29-07-2014,27.5895,Axis Bluechip,119092
28-07-2014,27.5832,Axis Bluechip,119092
27-07-2014,27.5769,Axis Bluechip,119092
25-07-2014,27.5643,Axis Bluechip,119092
24-07-2014,27.5579,Axis Bluechip,119092
23-07-2014,27.5517,Axis Bluechip,119092
22-07-2014,27.5456,Axis Bluechip,119092
21-07-2014,27.5394,Axis Bluechip,119092
20-07-2014,27.533,Axis Bluechip,119092
18-07-2014,27.5205,Axis Bluechip,119092
17-07-2014,27.5141,Axis Bluechip,119092
16-07-2014,27.5077,Axis Bluechip,119092
15-07-2014,27.5014,Axis Bluechip,119092
14-07-2014,27.495,Axis Bluechip,119092
13-07-2014,27.4888,Axis Bluechip,119092
11-07-2014,27.4762,Axis Bluechip,119092
10-07-2014,27.4701,Axis Bluechip,119092
09-07-2014,27.4639,Axis Bluechip,119092
08-07-2014,27.4576,Axis Bluechip,119092
07-07-2014,27.4513,Axis Bluechip,119092
06-07-2014,27.4449,Axis Bluechip,119092
04-07-2014,27.4323,Axis Bluechip,119092
03-07-2014,27.426,Axis Bluechip,119092
02-07-2014,27.4196,Axis Bluechip,119092
01-07-2014,27.4131,Axis Bluechip,119092
30-06-2014,27.4057,Axis Bluechip,119092
29-06-2014,27.3987,Axis Bluechip,119092
27-06-2014,27.386,Axis Bluechip,119092
26-06-2014,27.3796,Axis Bluechip,119092
25-06-2014,27.3732,Axis Bluechip,119092
24-06-2014,27.3668,Axis Bluechip,119092
23-06-2014,27.3605,Axis Bluechip,119092
22-06-2014,27.3542,Axis Bluechip,119092
20-06-2014,27.3415,Axis Bluechip,119092
19-06-2014,27.3352,Axis Bluechip,119092
18-06-2014,27.3286,Axis Bluechip,119092
17-06-2014,27.3222,Axis Bluechip,119092
16-06-2014,27.3157,Axis Bluechip,119092
15-06-2014,27.3094,Axis Bluechip,119092
13-06-2014,27.2963,Axis Bluechip,119092
12-06-2014,27.2902,Axis Bluechip,119092
11-06-2014,27.2838,Axis Bluechip,119092
10-06-2014,27.2773,Axis Bluechip,119092
09-06-2014,27.2708,Axis Bluechip,119092
08-06-2014,27.2643,Axis Bluechip,119092
06-06-2014,27.2514,Axis Bluechip,119092
05-06-2014,27.2449,Axis Bluechip,119092
04-06-2014,27.2385,Axis Bluechip,119092
03-06-2014,27.2319,Axis Bluechip,119092
02-06-2014,27.2252,Axis Bluechip,119092
01-06-2014,27.2189,Axis Bluechip,119092
30-05-2014,27.206,Axis Bluechip,119092
29-05-2014,27.1994,Axis Bluechip,119092
28-05-2014,27.1928,Axis Bluechip,119092
27-05-2014,27.1863,Axis Bluechip,119092
26-05-2014,27.1798,Axis Bluechip,119092
25-05-2014,27.1733,Axis Bluechip,119092
23-05-2014,27.1604,Axis Bluechip,119092
22-05-2014,27.154,Axis Bluechip,119092
21-05-2014,27.1474,Axis Bluechip,119092
20-05-2014,27.1406,Axis Bluechip,119092
19-05-2014,27.1338,Axis Bluechip,119092
18-05-2014,27.1274,Axis Bluechip,119092
16-05-2014,27.1137,Axis Bluechip,119092
15-05-2014,27.1077,Axis Bluechip,119092
14-05-2014,27.1012,Axis Bluechip,119092
13-05-2014,27.0947,Axis Bluechip,119092
12-05-2014,27.0881,Axis Bluechip,119092
11-05-2014,27.0815,Axis Bluechip,119092
09-05-2014,27.0686,Axis Bluechip,119092
08-05-2014,27.0619,Axis Bluechip,119092
07-05-2014,27.0553,Axis Bluechip,119092
06-05-2014,27.0488,Axis Bluechip,119092
05-05-2014,27.0422,Axis Bluechip,119092
04-05-2014,27.0356,Axis Bluechip,119092
02-05-2014,27.0224,Axis Bluechip,119092
01-05-2014,27.0157,Axis Bluechip,119092
30-04-2014,27.009,Axis Bluechip,119092
29-04-2014,27.0024,Axis Bluechip,119092
28-04-2014,26.9958,Axis Bluechip,119092
27-04-2014,26.9891,Axis Bluechip,119092
25-04-2014,26.9753,Axis Bluechip,119092
24-04-2014,26.9691,Axis Bluechip,119092
23-04-2014,26.9624,Axis Bluechip,119092
22-04-2014,26.9557,Axis Bluechip,119092
21-04-2014,26.949,Axis Bluechip,119092
20-04-2014,26.9423,Axis Bluechip,119092
17-04-2014,26.9221,Axis Bluechip,119092
16-04-2014,26.9154,Axis Bluechip,119092
15-04-2014,26.9086,Axis Bluechip,119092
14-04-2014,26.9019,Axis Bluechip,119092
11-04-2014,26.8814,Axis Bluechip,119092
10-04-2014,26.8747,Axis Bluechip,119092
09-04-2014,26.8678,Axis Bluechip,119092
08-04-2014,26.8612,Axis Bluechip,119092
07-04-2014,26.8542,Axis Bluechip,119092
06-04-2014,26.8477,Axis Bluechip,119092
04-04-2014,26.8337,Axis Bluechip,119092
03-04-2014,26.8272,Axis Bluechip,119092
02-04-2014,26.8201,Axis Bluechip,119092
01-04-2014,26.8131,Axis Bluechip,119092
31-03-2014,26.805,Axis Bluechip,119092
28-03-2014,26.7777,Axis Bluechip,119092
27-03-2014,26.7694,Axis Bluechip,119092
26-03-2014,26.7624,Axis Bluechip,119092
25-03-2014,26.7554,Axis Bluechip,119092
24-03-2014,26.7484,Axis Bluechip,119092
23-03-2014,26.7409,Axis Bluechip,119092
21-03-2014,26.727,Axis Bluechip,119092
20-03-2014,26.7201,Axis Bluechip,119092
19-03-2014,26.7131,Axis Bluechip,119092
18-03-2014,26.7062,Axis Bluechip,119092
17-03-2014,26.6993,Axis Bluechip,119092
14-03-2014,26.6792,Axis Bluechip,119092
13-03-2014,26.6724,Axis Bluechip,119092
12-03-2014,26.6656,Axis Bluechip,119092
11-03-2014,26.6589,Axis Bluechip,119092
10-03-2014,26.6523,Axis Bluechip,119092
09-03-2014,26.6458,Axis Bluechip,119092
07-03-2014,26.6326,Axis Bluechip,119092
06-03-2014,26.626,Axis Bluechip,119092
05-03-2014,26.6196,Axis Bluechip,119092
04-03-2014,26.6132,Axis Bluechip,119092
03-03-2014,26.6068,Axis Bluechip,119092
02-03-2014,26.6005,Axis Bluechip,119092
28-02-2014,26.5879,Axis Bluechip,119092
27-02-2014,26.5816,Axis Bluechip,119092
26-02-2014,26.5753,Axis Bluechip,119092
25-02-2014,26.569,Axis Bluechip,119092
24-02-2014,26.5625,Axis Bluechip,119092
23-02-2014,26.5563,Axis Bluechip,119092
21-02-2014,26.5438,Axis Bluechip,119092
20-02-2014,26.5376,Axis Bluechip,119092
19-02-2014,26.5314,Axis Bluechip,119092
18-02-2014,26.5252,Axis Bluechip,119092
17-02-2014,26.5189,Axis Bluechip,119092
16-02-2014,26.5127,Axis Bluechip,119092
14-02-2014,26.5002,Axis Bluechip,119092
13-02-2014,26.494,Axis Bluechip,119092
12-02-2014,26.4878,Axis Bluechip,119092
11-02-2014,26.4816,Axis Bluechip,119092
10-02-2014,26.4754,Axis Bluechip,119092
09-02-2014,26.4692,Axis Bluechip,119092
07-02-2014,26.4568,Axis Bluechip,119092
06-02-2014,26.4505,Axis Bluechip,119092
05-02-2014,26.4443,Axis Bluechip,119092
04-02-2014,26.4381,Axis Bluechip,119092
03-02-2014,26.4319,Axis Bluechip,119092
02-02-2014,26.4258,Axis Bluechip,119092
31-01-2014,26.4134,Axis Bluechip,119092
30-01-2014,26.4072,Axis Bluechip,119092
29-01-2014,26.4011,Axis Bluechip,119092
28-01-2014,26.3949,Axis Bluechip,119092
27-01-2014,26.3887,Axis Bluechip,119092
26-01-2014,26.3823,Axis Bluechip,119092
24-01-2014,26.3696,Axis Bluechip,119092
23-01-2014,26.3633,Axis Bluechip,119092
22-01-2014,26.357,Axis Bluechip,119092
21-01-2014,26.3506,Axis Bluechip,119092
20-01-2014,26.3443,Axis Bluechip,119092
19-01-2014,26.3379,Axis Bluechip,119092
17-01-2014,26.3252,Axis Bluechip,119092
16-01-2014,26.3189,Axis Bluechip,119092
15-01-2014,26.3125,Axis Bluechip,119092
14-01-2014,26.3061,Axis Bluechip,119092
13-01-2014,26.2998,Axis Bluechip,119092
12-01-2014,26.2934,Axis Bluechip,119092
10-01-2014,26.2807,Axis Bluechip,119092
09-01-2014,26.2744,Axis Bluechip,119092
08-01-2014,26.2681,Axis Bluechip,119092
07-01-2014,26.2617,Axis Bluechip,119092
06-01-2014,26.2553,Axis Bluechip,119092
05-01-2014,26.2489,Axis Bluechip,119092
03-01-2014,26.2362,Axis Bluechip,119092
02-01-2014,26.2298,Axis Bluechip,119092
01-01-2014,26.2235,Axis Bluechip,119092
31-12-2013,26.2169,Axis Bluechip,119092
30-12-2013,26.2093,Axis Bluechip,119092
29-12-2013,26.2029,Axis Bluechip,119092
27-12-2013,26.19,Axis Bluechip,119092
26-12-2013,26.1837,Axis Bluechip,119092
25-12-2013,26.1774,Axis Bluechip,119092
24-12-2013,26.1709,Axis Bluechip,119092
23-12-2013,26.1645,Axis Bluechip,119092
22-12-2013,26.1582,Axis Bluechip,119092
20-12-2013,26.1455,Axis Bluechip,119092
19-12-2013,26.1391,Axis Bluechip,119092
18-12-2013,26.1328,Axis Bluechip,119092
17-12-2013,26.1264,Axis Bluechip,119092
16-12-2013,26.1199,Axis Bluechip,119092
15-12-2013,26.1136,Axis Bluechip,119092
13-12-2013,26.1007,Axis Bluechip,119092
12-12-2013,26.0942,Axis Bluechip,119092
11-12-2013,26.0879,Axis Bluechip,119092
10-12-2013,26.0815,Axis Bluechip,119092
09-12-2013,26.0751,Axis Bluechip,119092
08-12-2013,26.0686,Axis Bluechip,119092
06-12-2013,26.0558,Axis Bluechip,119092
05-12-2013,26.0494,Axis Bluechip,119092
04-12-2013,26.0431,Axis Bluechip,119092
03-12-2013,26.0368,Axis Bluechip,119092
02-12-2013,26.03,Axis Bluechip,119092
01-12-2013,26.0236,Axis Bluechip,119092
29-11-2013,26.0108,Axis Bluechip,119092
28-11-2013,26.0044,Axis Bluechip,119092
27-11-2013,25.9979,Axis Bluechip,119092
26-11-2013,25.9914,Axis Bluechip,119092
25-11-2013,25.985,Axis Bluechip,119092
24-11-2013,25.9785,Axis Bluechip,119092
22-11-2013,25.9656,Axis Bluechip,119092
21-11-2013,25.9591,Axis Bluechip,119092
20-11-2013,25.9525,Axis Bluechip,119092
19-11-2013,25.946,Axis Bluechip,119092
18-11-2013,25.9394,Axis Bluechip,119092
17-11-2013,25.9329,Axis Bluechip,119092
14-11-2013,25.9133,Axis Bluechip,119092
13-11-2013,25.9068,Axis Bluechip,119092
12-11-2013,25.8999,Axis Bluechip,119092
11-11-2013,25.8933,Axis Bluechip,119092
10-11-2013,25.8867,Axis Bluechip,119092
08-11-2013,25.8733,Axis Bluechip,119092
07-11-2013,25.8666,Axis Bluechip,119092
06-11-2013,25.8599,Axis Bluechip,119092
05-11-2013,25.8532,Axis Bluechip,119092
04-11-2013,25.8466,Axis Bluechip,119092
01-11-2013,25.8264,Axis Bluechip,119092
31-10-2013,25.8195,Axis Bluechip,119092
30-10-2013,25.8127,Axis Bluechip,119092
29-10-2013,25.8056,Axis Bluechip,119092
28-10-2013,25.7986,Axis Bluechip,119092
27-10-2013,25.7917,Axis Bluechip,119092
25-10-2013,25.7779,Axis Bluechip,119092
24-10-2013,25.771,Axis Bluechip,119092
23-10-2013,25.764,Axis Bluechip,119092
22-10-2013,25.757,Axis Bluechip,119092
21-10-2013,25.75,Axis Bluechip,119092
20-10-2013,25.743,Axis Bluechip,119092
18-10-2013,25.7294,Axis Bluechip,119092
17-10-2013,25.7225,Axis Bluechip,119092
16-10-2013,25.7154,Axis Bluechip,119092
15-10-2013,25.7083,Axis Bluechip,119092
14-10-2013,25.7011,Axis Bluechip,119092
13-10-2013,25.694,Axis Bluechip,119092
11-10-2013,25.6801,Axis Bluechip,119092
10-10-2013,25.673,Axis Bluechip,119092
09-10-2013,25.6659,Axis Bluechip,119092
08-10-2013,25.6587,Axis Bluechip,119092
07-10-2013,25.6508,Axis Bluechip,119092
06-10-2013,25.6434,Axis Bluechip,119092
04-10-2013,25.629,Axis Bluechip,119092
03-10-2013,25.6214,Axis Bluechip,119092
02-10-2013,25.6141,Axis Bluechip,119092
01-10-2013,25.6067,Axis Bluechip,119092
30-09-2013,25.5987,Axis Bluechip,119092
29-09-2013,25.5911,Axis Bluechip,119092
27-09-2013,25.5767,Axis Bluechip,119092
26-09-2013,25.5691,Axis Bluechip,119092
25-09-2013,25.5616,Axis Bluechip,119092
24-09-2013,25.5544,Axis Bluechip,119092
23-09-2013,25.5472,Axis Bluechip,119092
22-09-2013,25.5398,Axis Bluechip,119092
20-09-2013,25.5251,Axis Bluechip,119092
19-09-2013,25.5168,Axis Bluechip,119092
18-09-2013,25.5079,Axis Bluechip,119092
17-09-2013,25.5003,Axis Bluechip,119092
16-09-2013,25.4927,Axis Bluechip,119092
15-09-2013,25.4852,Axis Bluechip,119092
13-09-2013,25.4707,Axis Bluechip,119092
12-09-2013,25.4632,Axis Bluechip,119092
11-09-2013,25.4558,Axis Bluechip,119092
10-09-2013,25.4483,Axis Bluechip,119092
09-09-2013,25.4408,Axis Bluechip,119092
06-09-2013,25.4198,Axis Bluechip,119092
05-09-2013,25.4121,Axis Bluechip,119092
04-09-2013,25.403,Axis Bluechip,119092
03-09-2013,25.3949,Axis Bluechip,119092
02-09-2013,25.3877,Axis Bluechip,119092
01-09-2013,25.3804,Axis Bluechip,119092
30-08-2013,25.3659,Axis Bluechip,119092
29-08-2013,25.3581,Axis Bluechip,119092
28-08-2013,25.3507,Axis Bluechip,119092
27-08-2013,25.3433,Axis Bluechip,119092
26-08-2013,25.3361,Axis Bluechip,119092
25-08-2013,25.3289,Axis Bluechip,119092
23-08-2013,25.3141,Axis Bluechip,119092
22-08-2013,25.3066,Axis Bluechip,119092
21-08-2013,25.2993,Axis Bluechip,119092
20-08-2013,25.2918,Axis Bluechip,119092
19-08-2013,25.2847,Axis Bluechip,119092
18-08-2013,25.2777,Axis Bluechip,119092
16-08-2013,25.263,Axis Bluechip,119092
15-08-2013,25.2559,Axis Bluechip,119092
14-08-2013,25.2486,Axis Bluechip,119092
13-08-2013,25.2414,Axis Bluechip,119092
12-08-2013,25.2342,Axis Bluechip,119092
11-08-2013,25.2278,Axis Bluechip,119092
08-08-2013,25.2051,Axis Bluechip,119092
07-08-2013,25.1974,Axis Bluechip,119092
06-08-2013,25.1904,Axis Bluechip,119092
05-08-2013,25.1832,Axis Bluechip,119092
04-08-2013,25.1748,Axis Bluechip,119092
02-08-2013,25.1607,Axis Bluechip,119092
01-08-2013,25.1536,Axis Bluechip,119092
31-07-2013,25.146,Axis Bluechip,119092
30-07-2013,25.1385,Axis Bluechip,119092
29-07-2013,25.131,Axis Bluechip,119092
28-07-2013,25.1236,Axis Bluechip,119092
26-07-2013,25.109,Axis Bluechip,119092
25-07-2013,25.1012,Axis Bluechip,119092
24-07-2013,25.0935,Axis Bluechip,119092
23-07-2013,25.12,Axis Bluechip,119092
22-07-2013,25.1157,Axis Bluechip,119092
21-07-2013,25.1088,Axis Bluechip,119092
19-07-2013,25.0951,Axis Bluechip,119092
18-07-2013,25.0859,Axis Bluechip,119092
17-07-2013,25.0747,Axis Bluechip,119092
16-07-2013,25.0654,Axis Bluechip,119092
15-07-2013,25.1225,Axis Bluechip,119092
14-07-2013,25.117,Axis Bluechip,119092
12-07-2013,25.1064,Axis Bluechip,119092
11-07-2013,25.1004,Axis Bluechip,119092
10-07-2013,25.0948,Axis Bluechip,119092
09-07-2013,25.0893,Axis Bluechip,119092
08-07-2013,25.0838,Axis Bluechip,119092
07-07-2013,25.0783,Axis Bluechip,119092
05-07-2013,25.0681,Axis Bluechip,119092
04-07-2013,25.0619,Axis Bluechip,119092
03-07-2013,25.0562,Axis Bluechip,119092
02-07-2013,25.0506,Axis Bluechip,119092
01-07-2013,25.0444,Axis Bluechip,119092
28-06-2013,25.0257,Axis Bluechip,119092
27-06-2013,25.0177,Axis Bluechip,119092
26-06-2013,25.0121,Axis Bluechip,119092
25-06-2013,25.0065,Axis Bluechip,119092
24-06-2013,25.0009,Axis Bluechip,119092
23-06-2013,24.9955,Axis Bluechip,119092
21-06-2013,24.9844,Axis Bluechip,119092
20-06-2013,24.9788,Axis Bluechip,119092
19-06-2013,24.9733,Axis Bluechip,119092
18-06-2013,24.9678,Axis Bluechip,119092
17-06-2013,24.9622,Axis Bluechip,119092
16-06-2013,24.9567,Axis Bluechip,119092
14-06-2013,24.9455,Axis Bluechip,119092
13-06-2013,24.9402,Axis Bluechip,119092
12-06-2013,24.9347,Axis Bluechip,119092
11-06-2013,24.9292,Axis Bluechip,119092
10-06-2013,24.9237,Axis Bluechip,119092
09-06-2013,24.9182,Axis Bluechip,119092
07-06-2013,24.907,Axis Bluechip,119092
06-06-2013,24.9014,Axis Bluechip,119092
05-06-2013,24.8958,Axis Bluechip,119092
04-06-2013,24.8903,Axis Bluechip,119092
03-06-2013,24.8847,Axis Bluechip,119092
02-06-2013,24.8791,Axis Bluechip,119092
31-05-2013,24.8679,Axis Bluechip,119092
30-05-2013,24.8624,Axis Bluechip,119092
29-05-2013,24.8568,Axis Bluechip,119092
28-05-2013,24.8511,Axis Bluechip,119092
27-05-2013,24.8455,Axis Bluechip,119092
26-05-2013,24.8398,Axis Bluechip,119092
24-05-2013,24.8285,Axis Bluechip,119092
23-05-2013,24.823,Axis Bluechip,119092
22-05-2013,24.8174,Axis Bluechip,119092
21-05-2013,24.8118,Axis Bluechip,119092
20-05-2013,24.8061,Axis Bluechip,119092
19-05-2013,24.8004,Axis Bluechip,119092
17-05-2013,24.7891,Axis Bluechip,119092
16-05-2013,24.7833,Axis Bluechip,119092
15-05-2013,24.7776,Axis Bluechip,119092
14-05-2013,24.7718,Axis Bluechip,119092
13-05-2013,24.7661,Axis Bluechip,119092
12-05-2013,24.7604,Axis Bluechip,119092
10-05-2013,24.7491,Axis Bluechip,119092
09-05-2013,24.7432,Axis Bluechip,119092
08-05-2013,24.7375,Axis Bluechip,119092
07-05-2013,24.7318,Axis Bluechip,119092
06-05-2013,24.726,Axis Bluechip,119092
05-05-2013,24.7203,Axis Bluechip,119092
03-05-2013,24.7088,Axis Bluechip,119092
02-05-2013,24.7029,Axis Bluechip,119092
01-05-2013,24.6971,Axis Bluechip,119092
30-04-2013,24.6913,Axis Bluechip,119092
29-04-2013,24.6855,Axis Bluechip,119092
28-04-2013,24.6796,Axis Bluechip,119092
26-04-2013,24.6681,Axis Bluechip,119092
25-04-2013,24.6623,Axis Bluechip,119092
24-04-2013,24.6565,Axis Bluechip,119092
23-04-2013,24.6507,Axis Bluechip,119092
22-04-2013,24.645,Axis Bluechip,119092
21-04-2013,24.6392,Axis Bluechip,119092
18-04-2013,24.6219,Axis Bluechip,119092
17-04-2013,24.6161,Axis Bluechip,119092
16-04-2013,24.6103,Axis Bluechip,119092
15-04-2013,24.6045,Axis Bluechip,119092
14-04-2013,24.5986,Axis Bluechip,119092
12-04-2013,24.5872,Axis Bluechip,119092
11-04-2013,24.5815,Axis Bluechip,119092
10-04-2013,24.5758,Axis Bluechip,119092
09-04-2013,24.5702,Axis Bluechip,119092
08-04-2013,24.5645,Axis Bluechip,119092
07-04-2013,24.559,Axis Bluechip,119092
05-04-2013,24.548,Axis Bluechip,119092
04-04-2013,24.5419,Axis Bluechip,119092
03-04-2013,24.5363,Axis Bluechip,119092
02-04-2013,24.5294,Axis Bluechip,119092
01-04-2013,24.5163,Axis Bluechip,119092
28-03-2013,24.4795,Axis Bluechip,119092
27-03-2013,24.4699,Axis Bluechip,119092
26-03-2013,24.464,Axis Bluechip,119092
25-03-2013,24.4577,Axis Bluechip,119092
24-03-2013,24.4518,Axis Bluechip,119092
22-03-2013,24.4402,Axis Bluechip,119092
21-03-2013,24.4344,Axis Bluechip,119092
20-03-2013,24.4287,Axis Bluechip,119092
19-03-2013,24.423,Axis Bluechip,119092
18-03-2013,24.4172,Axis Bluechip,119092
17-03-2013,24.4112,Axis Bluechip,119092
15-03-2013,24.3995,Axis Bluechip,119092
14-03-2013,24.3939,Axis Bluechip,119092
13-03-2013,24.3882,Axis Bluechip,119092
12-03-2013,24.3827,Axis Bluechip,119092
11-03-2013,24.377,Axis Bluechip,119092
10-03-2013,24.3714,Axis Bluechip,119092
08-03-2013,24.3601,Axis Bluechip,119092
07-03-2013,24.3546,Axis Bluechip,119092
06-03-2013,24.3489,Axis Bluechip,119092
05-03-2013,24.3433,Axis Bluechip,119092
04-03-2013,24.3377,Axis Bluechip,119092
03-03-2013,24.3322,Axis Bluechip,119092
01-03-2013,24.3212,Axis Bluechip,119092
28-02-2013,24.3157,Axis Bluechip,119092
27-02-2013,24.3102,Axis Bluechip,119092
26-02-2013,24.3047,Axis Bluechip,119092
25-02-2013,24.2993,Axis Bluechip,119092
24-02-2013,24.2938,Axis Bluechip,119092
22-02-2013,24.2828,Axis Bluechip,119092
21-02-2013,24.2773,Axis Bluechip,119092
20-02-2013,24.2719,Axis Bluechip,119092
19-02-2013,24.2664,Axis Bluechip,119092
18-02-2013,24.2609,Axis Bluechip,119092
17-02-2013,24.2554,Axis Bluechip,119092
15-02-2013,24.2446,Axis Bluechip,119092
14-02-2013,24.2392,Axis Bluechip,119092
13-02-2013,24.2338,Axis Bluechip,119092
12-02-2013,24.2284,Axis Bluechip,119092
11-02-2013,24.223,Axis Bluechip,119092
10-02-2013,24.2174,Axis Bluechip,119092
08-02-2013,24.2067,Axis Bluechip,119092
07-02-2013,24.2013,Axis Bluechip,119092
06-02-2013,24.1959,Axis Bluechip,119092
05-02-2013,24.1903,Axis Bluechip,119092
04-02-2013,24.1849,Axis Bluechip,119092
03-02-2013,24.1795,Axis Bluechip,119092
01-02-2013,24.1686,Axis Bluechip,119092
31-01-2013,24.1631,Axis Bluechip,119092
30-01-2013,24.1577,Axis Bluechip,119092
29-01-2013,24.1522,Axis Bluechip,119092
28-01-2013,24.1468,Axis Bluechip,119092
27-01-2013,24.1413,Axis Bluechip,119092
24-01-2013,24.1249,Axis Bluechip,119092
23-01-2013,24.1194,Axis Bluechip,119092
22-01-2013,24.1139,Axis Bluechip,119092
21-01-2013,24.1084,Axis Bluechip,119092
20-01-2013,24.1028,Axis Bluechip,119092
18-01-2013,24.0918,Axis Bluechip,119092
17-01-2013,24.0863,Axis Bluechip,119092
16-01-2013,24.0809,Axis Bluechip,119092
15-01-2013,24.0754,Axis Bluechip,119092
14-01-2013,24.0698,Axis Bluechip,119092
13-01-2013,24.0643,Axis Bluechip,119092
11-01-2013,24.0534,Axis Bluechip,119092
10-01-2013,24.0479,Axis Bluechip,119092
09-01-2013,24.0424,Axis Bluechip,119092
08-01-2013,24.0369,Axis Bluechip,119092
07-01-2013,24.0314,Axis Bluechip,119092
06-01-2013,24.0258,Axis Bluechip,119092
04-01-2013,24.0147,Axis Bluechip,119092
03-01-2013,24.0092,Axis Bluechip,119092
02-01-2013,24.0036,Axis Bluechip,119092
01-01-2013,23.9979,Axis Bluechip,119092
31-12-2012,23.992,Axis Bluechip,119092
