date,nav,scheme_name,amfi_code
03-09-2026,216.4037,HDFC Top 100,125497
02-09-2026,216.0825,HDFC Top 100,125497
01-09-2026,216.7425,HDFC Top 100,125497
31-08-2026,217.6184,HDFC Top 100,125497
28-08-2026,216.2904,HDFC Top 100,125497
27-08-2026,215.9822,HDFC Top 100,125497
26-08-2026,216.6324,HDFC Top 100,125497
25-08-2026,214.8881,HDFC Top 100,125497
24-08-2026,215.1429,HDFC Top 100,125497
21-08-2026,215.4137,HDFC Top 100,125497
20-08-2026,215.2749,HDFC Top 100,125497
19-08-2026,213.299,HDFC Top 100,125497
18-08-2026,214.4042,HDFC Top 100,125497
17-08-2026,214.4854,HDFC Top 100,125497
14-08-2026,214.3903,HDFC Top 100,125497
13-08-2026,214.394,HDFC Top 100,125497
12-08-2026,214.5117,HDFC Top 100,125497
11-08-2026,213.4627,HDFC Top 100,125497
10-08-2026,212.7608,HDFC Top 100,125497
07-08-2026,212.0671,HDFC Top 100,125497
06-08-2026,212.043,HDFC Top 100,125497
05-08-2026,210.1839,HDFC Top 100,125497
04-08-2026,208.7577,HDFC Top 100,125497
03-08-2026,207.5217,HDFC Top 100,125497
31-07-2026,204.7896,HDFC Top 100,125497
30-07-2026,204.8096,HDFC Top 100,125497
29-07-2026,207.1837,HDFC Top 100,125497
28-07-2026,206.0616,HDFC Top 100,125497
27-07-2026,206.7707,HDFC Top 100,125497
24-07-2026,204.8535,HDFC Top 100,125497
23-07-2026,205.5539,HDFC Top 100,125497
22-07-2026,207.6748,HDFC Top 100,125497
21-07-2026,210.09,HDFC Top 100,125497
20-07-2026,209.4466,HDFC Top 100,125497
17-07-2026,208.9152,HDFC Top 100,125497
16-07-2026,208.7624,HDFC Top 100,125497
15-07-2026,209.4506,HDFC Top 100,125497
14-07-2026,207.3738,HDFC Top 100,125497
13-07-2026,208.1546,HDFC Top 100,125497
10-07-2026,208.3518,HDFC Top 100,125497
09-07-2026,206.8141,HDFC Top 100,125497
08-07-2026,204.4035,HDFC Top 100,125497
07-07-2026,206.4025,HDFC Top 100,125497
06-07-2026,207.3912,HDFC Top 100,125497
03-07-2026,207.3461,HDFC Top 100,125497
02-07-2026,208.5373,HDFC Top 100,125497
01-07-2026,206.4778,HDFC Top 100,125497
30-06-2026,206.8355,HDFC Top 100,125497
29-06-2026,205.1035,HDFC Top 100,125497
25-06-2026,203.9157,HDFC Top 100,125497
24-06-2026,205.0655,HDFC Top 100,125497
23-06-2026,203.5443,HDFC Top 100,125497
22-06-2026,204.1263,HDFC Top 100,125497
19-06-2026,202.0761,HDFC Top 100,125497
18-06-2026,200.9565,HDFC Top 100,125497
17-06-2026,199.8302,HDFC Top 100,125497
16-06-2026,198.6152,HDFC Top 100,125497
15-06-2026,198.032,HDFC Top 100,125497
12-06-2026,196.5577,HDFC Top 100,125497
11-06-2026,192.6722,HDFC Top 100,125497
10-06-2026,193.4371,HDFC Top 100,125497
09-06-2026,194.3813,HDFC Top 100,125497
08-06-2026,191.9092,HDFC Top 100,125497
05-06-2026,194.7547,HDFC Top 100,125497
04-06-2026,194.522,HDFC Top 100,125497
03-06-2026,194.081,HDFC Top 100,125497
02-06-2026,193.1295,HDFC Top 100,125497
01-06-2026,192.3195,HDFC Top 100,125497
31-05-2026,193.6836,HDFC Top 100,125497
29-05-2026,193.6848,HDFC Top 100,125497
27-05-2026,195.0501,HDFC Top 100,125497
26-05-2026,194.2258,HDFC Top 100,125497
25-05-2026,193.5599,HDFC Top 100,125497
22-05-2026,192.1227,HDFC Top 100,125497
21-05-2026,191.7575,HDFC Top 100,125497
20-05-2026,189.8661,HDFC Top 100,125497
19-05-2026,189.5553,HDFC Top 100,125497
18-05-2026,187.9126,HDFC Top 100,125497
15-05-2026,190.2405,HDFC Top 100,125497
14-05-2026,189.9345,HDFC Top 100,125497
13-05-2026,190.464,HDFC Top 100,125497
12-05-2026,190.6152,HDFC Top 100,125497
11-05-2026,195.586,HDFC Top 100,125497
08-05-2026,196.8821,HDFC Top 100,125497
07-05-2026,197.4753,HDFC Top 100,125497
06-05-2026,196.0036,HDFC Top 100,125497
05-05-2026,194.5618,HDFC Top 100,125497
04-05-2026,195.4469,HDFC Top 100,125497
30-04-2026,193.4131,HDFC Top 100,125497
29-04-2026,194.1523,HDFC Top 100,125497
28-04-2026,193.4843,HDFC Top 100,125497
27-04-2026,193.8317,HDFC Top 100,125497
24-04-2026,191.0425,HDFC Top 100,125497
23-04-2026,193.0317,HDFC Top 100,125497
22-04-2026,194.1928,HDFC Top 100,125497
21-04-2026,192.6397,HDFC Top 100,125497
20-04-2026,191.0583,HDFC Top 100,125497
17-04-2026,190.5242,HDFC Top 100,125497
16-04-2026,188.3316,HDFC Top 100,125497
15-04-2026,187.2786,HDFC Top 100,125497
13-04-2026,184.3491,HDFC Top 100,125497
10-04-2026,184.6967,HDFC Top 100,125497
09-04-2026,181.2455,HDFC Top 100,125497
08-04-2026,180.5783,HDFC Top 100,125497
07-04-2026,174.8342,HDFC Top 100,125497
06-04-2026,174.9151,HDFC Top 100,125497
02-04-2026,173.8471,HDFC Top 100,125497
01-04-2026,173.782,HDFC Top 100,125497
31-03-2026,169.3706,HDFC Top 100,125497
30-03-2026,169.3708,HDFC Top 100,125497
27-03-2026,172.4739,HDFC Top 100,125497
25-03-2026,175.4211,HDFC Top 100,125497
24-03-2026,172.0049,HDFC Top 100,125497
23-03-2026,169.1091,HDFC Top 100,125497
20-03-2026,174.6205,HDFC Top 100,125497
19-03-2026,173.9004,HDFC Top 100,125497
18-03-2026,177.4908,HDFC Top 100,125497
17-03-2026,174.0628,HDFC Top 100,125497
16-03-2026,173.8198,HDFC Top 100,125497
13-03-2026,173.9754,HDFC Top 100,125497
12-03-2026,177.9888,HDFC Top 100,125497
11-03-2026,178.3891,HDFC Top 100,125497
10-03-2026,178.8419,HDFC Top 100,125497
09-03-2026,175.7742,HDFC Top 100,125497
06-03-2026,178.9784,HDFC Top 100,125497
05-03-2026,179.3239,HDFC Top 100,125497
04-03-2026,177.9961,HDFC Top 100,125497
02-03-2026,181.3175,HDFC Top 100,125497
28-02-2026,184.7579,HDFC Top 100,125497
27-02-2026,184.7581,HDFC Top 100,125497
26-02-2026,186.095,HDFC Top 100,125497
25-02-2026,186.0488,HDFC Top 100,125497
24-02-2026,186.208,HDFC Top 100,125497
23-02-2026,187.5721,HDFC Top 100,125497
20-02-2026,186.2228,HDFC Top 100,125497
19-02-2026,186.6666,HDFC Top 100,125497
18-02-2026,188.2128,HDFC Top 100,125497
17-02-2026,187.6437,HDFC Top 100,125497
16-02-2026,185.8471,HDFC Top 100,125497
13-02-2026,187.236,HDFC Top 100,125497
12-02-2026,189.6029,HDFC Top 100,125497
11-02-2026,189.7464,HDFC Top 100,125497
10-02-2026,189.019,HDFC Top 100,125497
09-02-2026,188.469,HDFC Top 100,125497
06-02-2026,184.627,HDFC Top 100,125497
05-02-2026,185.6949,HDFC Top 100,125497
04-02-2026,186.7774,HDFC Top 100,125497
03-02-2026,186.7009,HDFC Top 100,125497
02-02-2026,180.5424,HDFC Top 100,125497
31-01-2026,183.301,HDFC Top 100,125497
30-01-2026,183.3021,HDFC Top 100,125497
29-01-2026,179.9408,HDFC Top 100,125497
28-01-2026,181.0873,HDFC Top 100,125497
27-01-2026,179.5515,HDFC Top 100,125497
23-01-2026,179.8035,HDFC Top 100,125497
22-01-2026,182.7544,HDFC Top 100,125497
21-01-2026,181.5325,HDFC Top 100,125497
20-01-2026,181.835,HDFC Top 100,125497
19-01-2026,185.4042,HDFC Top 100,125497
16-01-2026,186.9719,HDFC Top 100,125497
14-01-2026,187.3375,HDFC Top 100,125497
13-01-2026,187.6594,HDFC Top 100,125497
12-01-2026,186.1837,HDFC Top 100,125497
09-01-2026,187.0971,HDFC Top 100,125497
08-01-2026,190.16,HDFC Top 100,125497
07-01-2026,193.3173,HDFC Top 100,125497
06-01-2026,193.7027,HDFC Top 100,125497
05-01-2026,194.3786,HDFC Top 100,125497
02-01-2026,194.574,HDFC Top 100,125497
01-01-2026,193.6417,HDFC Top 100,125497
31-12-2025,193.7724,HDFC Top 100,125497
30-12-2025,191.9501,HDFC Top 100,125497
29-12-2025,192.541,HDFC Top 100,125497
26-12-2025,192.5913,HDFC Top 100,125497
24-12-2025,193.2848,HDFC Top 100,125497
23-12-2025,193.2652,HDFC Top 100,125497
22-12-2025,192.2573,HDFC Top 100,125497
19-12-2025,191.1157,HDFC Top 100,125497
18-12-2025,189.542,HDFC Top 100,125497
17-12-2025,190.0621,HDFC Top 100,125497
16-12-2025,191.3143,HDFC Top 100,125497
15-12-2025,193.1325,HDFC Top 100,125497
12-12-2025,192.3377,HDFC Top 100,125497
11-12-2025,191.4952,HDFC Top 100,125497
10-12-2025,191.2557,HDFC Top 100,125497
09-12-2025,191.3573,HDFC Top 100,125497
08-12-2025,190.1591,HDFC Top 100,125497
05-12-2025,193.1451,HDFC Top 100,125497
04-12-2025,193.4599,HDFC Top 100,125497
03-12-2025,194.3355,HDFC Top 100,125497
02-12-2025,194.4312,HDFC Top 100,125497
01-12-2025,195.3626,HDFC Top 100,125497
30-11-2025,194.979,HDFC Top 100,125497
28-11-2025,194.9784,HDFC Top 100,125497
27-11-2025,195.149,HDFC Top 100,125497
26-11-2025,195.8555,HDFC Top 100,125497
25-11-2025,194.2042,HDFC Top 100,125497
24-11-2025,193.9092,HDFC Top 100,125497
21-11-2025,194.2517,HDFC Top 100,125497
20-11-2025,196.0732,HDFC Top 100,125497
19-11-2025,196.528,HDFC Top 100,125497
18-11-2025,196.9478,HDFC Top 100,125497
17-11-2025,197.9212,HDFC Top 100,125497
14-11-2025,197.0676,HDFC Top 100,125497
13-11-2025,196.5465,HDFC Top 100,125497
12-11-2025,196.884,HDFC Top 100,125497
11-11-2025,196.4486,HDFC Top 100,125497
10-11-2025,196.2451,HDFC Top 100,125497
07-11-2025,197.315,HDFC Top 100,125497
06-11-2025,197.8032,HDFC Top 100,125497
04-11-2025,200.4678,HDFC Top 100,125497
03-11-2025,200.9709,HDFC Top 100,125497
31-10-2025,199.8234,HDFC Top 100,125497
30-10-2025,200.5185,HDFC Top 100,125497
29-10-2025,201.0375,HDFC Top 100,125497
28-10-2025,200.6348,HDFC Top 100,125497
27-10-2025,199.7965,HDFC Top 100,125497
24-10-2025,198.4115,HDFC Top 100,125497
23-10-2025,198.7521,HDFC Top 100,125497
20-10-2025,197.5258,HDFC Top 100,125497
17-10-2025,197.1075,HDFC Top 100,125497
16-10-2025,196.9521,HDFC Top 100,125497
15-10-2025,194.7,HDFC Top 100,125497
14-10-2025,193.3975,HDFC Top 100,125497
13-10-2025,194.5364,HDFC Top 100,125497
10-10-2025,195.1185,HDFC Top 100,125497
09-10-2025,195.0376,HDFC Top 100,125497
08-10-2025,195.8587,HDFC Top 100,125497
07-10-2025,196.4294,HDFC Top 100,125497
06-10-2025,196.5483,HDFC Top 100,125497
03-10-2025,196.2965,HDFC Top 100,125497
01-10-2025,195.0856,HDFC Top 100,125497
30-09-2025,193.8822,HDFC Top 100,125497
26-09-2025,194.0973,HDFC Top 100,125497
25-09-2025,197.3447,HDFC Top 100,125497
24-09-2025,198.8861,HDFC Top 100,125497
23-09-2025,199.4573,HDFC Top 100,125497
22-09-2025,200.2539,HDFC Top 100,125497
19-09-2025,201.306,HDFC Top 100,125497
18-09-2025,201.5447,HDFC Top 100,125497
17-09-2025,201.82,HDFC Top 100,125497
16-09-2025,201.1795,HDFC Top 100,125497
15-09-2025,200.0967,HDFC Top 100,125497
12-09-2025,199.0716,HDFC Top 100,125497
11-09-2025,198.9835,HDFC Top 100,125497
10-09-2025,198.7075,HDFC Top 100,125497
09-09-2025,198.2444,HDFC Top 100,125497
08-09-2025,197.448,HDFC Top 100,125497
05-09-2025,197.5939,HDFC Top 100,125497
04-09-2025,197.6887,HDFC Top 100,125497
03-09-2025,197.6325,HDFC Top 100,125497
02-09-2025,196.2367,HDFC Top 100,125497
01-09-2025,195.7343,HDFC Top 100,125497
31-08-2025,193.7537,HDFC Top 100,125497
29-08-2025,193.7532,HDFC Top 100,125497
28-08-2025,194.4893,HDFC Top 100,125497
26-08-2025,195.5946,HDFC Top 100,125497
25-08-2025,198.7805,HDFC Top 100,125497
22-08-2025,199.1156,HDFC Top 100,125497
21-08-2025,200.0554,HDFC Top 100,125497
20-08-2025,198.8477,HDFC Top 100,125497
19-08-2025,198.0389,HDFC Top 100,125497
18-08-2025,196.9203,HDFC Top 100,125497
14-08-2025,193.4131,HDFC Top 100,125497
13-08-2025,192.9222,HDFC Top 100,125497
12-08-2025,192.705,HDFC Top 100,125497
11-08-2025,193.1584,HDFC Top 100,125497
08-08-2025,191.9575,HDFC Top 100,125497
07-08-2025,193.0064,HDFC Top 100,125497
06-08-2025,193.5756,HDFC Top 100,125497
05-08-2025,194.9731,HDFC Top 100,125497
04-08-2025,195.6536,HDFC Top 100,125497
01-08-2025,194.9548,HDFC Top 100,125497
31-07-2025,197.489,HDFC Top 100,125497
30-07-2025,198.4508,HDFC Top 100,125497
29-07-2025,197.8146,HDFC Top 100,125497
28-07-2025,197.4629,HDFC Top 100,125497
25-07-2025,199.4349,HDFC Top 100,125497
24-07-2025,202.721,HDFC Top 100,125497
23-07-2025,203.9043,HDFC Top 100,125497
22-07-2025,203.3714,HDFC Top 100,125497
21-07-2025,203.8028,HDFC Top 100,125497
18-07-2025,204.0356,HDFC Top 100,125497
17-07-2025,204.9043,HDFC Top 100,125497
16-07-2025,203.6835,HDFC Top 100,125497
15-07-2025,203.9268,HDFC Top 100,125497
14-07-2025,202.0189,HDFC Top 100,125497
11-07-2025,201.2606,HDFC Top 100,125497
10-07-2025,201.5985,HDFC Top 100,125497
09-07-2025,201.3287,HDFC Top 100,125497
08-07-2025,200.4396,HDFC Top 100,125497
07-07-2025,200.3235,HDFC Top 100,125497
04-07-2025,200.6762,HDFC Top 100,125497
03-07-2025,200.0186,HDFC Top 100,125497
02-07-2025,199.3409,HDFC Top 100,125497
01-07-2025,200.2672,HDFC Top 100,125497
30-06-2025,200.3178,HDFC Top 100,125497
27-06-2025,198.0688,HDFC Top 100,125497
26-06-2025,197.2286,HDFC Top 100,125497
25-06-2025,197.4405,HDFC Top 100,125497
24-06-2025,194.4838,HDFC Top 100,125497
23-06-2025,192.973,HDFC Top 100,125497
20-06-2025,192.5872,HDFC Top 100,125497
19-06-2025,192.1535,HDFC Top 100,125497
18-06-2025,194.7498,HDFC Top 100,125497
17-06-2025,194.4976,HDFC Top 100,125497
16-06-2025,194.3117,HDFC Top 100,125497
13-06-2025,193.8702,HDFC Top 100,125497
12-06-2025,194.3159,HDFC Top 100,125497
11-06-2025,196.3155,HDFC Top 100,125497
10-06-2025,196.3203,HDFC Top 100,125497
09-06-2025,196.2268,HDFC Top 100,125497
06-06-2025,194.4367,HDFC Top 100,125497
05-06-2025,193.4622,HDFC Top 100,125497
04-06-2025,193.3241,HDFC Top 100,125497
03-06-2025,193.3558,HDFC Top 100,125497
02-06-2025,193.0141,HDFC Top 100,125497
31-05-2025,192.6784,HDFC Top 100,125497
30-05-2025,192.6772,HDFC Top 100,125497
29-05-2025,192.4906,HDFC Top 100,125497
28-05-2025,192.2322,HDFC Top 100,125497
27-05-2025,191.6915,HDFC Top 100,125497
26-05-2025,192.0116,HDFC Top 100,125497
23-05-2025,190.7428,HDFC Top 100,125497
22-05-2025,190.2297,HDFC Top 100,125497
21-05-2025,190.2708,HDFC Top 100,125497
20-05-2025,190.162,HDFC Top 100,125497
19-05-2025,192.0015,HDFC Top 100,125497
16-05-2025,190.5543,HDFC Top 100,125497
15-05-2025,189.7716,HDFC Top 100,125497
14-05-2025,188.3401,HDFC Top 100,125497
13-05-2025,185.9199,HDFC Top 100,125497
12-05-2025,185.5194,HDFC Top 100,125497
09-05-2025,180.3079,HDFC Top 100,125497
08-05-2025,181.2148,HDFC Top 100,125497
07-05-2025,182.5147,HDFC Top 100,125497
06-05-2025,180.8742,HDFC Top 100,125497
05-05-2025,183.67,HDFC Top 100,125497
02-05-2025,181.6763,HDFC Top 100,125497
30-04-2025,181.8527,HDFC Top 100,125497
29-04-2025,184.4749,HDFC Top 100,125497
28-04-2025,184.7984,HDFC Top 100,125497
25-04-2025,184.3892,HDFC Top 100,125497
24-04-2025,187.4442,HDFC Top 100,125497
23-04-2025,187.4918,HDFC Top 100,125497
22-04-2025,187.4594,HDFC Top 100,125497
21-04-2025,186.1086,HDFC Top 100,125497
17-04-2025,183.494,HDFC Top 100,125497
16-04-2025,182.6797,HDFC Top 100,125497
15-04-2025,181.4688,HDFC Top 100,125497
11-04-2025,177.359,HDFC Top 100,125497
09-04-2025,173.4024,HDFC Top 100,125497
08-04-2025,174.6198,HDFC Top 100,125497
07-04-2025,171.893,HDFC Top 100,125497
04-04-2025,176.8853,HDFC Top 100,125497
03-04-2025,181.0205,HDFC Top 100,125497
02-04-2025,180.504,HDFC Top 100,125497
01-04-2025,178.3073,HDFC Top 100,125497
31-03-2025,178.5628,HDFC Top 100,125497
28-03-2025,178.5548,HDFC Top 100,125497
27-03-2025,178.6535,HDFC Top 100,125497
26-03-2025,178.8617,HDFC Top 100,125497
25-03-2025,181.1499,HDFC Top 100,125497
24-03-2025,181.6626,HDFC Top 100,125497
21-03-2025,179.8765,HDFC Top 100,125497
20-03-2025,177.2546,HDFC Top 100,125497
19-03-2025,176.277,HDFC Top 100,125497
18-03-2025,174.3065,HDFC Top 100,125497
17-03-2025,170.8415,HDFC Top 100,125497
13-03-2025,170.4454,HDFC Top 100,125497
12-03-2025,170.9127,HDFC Top 100,125497
11-03-2025,170.8118,HDFC Top 100,125497
10-03-2025,171.8878,HDFC Top 100,125497
07-03-2025,173.6464,HDFC Top 100,125497
06-03-2025,173.0546,HDFC Top 100,125497
05-03-2025,170.5378,HDFC Top 100,125497
04-03-2025,167.4144,HDFC Top 100,125497
03-03-2025,166.5363,HDFC Top 100,125497
28-02-2025,167.2753,HDFC Top 100,125497
27-02-2025,169.2761,HDFC Top 100,125497
25-02-2025,170.5772,HDFC Top 100,125497
24-02-2025,171.0281,HDFC Top 100,125497
21-02-2025,173.194,HDFC Top 100,125497
20-02-2025,173.7251,HDFC Top 100,125497
19-02-2025,172.8542,HDFC Top 100,125497
18-02-2025,170.6351,HDFC Top 100,125497
17-02-2025,172.6017,HDFC Top 100,125497
14-02-2025,173.7027,HDFC Top 100,125497
13-02-2025,177.2214,HDFC Top 100,125497
12-02-2025,178.0673,HDFC Top 100,125497
11-02-2025,178.8097,HDFC Top 100,125497
10-02-2025,183.4947,HDFC Top 100,125497
07-02-2025,186.6001,HDFC Top 100,125497
06-02-2025,188.2236,HDFC Top 100,125497
05-02-2025,188.0012,HDFC Top 100,125497
04-02-2025,187.7402,HDFC Top 100,125497
03-02-2025,186.5887,HDFC Top 100,125497
31-01-2025,185.8927,HDFC Top 100,125497
30-01-2025,183.9481,HDFC Top 100,125497
29-01-2025,184.474,HDFC Top 100,125497
28-01-2025,179.9981,HDFC Top 100,125497
27-01-2025,181.1505,HDFC Top 100,125497
24-01-2025,184.8357,HDFC Top 100,125497
23-01-2025,187.6026,HDFC Top 100,125497
22-01-2025,186.9925,HDFC Top 100,125497
21-01-2025,189.0302,HDFC Top 100,125497
20-01-2025,191.8699,HDFC Top 100,125497
17-01-2025,190.5474,HDFC Top 100,125497
16-01-2025,191.5461,HDFC Top 100,125497
15-01-2025,190.2908,HDFC Top 100,125497
14-01-2025,189.4394,HDFC Top 100,125497
13-01-2025,187.9708,HDFC Top 100,125497
10-01-2025,194.0951,HDFC Top 100,125497
09-01-2025,197.3978,HDFC Top 100,125497
08-01-2025,199.1083,HDFC Top 100,125497
07-01-2025,201.51,HDFC Top 100,125497
06-01-2025,199.9325,HDFC Top 100,125497
03-01-2025,204.7473,HDFC Top 100,125497
02-01-2025,204.958,HDFC Top 100,125497
01-01-2025,204.0133,HDFC Top 100,125497
31-12-2024,202.025,HDFC Top 100,125497
30-12-2024,200.9474,HDFC Top 100,125497
27-12-2024,202.2744,HDFC Top 100,125497
26-12-2024,201.1712,HDFC Top 100,125497
24-12-2024,201.9117,HDFC Top 100,125497
23-12-2024,201.8235,HDFC Top 100,125497
20-12-2024,203.8639,HDFC Top 100,125497
19-12-2024,208.1814,HDFC Top 100,125497
18-12-2024,208.9039,HDFC Top 100,125497
17-12-2024,209.149,HDFC Top 100,125497
16-12-2024,209.9361,HDFC Top 100,125497
13-12-2024,209.4705,HDFC Top 100,125497
12-12-2024,209.1364,HDFC Top 100,125497
11-12-2024,210.4887,HDFC Top 100,125497
10-12-2024,210.1936,HDFC Top 100,125497
09-12-2024,209.1188,HDFC Top 100,125497
06-12-2024,207.7793,HDFC Top 100,125497
05-12-2024,206.9634,HDFC Top 100,125497
04-12-2024,206.8799,HDFC Top 100,125497
03-12-2024,205.6142,HDFC Top 100,125497
02-12-2024,203.0662,HDFC Top 100,125497
30-11-2024,203.2306,HDFC Top 100,125497
29-11-2024,203.2298,HDFC Top 100,125497
28-11-2024,202.2046,HDFC Top 100,125497
27-11-2024,202.2303,HDFC Top 100,125497
26-11-2024,201.5981,HDFC Top 100,125497
25-11-2024,201.2427,HDFC Top 100,125497
22-11-2024,196.9679,HDFC Top 100,125497
21-11-2024,196.0174,HDFC Top 100,125497
19-11-2024,196.9149,HDFC Top 100,125497
18-11-2024,194.9632,HDFC Top 100,125497
14-11-2024,195.8825,HDFC Top 100,125497
13-11-2024,194.6035,HDFC Top 100,125497
12-11-2024,198.665,HDFC Top 100,125497
11-11-2024,201.1783,HDFC Top 100,125497
08-11-2024,202.8558,HDFC Top 100,125497
07-11-2024,204.9185,HDFC Top 100,125497
06-11-2024,205.5932,HDFC Top 100,125497
05-11-2024,203.8845,HDFC Top 100,125497
04-11-2024,204.1821,HDFC Top 100,125497
31-10-2024,204.7065,HDFC Top 100,125497
30-10-2024,201.17,HDFC Top 100,125497
29-10-2024,199.6621,HDFC Top 100,125497
28-10-2024,198.762,HDFC Top 100,125497
25-10-2024,199.0257,HDFC Top 100,125497
24-10-2024,202.3794,HDFC Top 100,125497
23-10-2024,204.1604,HDFC Top 100,125497
22-10-2024,204.119,HDFC Top 100,125497
21-10-2024,209.1812,HDFC Top 100,125497
18-10-2024,212.4258,HDFC Top 100,125497
17-10-2024,212.5836,HDFC Top 100,125497
16-10-2024,214.6138,HDFC Top 100,125497
15-10-2024,214.6767,HDFC Top 100,125497
14-10-2024,212.7061,HDFC Top 100,125497
11-10-2024,211.8682,HDFC Top 100,125497
10-10-2024,211.2075,HDFC Top 100,125497
09-10-2024,211.4618,HDFC Top 100,125497
08-10-2024,209.7125,HDFC Top 100,125497
07-10-2024,205.9307,HDFC Top 100,125497
04-10-2024,210.645,HDFC Top 100,125497
03-10-2024,211.1073,HDFC Top 100,125497
01-10-2024,214.2759,HDFC Top 100,125497
30-09-2024,213.8541,HDFC Top 100,125497
27-09-2024,213.8245,HDFC Top 100,125497
26-09-2024,212.393,HDFC Top 100,125497
25-09-2024,213.2071,HDFC Top 100,125497
24-09-2024,212.9454,HDFC Top 100,125497
23-09-2024,213.6607,HDFC Top 100,125497
20-09-2024,212.0753,HDFC Top 100,125497
19-09-2024,211.2903,HDFC Top 100,125497
18-09-2024,212.1974,HDFC Top 100,125497
17-09-2024,212.8713,HDFC Top 100,125497
16-09-2024,213.118,HDFC Top 100,125497
13-09-2024,212.6824,HDFC Top 100,125497
12-09-2024,211.2842,HDFC Top 100,125497
11-09-2024,210.1111,HDFC Top 100,125497
10-09-2024,211.8353,HDFC Top 100,125497
09-09-2024,208.709,HDFC Top 100,125497
06-09-2024,209.5018,HDFC Top 100,125497
05-09-2024,210.0836,HDFC Top 100,125497
04-09-2024,208.9043,HDFC Top 100,125497
03-09-2024,209.171,HDFC Top 100,125497
02-09-2024,208.3113,HDFC Top 100,125497
31-08-2024,208.4167,HDFC Top 100,125497
30-08-2024,208.4168,HDFC Top 100,125497
29-08-2024,207.0499,HDFC Top 100,125497
28-08-2024,207.8987,HDFC Top 100,125497
27-08-2024,207.4904,HDFC Top 100,125497
26-08-2024,206.7864,HDFC Top 100,125497
23-08-2024,206.3889,HDFC Top 100,125497
22-08-2024,206.1419,HDFC Top 100,125497
21-08-2024,205.6904,HDFC Top 100,125497
20-08-2024,204.2778,HDFC Top 100,125497
19-08-2024,204.1016,HDFC Top 100,125497
16-08-2024,202.8471,HDFC Top 100,125497
14-08-2024,200.5532,HDFC Top 100,125497
13-08-2024,201.6101,HDFC Top 100,125497
12-08-2024,202.1742,HDFC Top 100,125497
09-08-2024,201.5699,HDFC Top 100,125497
08-08-2024,201.0925,HDFC Top 100,125497
07-08-2024,202.0034,HDFC Top 100,125497
06-08-2024,199.0114,HDFC Top 100,125497
05-08-2024,199.5619,HDFC Top 100,125497
02-08-2024,206.2035,HDFC Top 100,125497
01-08-2024,207.8403,HDFC Top 100,125497
31-07-2024,208.4358,HDFC Top 100,125497
30-07-2024,208.6912,HDFC Top 100,125497
29-07-2024,208.2548,HDFC Top 100,125497
26-07-2024,205.4205,HDFC Top 100,125497
25-07-2024,203.7419,HDFC Top 100,125497
24-07-2024,204.4677,HDFC Top 100,125497
23-07-2024,201.7018,HDFC Top 100,125497
22-07-2024,202.0355,HDFC Top 100,125497
19-07-2024,200.7347,HDFC Top 100,125497
18-07-2024,203.6047,HDFC Top 100,125497
16-07-2024,204.6439,HDFC Top 100,125497
15-07-2024,204.2651,HDFC Top 100,125497
12-07-2024,204.3766,HDFC Top 100,125497
11-07-2024,205.3326,HDFC Top 100,125497
10-07-2024,204.005,HDFC Top 100,125497
09-07-2024,204.7434,HDFC Top 100,125497
08-07-2024,203.9505,HDFC Top 100,125497
05-07-2024,204.8921,HDFC Top 100,125497
04-07-2024,203.5723,HDFC Top 100,125497
03-07-2024,202.9049,HDFC Top 100,125497
02-07-2024,200.5912,HDFC Top 100,125497
01-07-2024,200.4556,HDFC Top 100,125497
30-06-2024,197.8755,HDFC Top 100,125497
28-06-2024,197.8746,HDFC Top 100,125497
27-06-2024,197.541,HDFC Top 100,125497
26-06-2024,198.6826,HDFC Top 100,125497
25-06-2024,199.2888,HDFC Top 100,125497
24-06-2024,198.9645,HDFC Top 100,125497
21-06-2024,198.8453,HDFC Top 100,125497
20-06-2024,198.7321,HDFC Top 100,125497
19-06-2024,197.8645,HDFC Top 100,125497
18-06-2024,198.2516,HDFC Top 100,125497
14-06-2024,198.1281,HDFC Top 100,125497
13-06-2024,196.4383,HDFC Top 100,125497
12-06-2024,195.4415,HDFC Top 100,125497
11-06-2024,193.7358,HDFC Top 100,125497
10-06-2024,192.3518,HDFC Top 100,125497
07-06-2024,189.5698,HDFC Top 100,125497
06-06-2024,186.5083,HDFC Top 100,125497
05-06-2024,183.0496,HDFC Top 100,125497
04-06-2024,178.3591,HDFC Top 100,125497
03-06-2024,186.9155,HDFC Top 100,125497
31-05-2024,183.555,HDFC Top 100,125497
30-05-2024,181.9907,HDFC Top 100,125497
29-05-2024,183.9199,HDFC Top 100,125497
28-05-2024,183.2963,HDFC Top 100,125497
27-05-2024,183.9672,HDFC Top 100,125497
24-05-2024,184.2296,HDFC Top 100,125497
23-05-2024,184.8647,HDFC Top 100,125497
22-05-2024,185.1718,HDFC Top 100,125497
21-05-2024,184.7749,HDFC Top 100,125497
17-05-2024,183.6697,HDFC Top 100,125497
16-05-2024,181.9138,HDFC Top 100,125497
15-05-2024,179.5407,HDFC Top 100,125497
14-05-2024,177.7655,HDFC Top 100,125497
13-05-2024,175.8048,HDFC Top 100,125497
10-05-2024,175.7796,HDFC Top 100,125497
09-05-2024,174.9782,HDFC Top 100,125497
08-05-2024,179.0846,HDFC Top 100,125497
07-05-2024,178.2565,HDFC Top 100,125497
06-05-2024,179.8196,HDFC Top 100,125497
03-05-2024,180.5829,HDFC Top 100,125497
02-05-2024,181.828,HDFC Top 100,125497
30-04-2024,181.4347,HDFC Top 100,125497
29-04-2024,181.053,HDFC Top 100,125497
26-04-2024,180.425,HDFC Top 100,125497
25-04-2024,180.4345,HDFC Top 100,125497
24-04-2024,179.5328,HDFC Top 100,125497
23-04-2024,178.2084,HDFC Top 100,125497
22-04-2024,177.2586,HDFC Top 100,125497
19-04-2024,175.6445,HDFC Top 100,125497
18-04-2024,174.7465,HDFC Top 100,125497
16-04-2024,174.6419,HDFC Top 100,125497
15-04-2024,174.1554,HDFC Top 100,125497
12-04-2024,175.8047,HDFC Top 100,125497
10-04-2024,176.9202,HDFC Top 100,125497
09-04-2024,175.3061,HDFC Top 100,125497
08-04-2024,175.5646,HDFC Top 100,125497
05-04-2024,175.3538,HDFC Top 100,125497
04-04-2024,174.6364,HDFC Top 100,125497
03-04-2024,173.6926,HDFC Top 100,125497
02-04-2024,172.3272,HDFC Top 100,125497
01-04-2024,171.3184,HDFC Top 100,125497
31-03-2024,167.8136,HDFC Top 100,125497
28-03-2024,167.8139,HDFC Top 100,125497
27-03-2024,167.1819,HDFC Top 100,125497
26-03-2024,166.3844,HDFC Top 100,125497
22-03-2024,166.5897,HDFC Top 100,125497
21-03-2024,165.0148,HDFC Top 100,125497
20-03-2024,162.0769,HDFC Top 100,125497
19-03-2024,162.3885,HDFC Top 100,125497
18-03-2024,163.1055,HDFC Top 100,125497
15-03-2024,162.6157,HDFC Top 100,125497
14-03-2024,162.5619,HDFC Top 100,125497
13-03-2024,160.5835,HDFC Top 100,125497
12-03-2024,166.2062,HDFC Top 100,125497
11-03-2024,168.4794,HDFC Top 100,125497
07-03-2024,169.9846,HDFC Top 100,125497
06-03-2024,168.7803,HDFC Top 100,125497
05-03-2024,171.4449,HDFC Top 100,125497
04-03-2024,172.0116,HDFC Top 100,125497
01-03-2024,171.3862,HDFC Top 100,125497
29-02-2024,169.9634,HDFC Top 100,125497
28-02-2024,169.6781,HDFC Top 100,125497
27-02-2024,171.1506,HDFC Top 100,125497
26-02-2024,170.7723,HDFC Top 100,125497
23-02-2024,170.7513,HDFC Top 100,125497
22-02-2024,169.453,HDFC Top 100,125497
21-02-2024,169.2609,HDFC Top 100,125497
20-02-2024,169.7975,HDFC Top 100,125497
19-02-2024,169.6421,HDFC Top 100,125497
16-02-2024,169.6879,HDFC Top 100,125497
15-02-2024,168.783,HDFC Top 100,125497
14-02-2024,168.0551,HDFC Top 100,125497
13-02-2024,166.3553,HDFC Top 100,125497
12-02-2024,165.3607,HDFC Top 100,125497
09-02-2024,168.0813,HDFC Top 100,125497
08-02-2024,168.6894,HDFC Top 100,125497
07-02-2024,168.7067,HDFC Top 100,125497
06-02-2024,168.0277,HDFC Top 100,125497
05-02-2024,165.8049,HDFC Top 100,125497
02-02-2024,166.8172,HDFC Top 100,125497
01-02-2024,166.5191,HDFC Top 100,125497
31-01-2024,167.0853,HDFC Top 100,125497
30-01-2024,163.8854,HDFC Top 100,125497
29-01-2024,164.243,HDFC Top 100,125497
25-01-2024,163.0642,HDFC Top 100,125497
24-01-2024,162.9044,HDFC Top 100,125497
23-01-2024,161.1305,HDFC Top 100,125497
19-01-2024,162.8323,HDFC Top 100,125497
18-01-2024,162.2609,HDFC Top 100,125497
17-01-2024,162.9031,HDFC Top 100,125497
16-01-2024,164.4321,HDFC Top 100,125497
15-01-2024,165.0183,HDFC Top 100,125497
12-01-2024,164.2106,HDFC Top 100,125497
11-01-2024,163.7165,HDFC Top 100,125497
10-01-2024,162.7562,HDFC Top 100,125497
09-01-2024,162.8311,HDFC Top 100,125497
08-01-2024,162.5916,HDFC Top 100,125497
05-01-2024,163.7499,HDFC Top 100,125497
04-01-2024,162.7609,HDFC Top 100,125497
03-01-2024,162.106,HDFC Top 100,125497
02-01-2024,162.0646,HDFC Top 100,125497
01-01-2024,161.4272,HDFC Top 100,125497
29-12-2023,161.2357,HDFC Top 100,125497
28-12-2023,159.9625,HDFC Top 100,125497
27-12-2023,159.8029,HDFC Top 100,125497
26-12-2023,159.3241,HDFC Top 100,125497
22-12-2023,159.2023,HDFC Top 100,125497
21-12-2023,158.6327,HDFC Top 100,125497
20-12-2023,157.127,HDFC Top 100,125497
19-12-2023,161.0618,HDFC Top 100,125497
18-12-2023,161.4356,HDFC Top 100,125497
15-12-2023,161.5428,HDFC Top 100,125497
14-12-2023,161.0609,HDFC Top 100,125497
13-12-2023,159.9402,HDFC Top 100,125497
12-12-2023,159.4436,HDFC Top 100,125497
11-12-2023,159.7954,HDFC Top 100,125497
08-12-2023,159.5553,HDFC Top 100,125497
07-12-2023,159.9568,HDFC Top 100,125497
06-12-2023,159.4849,HDFC Top 100,125497
05-12-2023,159.5041,HDFC Top 100,125497
04-12-2023,158.8101,HDFC Top 100,125497
01-12-2023,157.4176,HDFC Top 100,125497
30-11-2023,157.4314,HDFC Top 100,125497
29-11-2023,155.7105,HDFC Top 100,125497
28-11-2023,155.6451,HDFC Top 100,125497
24-11-2023,154.683,HDFC Top 100,125497
23-11-2023,154.3926,HDFC Top 100,125497
22-11-2023,154.4341,HDFC Top 100,125497
21-11-2023,154.9701,HDFC Top 100,125497
20-11-2023,153.9873,HDFC Top 100,125497
17-11-2023,153.408,HDFC Top 100,125497
16-11-2023,152.8377,HDFC Top 100,125497
15-11-2023,152.7398,HDFC Top 100,125497
13-11-2023,151.314,HDFC Top 100,125497
10-11-2023,150.5781,HDFC Top 100,125497
09-11-2023,150.3998,HDFC Top 100,125497
08-11-2023,150.5331,HDFC Top 100,125497
07-11-2023,150.0494,HDFC Top 100,125497
06-11-2023,149.592,HDFC Top 100,125497
03-11-2023,148.7205,HDFC Top 100,125497
02-11-2023,147.8192,HDFC Top 100,125497
01-11-2023,147.1546,HDFC Top 100,125497
31-10-2023,147.5626,HDFC Top 100,125497
30-10-2023,147.1974,HDFC Top 100,125497
27-10-2023,147.2793,HDFC Top 100,125497
26-10-2023,145.453,HDFC Top 100,125497
25-10-2023,146.7862,HDFC Top 100,125497
23-10-2023,148.0186,HDFC Top 100,125497
20-10-2023,152.8916,HDFC Top 100,125497
19-10-2023,153.637,HDFC Top 100,125497
18-10-2023,153.6252,HDFC Top 100,125497
17-10-2023,153.4866,HDFC Top 100,125497
16-10-2023,152.9747,HDFC Top 100,125497
13-10-2023,151.9922,HDFC Top 100,125497
12-10-2023,152.0191,HDFC Top 100,125497
11-10-2023,151.7229,HDFC Top 100,125497
10-10-2023,150.8563,HDFC Top 100,125497
09-10-2023,149.6845,HDFC Top 100,125497
06-10-2023,151.72,HDFC Top 100,125497
05-10-2023,151.0584,HDFC Top 100,125497
04-10-2023,150.848,HDFC Top 100,125497
03-10-2023,151.7295,HDFC Top 100,125497
29-09-2023,151.2497,HDFC Top 100,125497
27-09-2023,151.7553,HDFC Top 100,125497
26-09-2023,151.1526,HDFC Top 100,125497
25-09-2023,151.1966,HDFC Top 100,125497
22-09-2023,151.2597,HDFC Top 100,125497
21-09-2023,150.8272,HDFC Top 100,125497
20-09-2023,152.9313,HDFC Top 100,125497
18-09-2023,152.7061,HDFC Top 100,125497
15-09-2023,153.193,HDFC Top 100,125497
14-09-2023,153.1389,HDFC Top 100,125497
13-09-2023,151.9055,HDFC Top 100,125497
12-09-2023,151.6583,HDFC Top 100,125497
11-09-2023,154.9908,HDFC Top 100,125497
08-09-2023,153.8431,HDFC Top 100,125497
07-09-2023,153.151,HDFC Top 100,125497
06-09-2023,151.6147,HDFC Top 100,125497
05-09-2023,151.7655,HDFC Top 100,125497
04-09-2023,151.5748,HDFC Top 100,125497
01-09-2023,150.4126,HDFC Top 100,125497
31-08-2023,150.2306,HDFC Top 100,125497
30-08-2023,149.2884,HDFC Top 100,125497
29-08-2023,148.5692,HDFC Top 100,125497
28-08-2023,148.1074,HDFC Top 100,125497
25-08-2023,147.0885,HDFC Top 100,125497
24-08-2023,147.6233,HDFC Top 100,125497
23-08-2023,147.6666,HDFC Top 100,125497
22-08-2023,147.4207,HDFC Top 100,125497
21-08-2023,145.9692,HDFC Top 100,125497
18-08-2023,145.4976,HDFC Top 100,125497
17-08-2023,145.501,HDFC Top 100,125497
16-08-2023,145.847,HDFC Top 100,125497
14-08-2023,145.3391,HDFC Top 100,125497
11-08-2023,145.5881,HDFC Top 100,125497
10-08-2023,145.4723,HDFC Top 100,125497
09-08-2023,146.3293,HDFC Top 100,125497
08-08-2023,145.5002,HDFC Top 100,125497
07-08-2023,145.7272,HDFC Top 100,125497
04-08-2023,145.7129,HDFC Top 100,125497
03-08-2023,145.0795,HDFC Top 100,125497
02-08-2023,145.4234,HDFC Top 100,125497
01-08-2023,146.7457,HDFC Top 100,125497
31-07-2023,146.1582,HDFC Top 100,125497
28-07-2023,144.5824,HDFC Top 100,125497
27-07-2023,143.8359,HDFC Top 100,125497
26-07-2023,143.6188,HDFC Top 100,125497
25-07-2023,143.1863,HDFC Top 100,125497
24-07-2023,143.1832,HDFC Top 100,125497
21-07-2023,142.8064,HDFC Top 100,125497
20-07-2023,143.0615,HDFC Top 100,125497
19-07-2023,142.4317,HDFC Top 100,125497
18-07-2023,141.8948,HDFC Top 100,125497
17-07-2023,142.205,HDFC Top 100,125497
14-07-2023,141.0983,HDFC Top 100,125497
13-07-2023,140.3448,HDFC Top 100,125497
12-07-2023,140.8036,HDFC Top 100,125497
11-07-2023,139.9054,HDFC Top 100,125497
10-07-2023,139.4743,HDFC Top 100,125497
07-07-2023,139.5112,HDFC Top 100,125497
06-07-2023,139.6278,HDFC Top 100,125497
05-07-2023,138.9579,HDFC Top 100,125497
04-07-2023,138.2876,HDFC Top 100,125497
03-07-2023,138.6742,HDFC Top 100,125497
30-06-2023,138.0883,HDFC Top 100,125497
28-06-2023,137.561,HDFC Top 100,125497
27-06-2023,137.5173,HDFC Top 100,125497
26-06-2023,137.1738,HDFC Top 100,125497
23-06-2023,136.3524,HDFC Top 100,125497
22-06-2023,137.2514,HDFC Top 100,125497
21-06-2023,137.8518,HDFC Top 100,125497
20-06-2023,137.3878,HDFC Top 100,125497
19-06-2023,137.0258,HDFC Top 100,125497
16-06-2023,137.2618,HDFC Top 100,125497
15-06-2023,136.6775,HDFC Top 100,125497
14-06-2023,136.5423,HDFC Top 100,125497
13-06-2023,135.9844,HDFC Top 100,125497
12-06-2023,134.7018,HDFC Top 100,125497
09-06-2023,134.1118,HDFC Top 100,125497
08-06-2023,134.5646,HDFC Top 100,125497
07-06-2023,134.9855,HDFC Top 100,125497
06-06-2023,133.5734,HDFC Top 100,125497
05-06-2023,133.1177,HDFC Top 100,125497
02-06-2023,132.614,HDFC Top 100,125497
01-06-2023,132.3341,HDFC Top 100,125497
31-05-2023,132.2913,HDFC Top 100,125497
30-05-2023,131.9012,HDFC Top 100,125497
29-05-2023,131.7139,HDFC Top 100,125497
26-05-2023,131.5821,HDFC Top 100,125497
25-05-2023,131.1635,HDFC Top 100,125497
24-05-2023,130.9864,HDFC Top 100,125497
23-05-2023,130.87,HDFC Top 100,125497
22-05-2023,131.1264,HDFC Top 100,125497
19-05-2023,130.2383,HDFC Top 100,125497
18-05-2023,130.6447,HDFC Top 100,125497
17-05-2023,130.5682,HDFC Top 100,125497
16-05-2023,130.8127,HDFC Top 100,125497
15-05-2023,130.5259,HDFC Top 100,125497
12-05-2023,130.1433,HDFC Top 100,125497
11-05-2023,130.2851,HDFC Top 100,125497
10-05-2023,129.4546,HDFC Top 100,125497
09-05-2023,128.8274,HDFC Top 100,125497
08-05-2023,128.9877,HDFC Top 100,125497
05-05-2023,127.7371,HDFC Top 100,125497
04-05-2023,128.1846,HDFC Top 100,125497
03-05-2023,127.493,HDFC Top 100,125497
02-05-2023,127.3545,HDFC Top 100,125497
28-04-2023,127.1712,HDFC Top 100,125497
27-04-2023,126.338,HDFC Top 100,125497
26-04-2023,125.8618,HDFC Top 100,125497
25-04-2023,125.3949,HDFC Top 100,125497
24-04-2023,125.372,HDFC Top 100,125497
21-04-2023,125.2284,HDFC Top 100,125497
20-04-2023,125.3792,HDFC Top 100,125497
19-04-2023,124.6246,HDFC Top 100,125497
18-04-2023,124.3244,HDFC Top 100,125497
17-04-2023,124.2728,HDFC Top 100,125497
13-04-2023,123.9911,HDFC Top 100,125497
12-04-2023,123.6808,HDFC Top 100,125497
11-04-2023,123.2215,HDFC Top 100,125497
10-04-2023,122.9416,HDFC Top 100,125497
06-04-2023,122.7811,HDFC Top 100,125497
05-04-2023,122.6212,HDFC Top 100,125497
03-04-2023,122.1271,HDFC Top 100,125497
31-03-2023,121.7144,HDFC Top 100,125497
29-03-2023,120.0371,HDFC Top 100,125497
28-03-2023,118.3058,HDFC Top 100,125497
27-03-2023,119.383,HDFC Top 100,125497
24-03-2023,120.2745,HDFC Top 100,125497
23-03-2023,121.7065,HDFC Top 100,125497
22-03-2023,121.4156,HDFC Top 100,125497
21-03-2023,120.9953,HDFC Top 100,125497
20-03-2023,120.3344,HDFC Top 100,125497
17-03-2023,121.446,HDFC Top 100,125497
16-03-2023,120.9417,HDFC Top 100,125497
15-03-2023,121.8605,HDFC Top 100,125497
14-03-2023,121.7529,HDFC Top 100,125497
13-03-2023,122.7771,HDFC Top 100,125497
10-03-2023,124.211,HDFC Top 100,125497
09-03-2023,124.5502,HDFC Top 100,125497
08-03-2023,124.7469,HDFC Top 100,125497
06-03-2023,124.8339,HDFC Top 100,125497
03-03-2023,123.9481,HDFC Top 100,125497
02-03-2023,123.3993,HDFC Top 100,125497
01-03-2023,123.665,HDFC Top 100,125497
28-02-2023,122.8701,HDFC Top 100,125497
27-02-2023,122.0552,HDFC Top 100,125497
24-02-2023,123.1777,HDFC Top 100,125497
23-02-2023,123.0513,HDFC Top 100,125497
22-02-2023,123.392,HDFC Top 100,125497
21-02-2023,124.5172,HDFC Top 100,125497
20-02-2023,124.9814,HDFC Top 100,125497
17-02-2023,125.1119,HDFC Top 100,125497
16-02-2023,124.9714,HDFC Top 100,125497
15-02-2023,124.4506,HDFC Top 100,125497
14-02-2023,124.0916,HDFC Top 100,125497
13-02-2023,124.4056,HDFC Top 100,125497
10-02-2023,125.1702,HDFC Top 100,125497
09-02-2023,124.7379,HDFC Top 100,125497
08-02-2023,125.1117,HDFC Top 100,125497
07-02-2023,124.4182,HDFC Top 100,125497
06-02-2023,123.9921,HDFC Top 100,125497
03-02-2023,124.2907,HDFC Top 100,125497
02-02-2023,124.0083,HDFC Top 100,125497
01-02-2023,123.4784,HDFC Top 100,125497
31-01-2023,124.3138,HDFC Top 100,125497
30-01-2023,122.3633,HDFC Top 100,125497
27-01-2023,122.6962,HDFC Top 100,125497
25-01-2023,123.7522,HDFC Top 100,125497
24-01-2023,124.1328,HDFC Top 100,125497
23-01-2023,124.425,HDFC Top 100,125497
20-01-2023,124.805,HDFC Top 100,125497
19-01-2023,125.5433,HDFC Top 100,125497
18-01-2023,125.7186,HDFC Top 100,125497
17-01-2023,125.8074,HDFC Top 100,125497
16-01-2023,125.9832,HDFC Top 100,125497
13-01-2023,126.0588,HDFC Top 100,125497
12-01-2023,126.1964,HDFC Top 100,125497
11-01-2023,125.908,HDFC Top 100,125497
10-01-2023,125.8004,HDFC Top 100,125497
09-01-2023,126.4462,HDFC Top 100,125497
06-01-2023,125.7185,HDFC Top 100,125497
05-01-2023,126.7327,HDFC Top 100,125497
04-01-2023,126.7266,HDFC Top 100,125497
03-01-2023,127.7046,HDFC Top 100,125497
02-01-2023,127.8404,HDFC Top 100,125497
30-12-2022,127.3348,HDFC Top 100,125497
29-12-2022,127.0211,HDFC Top 100,125497
28-12-2022,126.6449,HDFC Top 100,125497
27-12-2022,126.32,HDFC Top 100,125497
26-12-2022,125.3049,HDFC Top 100,125497
23-12-2022,122.5751,HDFC Top 100,125497
22-12-2022,125.9663,HDFC Top 100,125497
21-12-2022,128.1564,HDFC Top 100,125497
20-12-2022,130.2814,HDFC Top 100,125497
19-12-2022,129.9222,HDFC Top 100,125497
16-12-2022,129.8891,HDFC Top 100,125497
15-12-2022,130.9591,HDFC Top 100,125497
14-12-2022,131.9951,HDFC Top 100,125497
13-12-2022,131.0784,HDFC Top 100,125497
12-12-2022,130.6256,HDFC Top 100,125497
09-12-2022,130.5903,HDFC Top 100,125497
08-12-2022,131.3288,HDFC Top 100,125497
07-12-2022,130.6184,HDFC Top 100,125497
06-12-2022,130.9286,HDFC Top 100,125497
05-12-2022,131.0408,HDFC Top 100,125497
02-12-2022,130.6855,HDFC Top 100,125497
01-12-2022,130.2758,HDFC Top 100,125497
30-11-2022,129.5097,HDFC Top 100,125497
29-11-2022,128.544,HDFC Top 100,125497
28-11-2022,129.0166,HDFC Top 100,125497
25-11-2022,128.5562,HDFC Top 100,125497
24-11-2022,128.2567,HDFC Top 100,125497
23-11-2022,127.7493,HDFC Top 100,125497
22-11-2022,127.4269,HDFC Top 100,125497
21-11-2022,127.6535,HDFC Top 100,125497
18-11-2022,127.4022,HDFC Top 100,125497
17-11-2022,128.0744,HDFC Top 100,125497
16-11-2022,128.1135,HDFC Top 100,125497
15-11-2022,127.4028,HDFC Top 100,125497
14-11-2022,127.4932,HDFC Top 100,125497
11-11-2022,127.747,HDFC Top 100,125497
10-11-2022,127.722,HDFC Top 100,125497
09-11-2022,128.443,HDFC Top 100,125497
07-11-2022,128.9903,HDFC Top 100,125497
04-11-2022,128.615,HDFC Top 100,125497
03-11-2022,128.4345,HDFC Top 100,125497
02-11-2022,128.4568,HDFC Top 100,125497
01-11-2022,127.8603,HDFC Top 100,125497
31-10-2022,127.6411,HDFC Top 100,125497
28-10-2022,127.8495,HDFC Top 100,125497
27-10-2022,128.5742,HDFC Top 100,125497
25-10-2022,128.1443,HDFC Top 100,125497
21-10-2022,127.685,HDFC Top 100,125497
20-10-2022,128.7159,HDFC Top 100,125497
19-10-2022,128.6649,HDFC Top 100,125497
18-10-2022,128.0846,HDFC Top 100,125497
17-10-2022,127.4936,HDFC Top 100,125497
14-10-2022,127.3371,HDFC Top 100,125497
13-10-2022,127.0832,HDFC Top 100,125497
12-10-2022,127.8117,HDFC Top 100,125497
11-10-2022,127.5503,HDFC Top 100,125497
10-10-2022,128.2879,HDFC Top 100,125497
07-10-2022,129.3889,HDFC Top 100,125497
06-10-2022,128.8844,HDFC Top 100,125497
04-10-2022,128.2436,HDFC Top 100,125497
03-10-2022,127.1351,HDFC Top 100,125497
30-09-2022,126.7384,HDFC Top 100,125497
29-09-2022,125.2023,HDFC Top 100,125497
28-09-2022,124.4319,HDFC Top 100,125497
27-09-2022,124.6406,HDFC Top 100,125497
26-09-2022,123.8437,HDFC Top 100,125497
23-09-2022,126.9671,HDFC Top 100,125497
22-09-2022,128.606,HDFC Top 100,125497
21-09-2022,128.623,HDFC Top 100,125497
20-09-2022,128.8983,HDFC Top 100,125497
19-09-2022,127.8166,HDFC Top 100,125497
16-09-2022,128.0029,HDFC Top 100,125497
15-09-2022,130.8477,HDFC Top 100,125497
14-09-2022,131.5105,HDFC Top 100,125497
13-09-2022,130.9984,HDFC Top 100,125497
12-09-2022,131.2711,HDFC Top 100,125497
09-09-2022,130.1662,HDFC Top 100,125497
08-09-2022,129.8388,HDFC Top 100,125497
07-09-2022,128.9903,HDFC Top 100,125497
06-09-2022,127.812,HDFC Top 100,125497
05-09-2022,126.9883,HDFC Top 100,125497
02-09-2022,126.1091,HDFC Top 100,125497
01-09-2022,124.8265,HDFC Top 100,125497
30-08-2022,124.7127,HDFC Top 100,125497
29-08-2022,123.2418,HDFC Top 100,125497
26-08-2022,123.6562,HDFC Top 100,125497
25-08-2022,123.2572,HDFC Top 100,125497
24-08-2022,122.9131,HDFC Top 100,125497
23-08-2022,122.1378,HDFC Top 100,125497
22-08-2022,121.1594,HDFC Top 100,125497
19-08-2022,121.8963,HDFC Top 100,125497
18-08-2022,123.1031,HDFC Top 100,125497
17-08-2022,122.7003,HDFC Top 100,125497
16-08-2022,122.5798,HDFC Top 100,125497
12-08-2022,122.1465,HDFC Top 100,125497
11-08-2022,122.0436,HDFC Top 100,125497
10-08-2022,121.7895,HDFC Top 100,125497
08-08-2022,120.8529,HDFC Top 100,125497
05-08-2022,119.5001,HDFC Top 100,125497
04-08-2022,119.5351,HDFC Top 100,125497
03-08-2022,119.3671,HDFC Top 100,125497
02-08-2022,119.6709,HDFC Top 100,125497
01-08-2022,118.4285,HDFC Top 100,125497
29-07-2022,115.8262,HDFC Top 100,125497
28-07-2022,115.4212,HDFC Top 100,125497
27-07-2022,114.2238,HDFC Top 100,125497
26-07-2022,113.9363,HDFC Top 100,125497
25-07-2022,114.3251,HDFC Top 100,125497
22-07-2022,114.09,HDFC Top 100,125497
21-07-2022,113.4094,HDFC Top 100,125497
20-07-2022,112.9868,HDFC Top 100,125497
19-07-2022,112.8046,HDFC Top 100,125497
18-07-2022,111.9322,HDFC Top 100,125497
15-07-2022,111.1987,HDFC Top 100,125497
14-07-2022,110.5523,HDFC Top 100,125497
13-07-2022,110.6876,HDFC Top 100,125497
12-07-2022,110.5217,HDFC Top 100,125497
11-07-2022,111.3735,HDFC Top 100,125497
08-07-2022,110.3205,HDFC Top 100,125497
07-07-2022,110.0959,HDFC Top 100,125497
06-07-2022,109.4531,HDFC Top 100,125497
05-07-2022,108.9019,HDFC Top 100,125497
04-07-2022,108.086,HDFC Top 100,125497
01-07-2022,107.2511,HDFC Top 100,125497
30-06-2022,107.3447,HDFC Top 100,125497
29-06-2022,107.5298,HDFC Top 100,125497
28-06-2022,107.8457,HDFC Top 100,125497
27-06-2022,107.743,HDFC Top 100,125497
24-06-2022,106.563,HDFC Top 100,125497
23-06-2022,105.5826,HDFC Top 100,125497
22-06-2022,104.2718,HDFC Top 100,125497
21-06-2022,104.8701,HDFC Top 100,125497
20-06-2022,103.2049,HDFC Top 100,125497
17-06-2022,104.8911,HDFC Top 100,125497
16-06-2022,105.836,HDFC Top 100,125497
15-06-2022,107.9569,HDFC Top 100,125497
14-06-2022,107.7655,HDFC Top 100,125497
13-06-2022,108.1973,HDFC Top 100,125497
10-06-2022,110.3611,HDFC Top 100,125497
09-06-2022,110.773,HDFC Top 100,125497
08-06-2022,110.696,HDFC Top 100,125497
07-06-2022,110.8741,HDFC Top 100,125497
06-06-2022,111.468,HDFC Top 100,125497
03-06-2022,111.6854,HDFC Top 100,125497
02-06-2022,113.0447,HDFC Top 100,125497
01-06-2022,113.0469,HDFC Top 100,125497
31-05-2022,111.3985,HDFC Top 100,125497
30-05-2022,110.8854,HDFC Top 100,125497
27-05-2022,109.1239,HDFC Top 100,125497
26-05-2022,109.0641,HDFC Top 100,125497
25-05-2022,108.4736,HDFC Top 100,125497
24-05-2022,110.3592,HDFC Top 100,125497
23-05-2022,110.7194,HDFC Top 100,125497
20-05-2022,110.5206,HDFC Top 100,125497
19-05-2022,109.1737,HDFC Top 100,125497
18-05-2022,110.4242,HDFC Top 100,125497
17-05-2022,110.5126,HDFC Top 100,125497
16-05-2022,108.381,HDFC Top 100,125497
13-05-2022,107.0481,HDFC Top 100,125497
12-05-2022,106.8265,HDFC Top 100,125497
11-05-2022,108.1924,HDFC Top 100,125497
10-05-2022,109.6278,HDFC Top 100,125497
09-05-2022,111.1072,HDFC Top 100,125497
06-05-2022,111.917,HDFC Top 100,125497
05-05-2022,113.3928,HDFC Top 100,125497
04-05-2022,113.5479,HDFC Top 100,125497
02-05-2022,115.6675,HDFC Top 100,125497
29-04-2022,116.4371,HDFC Top 100,125497
28-04-2022,117.2654,HDFC Top 100,125497
27-04-2022,116.3239,HDFC Top 100,125497
26-04-2022,116.5381,HDFC Top 100,125497
25-04-2022,115.7364,HDFC Top 100,125497
22-04-2022,116.9877,HDFC Top 100,125497
21-04-2022,117.0681,HDFC Top 100,125497
20-04-2022,116.0793,HDFC Top 100,125497
19-04-2022,116.0671,HDFC Top 100,125497
18-04-2022,117.0086,HDFC Top 100,125497
13-04-2022,117.5522,HDFC Top 100,125497
12-04-2022,117.6272,HDFC Top 100,125497
11-04-2022,118.7434,HDFC Top 100,125497
08-04-2022,118.159,HDFC Top 100,125497
07-04-2022,117.3808,HDFC Top 100,125497
06-04-2022,117.9615,HDFC Top 100,125497
05-04-2022,117.6729,HDFC Top 100,125497
04-04-2022,116.1819,HDFC Top 100,125497
01-04-2022,114.8655,HDFC Top 100,125497
31-03-2022,113.3881,HDFC Top 100,125497
30-03-2022,113.3938,HDFC Top 100,125497
29-03-2022,112.833,HDFC Top 100,125497
28-03-2022,111.3773,HDFC Top 100,125497
25-03-2022,111.8414,HDFC Top 100,125497
24-03-2022,112.129,HDFC Top 100,125497
23-03-2022,112.0594,HDFC Top 100,125497
22-03-2022,111.8136,HDFC Top 100,125497
21-03-2022,111.8034,HDFC Top 100,125497
17-03-2022,112.1278,HDFC Top 100,125497
16-03-2022,111.4996,HDFC Top 100,125497
15-03-2022,110.7915,HDFC Top 100,125497
14-03-2022,111.3776,HDFC Top 100,125497
11-03-2022,110.3959,HDFC Top 100,125497
10-03-2022,109.8399,HDFC Top 100,125497
09-03-2022,108.7536,HDFC Top 100,125497
08-03-2022,107.1074,HDFC Top 100,125497
07-03-2022,106.6562,HDFC Top 100,125497
04-03-2022,108.4432,HDFC Top 100,125497
03-03-2022,109.9523,HDFC Top 100,125497
02-03-2022,109.7898,HDFC Top 100,125497
28-02-2022,109.8735,HDFC Top 100,125497
25-02-2022,109.1447,HDFC Top 100,125497
24-02-2022,105.5919,HDFC Top 100,125497
23-02-2022,109.8892,HDFC Top 100,125497
22-02-2022,109.2415,HDFC Top 100,125497
21-02-2022,110.5555,HDFC Top 100,125497
18-02-2022,112.6163,HDFC Top 100,125497
17-02-2022,113.0094,HDFC Top 100,125497
16-02-2022,113.4702,HDFC Top 100,125497
15-02-2022,112.2859,HDFC Top 100,125497
14-02-2022,111.1649,HDFC Top 100,125497
11-02-2022,114.5805,HDFC Top 100,125497
10-02-2022,116.361,HDFC Top 100,125497
09-02-2022,116.6628,HDFC Top 100,125497
08-02-2022,116.9897,HDFC Top 100,125497
07-02-2022,118.1213,HDFC Top 100,125497
04-02-2022,118.1779,HDFC Top 100,125497
03-02-2022,117.9384,HDFC Top 100,125497
02-02-2022,118.2925,HDFC Top 100,125497
01-02-2022,116.8615,HDFC Top 100,125497
31-01-2022,115.1383,HDFC Top 100,125497
28-01-2022,113.7542,HDFC Top 100,125497
27-01-2022,113.4644,HDFC Top 100,125497
25-01-2022,114.9265,HDFC Top 100,125497
24-01-2022,113.8388,HDFC Top 100,125497
21-01-2022,118.8871,HDFC Top 100,125497
20-01-2022,120.1311,HDFC Top 100,125497
19-01-2022,120.1682,HDFC Top 100,125497
18-01-2022,120.3738,HDFC Top 100,125497
17-01-2022,121.889,HDFC Top 100,125497
14-01-2022,121.5144,HDFC Top 100,125497
13-01-2022,120.6145,HDFC Top 100,125497
12-01-2022,120.503,HDFC Top 100,125497
11-01-2022,119.2122,HDFC Top 100,125497
10-01-2022,119.259,HDFC Top 100,125497
07-01-2022,118.0578,HDFC Top 100,125497
06-01-2022,118.078,HDFC Top 100,125497
05-01-2022,117.8449,HDFC Top 100,125497
04-01-2022,117.9937,HDFC Top 100,125497
03-01-2022,117.8295,HDFC Top 100,125497
31-12-2021,116.5135,HDFC Top 100,125497
30-12-2021,115.0392,HDFC Top 100,125497
29-12-2021,115.107,HDFC Top 100,125497
28-12-2021,114.187,HDFC Top 100,125497
27-12-2021,113.1013,HDFC Top 100,125497
24-12-2021,113.0034,HDFC Top 100,125497
23-12-2021,114.0603,HDFC Top 100,125497
22-12-2021,113.5008,HDFC Top 100,125497
21-12-2021,112.1347,HDFC Top 100,125497
20-12-2021,111.4291,HDFC Top 100,125497
17-12-2021,114.4182,HDFC Top 100,125497
16-12-2021,115.5621,HDFC Top 100,125497
15-12-2021,116.7334,HDFC Top 100,125497
14-12-2021,116.5661,HDFC Top 100,125497
13-12-2021,116.6731,HDFC Top 100,125497
10-12-2021,117.0295,HDFC Top 100,125497
09-12-2021,116.4189,HDFC Top 100,125497
08-12-2021,115.9955,HDFC Top 100,125497
07-12-2021,115.5693,HDFC Top 100,125497
06-12-2021,114.2375,HDFC Top 100,125497
03-12-2021,115.4989,HDFC Top 100,125497
02-12-2021,115.1803,HDFC Top 100,125497
01-12-2021,114.5225,HDFC Top 100,125497
30-11-2021,114.6061,HDFC Top 100,125497
29-11-2021,112.0406,HDFC Top 100,125497
26-11-2021,113.7581,HDFC Top 100,125497
25-11-2021,117.3365,HDFC Top 100,125497
24-11-2021,116.9382,HDFC Top 100,125497
23-11-2021,115.7625,HDFC Top 100,125497
22-11-2021,114.5634,HDFC Top 100,125497
18-11-2021,116.9958,HDFC Top 100,125497
17-11-2021,118.1513,HDFC Top 100,125497
16-11-2021,118.6213,HDFC Top 100,125497
15-11-2021,119.239,HDFC Top 100,125497
12-11-2021,119.2912,HDFC Top 100,125497
11-11-2021,118.4235,HDFC Top 100,125497
10-11-2021,117.9059,HDFC Top 100,125497
09-11-2021,117.9077,HDFC Top 100,125497
08-11-2021,117.3055,HDFC Top 100,125497
03-11-2021,115.5222,HDFC Top 100,125497
02-11-2021,115.5178,HDFC Top 100,125497
01-11-2021,114.2579,HDFC Top 100,125497
29-10-2021,113.6715,HDFC Top 100,125497
28-10-2021,113.475,HDFC Top 100,125497
27-10-2021,114.1178,HDFC Top 100,125497
26-10-2021,113.5163,HDFC Top 100,125497
25-10-2021,111.9962,HDFC Top 100,125497
22-10-2021,113.4348,HDFC Top 100,125497
21-10-2021,113.8861,HDFC Top 100,125497
20-10-2021,113.4912,HDFC Top 100,125497
19-10-2021,116.2545,HDFC Top 100,125497
18-10-2021,117.5222,HDFC Top 100,125497
14-10-2021,116.6919,HDFC Top 100,125497
13-10-2021,116.4436,HDFC Top 100,125497
12-10-2021,115.2274,HDFC Top 100,125497
11-10-2021,115.1336,HDFC Top 100,125497
08-10-2021,114.3972,HDFC Top 100,125497
07-10-2021,113.9512,HDFC Top 100,125497
06-10-2021,112.5383,HDFC Top 100,125497
05-10-2021,112.8715,HDFC Top 100,125497
04-10-2021,112.8335,HDFC Top 100,125497
01-10-2021,110.9385,HDFC Top 100,125497
30-09-2021,110.1672,HDFC Top 100,125497
29-09-2021,109.4882,HDFC Top 100,125497
28-09-2021,109.4454,HDFC Top 100,125497
27-09-2021,109.313,HDFC Top 100,125497
24-09-2021,109.5436,HDFC Top 100,125497
23-09-2021,110.2011,HDFC Top 100,125497
22-09-2021,109.0144,HDFC Top 100,125497
21-09-2021,107.9811,HDFC Top 100,125497
20-09-2021,107.5332,HDFC Top 100,125497
17-09-2021,109.0842,HDFC Top 100,125497
16-09-2021,110.188,HDFC Top 100,125497
15-09-2021,110.3295,HDFC Top 100,125497
14-09-2021,109.5639,HDFC Top 100,125497
13-09-2021,108.3557,HDFC Top 100,125497
09-09-2021,108.1289,HDFC Top 100,125497
08-09-2021,107.1416,HDFC Top 100,125497
07-09-2021,106.9263,HDFC Top 100,125497
06-09-2021,107.1149,HDFC Top 100,125497
03-09-2021,106.5171,HDFC Top 100,125497
02-09-2021,106.4916,HDFC Top 100,125497
01-09-2021,105.6616,HDFC Top 100,125497
31-08-2021,105.6214,HDFC Top 100,125497
30-08-2021,104.648,HDFC Top 100,125497
27-08-2021,102.8137,HDFC Top 100,125497
26-08-2021,102.162,HDFC Top 100,125497
25-08-2021,101.532,HDFC Top 100,125497
24-08-2021,101.0715,HDFC Top 100,125497
23-08-2021,100.065,HDFC Top 100,125497
20-08-2021,101.3154,HDFC Top 100,125497
18-08-2021,102.7792,HDFC Top 100,125497
17-08-2021,102.9948,HDFC Top 100,125497
16-08-2021,102.6818,HDFC Top 100,125497
13-08-2021,103.1156,HDFC Top 100,125497
12-08-2021,102.8351,HDFC Top 100,125497
11-08-2021,101.5778,HDFC Top 100,125497
10-08-2021,102.739,HDFC Top 100,125497
09-08-2021,104.2697,HDFC Top 100,125497
06-08-2021,104.8069,HDFC Top 100,125497
05-08-2021,104.998,HDFC Top 100,125497
04-08-2021,105.4579,HDFC Top 100,125497
03-08-2021,106.3929,HDFC Top 100,125497
02-08-2021,106.1017,HDFC Top 100,125497
30-07-2021,105.3714,HDFC Top 100,125497
29-07-2021,104.8903,HDFC Top 100,125497
28-07-2021,103.617,HDFC Top 100,125497
27-07-2021,103.8914,HDFC Top 100,125497
26-07-2021,104.4083,HDFC Top 100,125497
23-07-2021,104.3972,HDFC Top 100,125497
22-07-2021,104.1531,HDFC Top 100,125497
20-07-2021,103.3603,HDFC Top 100,125497
19-07-2021,104.8046,HDFC Top 100,125497
16-07-2021,104.9914,HDFC Top 100,125497
15-07-2021,105.0695,HDFC Top 100,125497
14-07-2021,105.2564,HDFC Top 100,125497
13-07-2021,104.6746,HDFC Top 100,125497
12-07-2021,104.1041,HDFC Top 100,125497
09-07-2021,103.1664,HDFC Top 100,125497
08-07-2021,103.0963,HDFC Top 100,125497
07-07-2021,103.5981,HDFC Top 100,125497
06-07-2021,102.8988,HDFC Top 100,125497
05-07-2021,102.4792,HDFC Top 100,125497
02-07-2021,101.8067,HDFC Top 100,125497
01-07-2021,101.142,HDFC Top 100,125497
30-06-2021,100.9756,HDFC Top 100,125497
29-06-2021,100.5042,HDFC Top 100,125497
28-06-2021,100.7862,HDFC Top 100,125497
25-06-2021,100.1155,HDFC Top 100,125497
24-06-2021,99.7729,HDFC Top 100,125497
23-06-2021,99.71,HDFC Top 100,125497
22-06-2021,99.366,HDFC Top 100,125497
21-06-2021,98.8195,HDFC Top 100,125497
18-06-2021,98.4344,HDFC Top 100,125497
17-06-2021,98.6026,HDFC Top 100,125497
16-06-2021,99.1338,HDFC Top 100,125497
15-06-2021,99.6014,HDFC Top 100,125497
14-06-2021,99.2339,HDFC Top 100,125497
11-06-2021,99.8345,HDFC Top 100,125497
10-06-2021,99.9654,HDFC Top 100,125497
09-06-2021,99.0036,HDFC Top 100,125497
08-06-2021,100.1122,HDFC Top 100,125497
07-06-2021,99.9491,HDFC Top 100,125497
04-06-2021,98.8539,HDFC Top 100,125497
03-06-2021,98.125,HDFC Top 100,125497
02-06-2021,98.0796,HDFC Top 100,125497
01-06-2021,97.2044,HDFC Top 100,125497
31-05-2021,97.38,HDFC Top 100,125497
28-05-2021,97.2483,HDFC Top 100,125497
27-05-2021,97.9063,HDFC Top 100,125497
26-05-2021,97.3437,HDFC Top 100,125497
25-05-2021,96.8992,HDFC Top 100,125497
24-05-2021,96.0305,HDFC Top 100,125497
21-05-2021,95.3914,HDFC Top 100,125497
20-05-2021,95.0316,HDFC Top 100,125497
19-05-2021,94.7558,HDFC Top 100,125497
18-05-2021,93.9225,HDFC Top 100,125497
17-05-2021,92.9585,HDFC Top 100,125497
14-05-2021,92.2765,HDFC Top 100,125497
12-05-2021,92.9124,HDFC Top 100,125497
11-05-2021,93.5737,HDFC Top 100,125497
10-05-2021,92.846,HDFC Top 100,125497
07-05-2021,92.2135,HDFC Top 100,125497
06-05-2021,92.1186,HDFC Top 100,125497
05-05-2021,92.0577,HDFC Top 100,125497
04-05-2021,91.3626,HDFC Top 100,125497
03-05-2021,91.3828,HDFC Top 100,125497
30-04-2021,90.4752,HDFC Top 100,125497
29-04-2021,90.6173,HDFC Top 100,125497
28-04-2021,90.332,HDFC Top 100,125497
27-04-2021,89.5712,HDFC Top 100,125497
26-04-2021,88.5558,HDFC Top 100,125497
23-04-2021,87.9149,HDFC Top 100,125497
22-04-2021,87.767,HDFC Top 100,125497
20-04-2021,87.1948,HDFC Top 100,125497
19-04-2021,86.7783,HDFC Top 100,125497
16-04-2021,87.3888,HDFC Top 100,125497
15-04-2021,87.1259,HDFC Top 100,125497
13-04-2021,86.9516,HDFC Top 100,125497
12-04-2021,86.272,HDFC Top 100,125497
09-04-2021,90.0091,HDFC Top 100,125497
08-04-2021,89.9964,HDFC Top 100,125497
07-04-2021,88.9063,HDFC Top 100,125497
06-04-2021,88.3419,HDFC Top 100,125497
05-04-2021,87.5976,HDFC Top 100,125497
01-04-2021,88.4903,HDFC Top 100,125497
31-03-2021,87.4737,HDFC Top 100,125497
30-03-2021,86.6977,HDFC Top 100,125497
26-03-2021,85.5087,HDFC Top 100,125497
25-03-2021,84.6698,HDFC Top 100,125497
24-03-2021,86.1717,HDFC Top 100,125497
23-03-2021,87.5212,HDFC Top 100,125497
22-03-2021,86.4156,HDFC Top 100,125497
19-03-2021,85.7498,HDFC Top 100,125497
18-03-2021,86.0465,HDFC Top 100,125497
17-03-2021,87.2732,HDFC Top 100,125497
16-03-2021,88.5682,HDFC Top 100,125497
15-03-2021,88.5963,HDFC Top 100,125497
12-03-2021,88.9315,HDFC Top 100,125497
10-03-2021,88.6966,HDFC Top 100,125497
09-03-2021,88.3161,HDFC Top 100,125497
08-03-2021,88.5876,HDFC Top 100,125497
05-03-2021,88.2252,HDFC Top 100,125497
04-03-2021,88.9623,HDFC Top 100,125497
03-03-2021,88.4923,HDFC Top 100,125497
02-03-2021,87.7662,HDFC Top 100,125497
01-03-2021,86.8947,HDFC Top 100,125497
26-02-2021,85.7878,HDFC Top 100,125497
25-02-2021,86.3588,HDFC Top 100,125497
24-02-2021,84.7936,HDFC Top 100,125497
23-02-2021,84.0135,HDFC Top 100,125497
22-02-2021,83.6608,HDFC Top 100,125497
19-02-2021,84.9273,HDFC Top 100,125497
18-02-2021,85.5317,HDFC Top 100,125497
17-02-2021,84.8193,HDFC Top 100,125497
16-02-2021,84.5871,HDFC Top 100,125497
15-02-2021,85.0276,HDFC Top 100,125497
12-02-2021,84.5864,HDFC Top 100,125497
11-02-2021,84.1694,HDFC Top 100,125497
10-02-2021,83.3864,HDFC Top 100,125497
09-02-2021,83.1303,HDFC Top 100,125497
08-02-2021,83.4924,HDFC Top 100,125497
05-02-2021,82.6153,HDFC Top 100,125497
04-02-2021,82.4453,HDFC Top 100,125497
03-02-2021,81.6538,HDFC Top 100,125497
02-02-2021,80.6225,HDFC Top 100,125497
01-02-2021,79.4344,HDFC Top 100,125497
29-01-2021,77.8537,HDFC Top 100,125497
28-01-2021,77.7009,HDFC Top 100,125497
27-01-2021,78.2494,HDFC Top 100,125497
25-01-2021,78.9867,HDFC Top 100,125497
22-01-2021,79.6084,HDFC Top 100,125497
21-01-2021,80.5094,HDFC Top 100,125497
20-01-2021,80.6259,HDFC Top 100,125497
19-01-2021,80.6173,HDFC Top 100,125497
18-01-2021,79.4401,HDFC Top 100,125497
15-01-2021,80.5302,HDFC Top 100,125497
14-01-2021,81.0944,HDFC Top 100,125497
13-01-2021,81.6065,HDFC Top 100,125497
12-01-2021,81.9853,HDFC Top 100,125497
11-01-2021,82.0949,HDFC Top 100,125497
08-01-2021,82.4047,HDFC Top 100,125497
07-01-2021,81.8689,HDFC Top 100,125497
06-01-2021,80.8795,HDFC Top 100,125497
05-01-2021,80.6897,HDFC Top 100,125497
04-01-2021,79.9178,HDFC Top 100,125497
01-01-2021,78.961,HDFC Top 100,125497
31-12-2020,78.1396,HDFC Top 100,125497
30-12-2020,78.1608,HDFC Top 100,125497
29-12-2020,77.9378,HDFC Top 100,125497
28-12-2020,77.201,HDFC Top 100,125497
24-12-2020,76.2652,HDFC Top 100,125497
23-12-2020,75.995,HDFC Top 100,125497
22-12-2020,74.4438,HDFC Top 100,125497
21-12-2020,74.3431,HDFC Top 100,125497
18-12-2020,76.6351,HDFC Top 100,125497
17-12-2020,76.9464,HDFC Top 100,125497
16-12-2020,77.1352,HDFC Top 100,125497
15-12-2020,76.8527,HDFC Top 100,125497
14-12-2020,76.7302,HDFC Top 100,125497
11-12-2020,76.1897,HDFC Top 100,125497
10-12-2020,76.0258,HDFC Top 100,125497
09-12-2020,76.3633,HDFC Top 100,125497
08-12-2020,76.0347,HDFC Top 100,125497
07-12-2020,76.2757,HDFC Top 100,125497
04-12-2020,75.2531,HDFC Top 100,125497
03-12-2020,74.5188,HDFC Top 100,125497
02-12-2020,74.0961,HDFC Top 100,125497
01-12-2020,73.9151,HDFC Top 100,125497
27-11-2020,73.1105,HDFC Top 100,125497
26-11-2020,71.4394,HDFC Top 100,125497
25-11-2020,71.2859,HDFC Top 100,125497
24-11-2020,72.0394,HDFC Top 100,125497
23-11-2020,71.3108,HDFC Top 100,125497
20-11-2020,70.6897,HDFC Top 100,125497
19-11-2020,70.3257,HDFC Top 100,125497
18-11-2020,70.0787,HDFC Top 100,125497
17-11-2020,69.2585,HDFC Top 100,125497
13-11-2020,67.8975,HDFC Top 100,125497
12-11-2020,67.0874,HDFC Top 100,125497
11-11-2020,66.6685,HDFC Top 100,125497
10-11-2020,66.4961,HDFC Top 100,125497
09-11-2020,66.5707,HDFC Top 100,125497
06-11-2020,65.761,HDFC Top 100,125497
05-11-2020,65.3632,HDFC Top 100,125497
04-11-2020,64.6703,HDFC Top 100,125497
03-11-2020,64.2757,HDFC Top 100,125497
02-11-2020,63.9582,HDFC Top 100,125497
30-10-2020,64.0422,HDFC Top 100,125497
29-10-2020,63.8738,HDFC Top 100,125497
28-10-2020,64.1264,HDFC Top 100,125497
27-10-2020,64.2905,HDFC Top 100,125497
26-10-2020,64.1467,HDFC Top 100,125497
23-10-2020,64.4167,HDFC Top 100,125497
22-10-2020,63.9264,HDFC Top 100,125497
21-10-2020,63.7626,HDFC Top 100,125497
20-10-2020,63.7148,HDFC Top 100,125497
19-10-2020,63.7933,HDFC Top 100,125497
16-10-2020,63.2883,HDFC Top 100,125497
15-10-2020,62.5586,HDFC Top 100,125497
14-10-2020,63.4637,HDFC Top 100,125497
13-10-2020,62.8658,HDFC Top 100,125497
12-10-2020,62.7597,HDFC Top 100,125497
09-10-2020,63.2906,HDFC Top 100,125497
08-10-2020,63.4817,HDFC Top 100,125497
07-10-2020,64.1025,HDFC Top 100,125497
06-10-2020,64.2617,HDFC Top 100,125497
05-10-2020,64.3535,HDFC Top 100,125497
01-10-2020,64.1093,HDFC Top 100,125497
30-09-2020,63.8023,HDFC Top 100,125497
29-09-2020,63.6305,HDFC Top 100,125497
28-09-2020,63.5663,HDFC Top 100,125497
25-09-2020,62.4845,HDFC Top 100,125497
24-09-2020,61.6467,HDFC Top 100,125497
23-09-2020,62.7063,HDFC Top 100,125497
22-09-2020,62.8153,HDFC Top 100,125497
21-09-2020,63.9585,HDFC Top 100,125497
18-09-2020,65.7147,HDFC Top 100,125497
17-09-2020,66.2742,HDFC Top 100,125497
16-09-2020,66.7009,HDFC Top 100,125497
15-09-2020,66.5188,HDFC Top 100,125497
14-09-2020,65.8331,HDFC Top 100,125497
11-09-2020,62.9364,HDFC Top 100,125497
10-09-2020,62.9838,HDFC Top 100,125497
09-09-2020,61.9976,HDFC Top 100,125497
08-09-2020,62.6925,HDFC Top 100,125497
07-09-2020,63.1455,HDFC Top 100,125497
04-09-2020,63.0449,HDFC Top 100,125497
03-09-2020,63.6277,HDFC Top 100,125497
02-09-2020,63.5433,HDFC Top 100,125497
01-09-2020,62.3265,HDFC Top 100,125497
31-08-2020,62.3588,HDFC Top 100,125497
28-08-2020,65.0345,HDFC Top 100,125497
27-08-2020,65.0304,HDFC Top 100,125497
26-08-2020,64.6439,HDFC Top 100,125497
25-08-2020,64.2012,HDFC Top 100,125497
24-08-2020,64.2166,HDFC Top 100,125497
21-08-2020,63.2056,HDFC Top 100,125497
20-08-2020,62.3087,HDFC Top 100,125497
19-08-2020,61.7767,HDFC Top 100,125497
18-08-2020,61.5686,HDFC Top 100,125497
17-08-2020,61.0084,HDFC Top 100,125497
14-08-2020,60.8519,HDFC Top 100,125497
13-08-2020,60.7092,HDFC Top 100,125497
12-08-2020,59.2859,HDFC Top 100,125497
11-08-2020,58.9922,HDFC Top 100,125497
10-08-2020,58.7216,HDFC Top 100,125497
07-08-2020,57.9724,HDFC Top 100,125497
06-08-2020,57.6979,HDFC Top 100,125497
05-08-2020,57.0065,HDFC Top 100,125497
04-08-2020,56.5565,HDFC Top 100,125497
03-08-2020,56.0147,HDFC Top 100,125497
31-07-2020,55.3008,HDFC Top 100,125497
30-07-2020,55.0194,HDFC Top 100,125497
29-07-2020,55.1299,HDFC Top 100,125497
28-07-2020,55.2362,HDFC Top 100,125497
27-07-2020,55.5097,HDFC Top 100,125497
24-07-2020,56.1087,HDFC Top 100,125497
23-07-2020,55.9901,HDFC Top 100,125497
22-07-2020,55.5652,HDFC Top 100,125497
21-07-2020,55.4238,HDFC Top 100,125497
20-07-2020,54.9045,HDFC Top 100,125497
17-07-2020,54.546,HDFC Top 100,125497
16-07-2020,54.2633,HDFC Top 100,125497
15-07-2020,54.4579,HDFC Top 100,125497
14-07-2020,54.2574,HDFC Top 100,125497
13-07-2020,54.5398,HDFC Top 100,125497
10-07-2020,54.9376,HDFC Top 100,125497
09-07-2020,54.9956,HDFC Top 100,125497
08-07-2020,54.5073,HDFC Top 100,125497
07-07-2020,54.932,HDFC Top 100,125497
06-07-2020,54.7915,HDFC Top 100,125497
03-07-2020,53.9367,HDFC Top 100,125497
02-07-2020,53.4633,HDFC Top 100,125497
01-07-2020,53.0526,HDFC Top 100,125497
30-06-2020,52.8219,HDFC Top 100,125497
29-06-2020,52.9446,HDFC Top 100,125497
26-06-2020,53.4577,HDFC Top 100,125497
25-06-2020,53.1915,HDFC Top 100,125497
24-06-2020,53.2495,HDFC Top 100,125497
23-06-2020,53.6129,HDFC Top 100,125497
22-06-2020,53.2647,HDFC Top 100,125497
19-06-2020,52.3501,HDFC Top 100,125497
18-06-2020,51.5685,HDFC Top 100,125497
17-06-2020,50.9734,HDFC Top 100,125497
16-06-2020,50.7675,HDFC Top 100,125497
15-06-2020,51.0041,HDFC Top 100,125497
12-06-2020,50.8648,HDFC Top 100,125497
11-06-2020,50.6426,HDFC Top 100,125497
10-06-2020,51.4119,HDFC Top 100,125497
09-06-2020,51.1714,HDFC Top 100,125497
08-06-2020,51.7451,HDFC Top 100,125497
05-06-2020,51.3008,HDFC Top 100,125497
04-06-2020,50.798,HDFC Top 100,125497
03-06-2020,50.9722,HDFC Top 100,125497
02-06-2020,50.232,HDFC Top 100,125497
01-06-2020,49.3635,HDFC Top 100,125497
29-05-2020,47.8748,HDFC Top 100,125497
28-05-2020,47.1434,HDFC Top 100,125497
27-05-2020,46.5354,HDFC Top 100,125497
26-05-2020,46.4193,HDFC Top 100,125497
22-05-2020,46.2132,HDFC Top 100,125497
21-05-2020,46.5947,HDFC Top 100,125497
20-05-2020,46.2563,HDFC Top 100,125497
19-05-2020,45.725,HDFC Top 100,125497
18-05-2020,45.8781,HDFC Top 100,125497
15-05-2020,46.9331,HDFC Top 100,125497
14-05-2020,46.8328,HDFC Top 100,125497
13-05-2020,47.5349,HDFC Top 100,125497
12-05-2020,46.6427,HDFC Top 100,125497
11-05-2020,46.9345,HDFC Top 100,125497
08-05-2020,47.0197,HDFC Top 100,125497
07-05-2020,47.4015,HDFC Top 100,125497
06-05-2020,47.5508,HDFC Top 100,125497
05-05-2020,47.5152,HDFC Top 100,125497
04-05-2020,48.0018,HDFC Top 100,125497
30-04-2020,49.4021,HDFC Top 100,125497
29-04-2020,48.915,HDFC Top 100,125497
28-04-2020,48.4286,HDFC Top 100,125497
27-04-2020,48.0846,HDFC Top 100,125497
24-04-2020,47.8799,HDFC Top 100,125497
23-04-2020,48.6464,HDFC Top 100,125497
22-04-2020,48.307,HDFC Top 100,125497
21-04-2020,47.7874,HDFC Top 100,125497
20-04-2020,48.8951,HDFC Top 100,125497
17-04-2020,47.9462,HDFC Top 100,125497
16-04-2020,47.0044,HDFC Top 100,125497
15-04-2020,46.6621,HDFC Top 100,125497
13-04-2020,46.3737,HDFC Top 100,125497
09-04-2020,46.7891,HDFC Top 100,125497
08-04-2020,45.7678,HDFC Top 100,125497
07-04-2020,45.121,HDFC Top 100,125497
03-04-2020,43.6981,HDFC Top 100,125497
01-04-2020,43.7773,HDFC Top 100,125497
31-03-2020,44.2998,HDFC Top 100,125497
30-03-2020,43.1613,HDFC Top 100,125497
27-03-2020,44.2552,HDFC Top 100,125497
26-03-2020,43.7048,HDFC Top 100,125497
25-03-2020,42.2905,HDFC Top 100,125497
24-03-2020,41.26,HDFC Top 100,125497
23-03-2020,41.311,HDFC Top 100,125497
20-03-2020,45.7468,HDFC Top 100,125497
19-03-2020,45.2642,HDFC Top 100,125497
18-03-2020,47.0783,HDFC Top 100,125497
17-03-2020,49.9371,HDFC Top 100,125497
16-03-2020,50.8999,HDFC Top 100,125497
13-03-2020,53.1576,HDFC Top 100,125497
12-03-2020,53.1617,HDFC Top 100,125497
11-03-2020,56.6672,HDFC Top 100,125497
09-03-2020,56.7701,HDFC Top 100,125497
06-03-2020,58.5236,HDFC Top 100,125497
05-03-2020,59.2727,HDFC Top 100,125497
04-03-2020,58.8308,HDFC Top 100,125497
03-03-2020,59.7023,HDFC Top 100,125497
02-03-2020,59.4357,HDFC Top 100,125497
28-02-2020,59.45,HDFC Top 100,125497
27-02-2020,61.0899,HDFC Top 100,125497
26-02-2020,61.1649,HDFC Top 100,125497
25-02-2020,61.6015,HDFC Top 100,125497
24-02-2020,61.7942,HDFC Top 100,125497
20-02-2020,62.3727,HDFC Top 100,125497
19-02-2020,62.26,HDFC Top 100,125497
18-02-2020,61.5595,HDFC Top 100,125497
17-02-2020,62.0469,HDFC Top 100,125497
14-02-2020,62.2419,HDFC Top 100,125497
13-02-2020,62.2181,HDFC Top 100,125497
12-02-2020,62.2058,HDFC Top 100,125497
11-02-2020,62.1921,HDFC Top 100,125497
10-02-2020,61.9086,HDFC Top 100,125497
07-02-2020,62.3167,HDFC Top 100,125497
06-02-2020,62.089,HDFC Top 100,125497
05-02-2020,62.0606,HDFC Top 100,125497
04-02-2020,61.7883,HDFC Top 100,125497
03-02-2020,60.8872,HDFC Top 100,125497
31-01-2020,61.7543,HDFC Top 100,125497
30-01-2020,61.8134,HDFC Top 100,125497
29-01-2020,62.1324,HDFC Top 100,125497
28-01-2020,62.0886,HDFC Top 100,125497
27-01-2020,61.9656,HDFC Top 100,125497
24-01-2020,61.8393,HDFC Top 100,125497
23-01-2020,61.1488,HDFC Top 100,125497
22-01-2020,60.8469,HDFC Top 100,125497
21-01-2020,60.7275,HDFC Top 100,125497
20-01-2020,60.9709,HDFC Top 100,125497
17-01-2020,60.8952,HDFC Top 100,125497
16-01-2020,60.2189,HDFC Top 100,125497
15-01-2020,59.6795,HDFC Top 100,125497
14-01-2020,59.2895,HDFC Top 100,125497
13-01-2020,59.1726,HDFC Top 100,125497
10-01-2020,58.9076,HDFC Top 100,125497
09-01-2020,58.6407,HDFC Top 100,125497
08-01-2020,57.9868,HDFC Top 100,125497
07-01-2020,58.2107,HDFC Top 100,125497
06-01-2020,57.7329,HDFC Top 100,125497
03-01-2020,58.6872,HDFC Top 100,125497
02-01-2020,58.3988,HDFC Top 100,125497
01-01-2020,57.886,HDFC Top 100,125497
31-12-2019,57.8093,HDFC Top 100,125497
30-12-2019,57.7981,HDFC Top 100,125497
27-12-2019,57.7682,HDFC Top 100,125497
26-12-2019,57.4846,HDFC Top 100,125497
24-12-2019,57.4196,HDFC Top 100,125497
23-12-2019,57.5756,HDFC Top 100,125497
20-12-2019,57.6649,HDFC Top 100,125497
19-12-2019,57.3051,HDFC Top 100,125497
18-12-2019,57.1274,HDFC Top 100,125497
17-12-2019,57.3155,HDFC Top 100,125497
16-12-2019,56.9909,HDFC Top 100,125497
13-12-2019,57.2957,HDFC Top 100,125497
12-12-2019,56.7141,HDFC Top 100,125497
11-12-2019,56.6208,HDFC Top 100,125497
10-12-2019,56.8176,HDFC Top 100,125497
09-12-2019,57.3044,HDFC Top 100,125497
06-12-2019,57.6323,HDFC Top 100,125497
05-12-2019,58.2459,HDFC Top 100,125497
04-12-2019,58.3397,HDFC Top 100,125497
03-12-2019,57.9542,HDFC Top 100,125497
02-12-2019,58.0533,HDFC Top 100,125497
29-11-2019,57.9839,HDFC Top 100,125497
28-11-2019,57.7441,HDFC Top 100,125497
27-11-2019,57.825,HDFC Top 100,125497
26-11-2019,57.9258,HDFC Top 100,125497
25-11-2019,58.2373,HDFC Top 100,125497
22-11-2019,58.0555,HDFC Top 100,125497
21-11-2019,58.0232,HDFC Top 100,125497
20-11-2019,57.8357,HDFC Top 100,125497
19-11-2019,57.8266,HDFC Top 100,125497
18-11-2019,57.7894,HDFC Top 100,125497
15-11-2019,57.71,HDFC Top 100,125497
14-11-2019,57.8273,HDFC Top 100,125497
13-11-2019,57.9023,HDFC Top 100,125497
11-11-2019,57.692,HDFC Top 100,125497
08-11-2019,57.4537,HDFC Top 100,125497
07-11-2019,57.9074,HDFC Top 100,125497
06-11-2019,57.7536,HDFC Top 100,125497
05-11-2019,58.0708,HDFC Top 100,125497
04-11-2019,58.5157,HDFC Top 100,125497
01-11-2019,57.9809,HDFC Top 100,125497
31-10-2019,57.6615,HDFC Top 100,125497
30-10-2019,57.1831,HDFC Top 100,125497
29-10-2019,57.0785,HDFC Top 100,125497
25-10-2019,56.3768,HDFC Top 100,125497
24-10-2019,56.4878,HDFC Top 100,125497
23-10-2019,56.394,HDFC Top 100,125497
22-10-2019,56.3394,HDFC Top 100,125497
18-10-2019,56.3596,HDFC Top 100,125497
17-10-2019,55.2661,HDFC Top 100,125497
16-10-2019,54.9299,HDFC Top 100,125497
15-10-2019,55.0504,HDFC Top 100,125497
14-10-2019,54.9658,HDFC Top 100,125497
11-10-2019,54.8222,HDFC Top 100,125497
10-10-2019,54.7665,HDFC Top 100,125497
09-10-2019,55.0566,HDFC Top 100,125497
07-10-2019,54.8053,HDFC Top 100,125497
04-10-2019,54.9464,HDFC Top 100,125497
03-10-2019,55.399,HDFC Top 100,125497
01-10-2019,55.6556,HDFC Top 100,125497
30-09-2019,56.147,HDFC Top 100,125497
27-09-2019,56.3843,HDFC Top 100,125497
26-09-2019,56.3859,HDFC Top 100,125497
25-09-2019,55.9413,HDFC Top 100,125497
24-09-2019,56.4498,HDFC Top 100,125497
23-09-2019,56.3502,HDFC Top 100,125497
20-09-2019,54.447,HDFC Top 100,125497
19-09-2019,52.7845,HDFC Top 100,125497
18-09-2019,53.1334,HDFC Top 100,125497
17-09-2019,53.1853,HDFC Top 100,125497
16-09-2019,53.814,HDFC Top 100,125497
13-09-2019,53.6012,HDFC Top 100,125497
12-09-2019,53.6476,HDFC Top 100,125497
11-09-2019,53.7478,HDFC Top 100,125497
09-09-2019,52.9366,HDFC Top 100,125497
06-09-2019,52.6455,HDFC Top 100,125497
05-09-2019,52.2783,HDFC Top 100,125497
04-09-2019,52.1216,HDFC Top 100,125497
03-09-2019,51.9742,HDFC Top 100,125497
30-08-2019,52.3752,HDFC Top 100,125497
29-08-2019,52.0987,HDFC Top 100,125497
28-08-2019,52.4938,HDFC Top 100,125497
27-08-2019,52.5731,HDFC Top 100,125497
26-08-2019,52.0341,HDFC Top 100,125497
23-08-2019,51.3091,HDFC Top 100,125497
22-08-2019,51.038,HDFC Top 100,125497
21-08-2019,51.522,HDFC Top 100,125497
20-08-2019,51.9247,HDFC Top 100,125497
19-08-2019,51.9983,HDFC Top 100,125497
16-08-2019,52.0211,HDFC Top 100,125497
14-08-2019,51.7299,HDFC Top 100,125497
13-08-2019,51.0979,HDFC Top 100,125497
09-08-2019,51.6177,HDFC Top 100,125497
08-08-2019,51.2595,HDFC Top 100,125497
07-08-2019,51.1681,HDFC Top 100,125497
06-08-2019,51.0319,HDFC Top 100,125497
05-08-2019,50.5861,HDFC Top 100,125497
02-08-2019,51.0349,HDFC Top 100,125497
01-08-2019,51.3082,HDFC Top 100,125497
31-07-2019,51.9017,HDFC Top 100,125497
30-07-2019,51.466,HDFC Top 100,125497
29-07-2019,52.1616,HDFC Top 100,125497
26-07-2019,52.5686,HDFC Top 100,125497
25-07-2019,52.5207,HDFC Top 100,125497
24-07-2019,52.7374,HDFC Top 100,125497
23-07-2019,53.155,HDFC Top 100,125497
22-07-2019,53.024,HDFC Top 100,125497
19-07-2019,53.4029,HDFC Top 100,125497
18-07-2019,54.0147,HDFC Top 100,125497
17-07-2019,54.319,HDFC Top 100,125497
16-07-2019,54.0856,HDFC Top 100,125497
15-07-2019,54.1461,HDFC Top 100,125497
12-07-2019,54.2785,HDFC Top 100,125497
11-07-2019,54.0984,HDFC Top 100,125497
10-07-2019,53.8443,HDFC Top 100,125497
09-07-2019,54.0836,HDFC Top 100,125497
08-07-2019,54.1644,HDFC Top 100,125497
05-07-2019,54.8561,HDFC Top 100,125497
04-07-2019,55.4699,HDFC Top 100,125497
03-07-2019,55.3738,HDFC Top 100,125497
02-07-2019,55.456,HDFC Top 100,125497
01-07-2019,55.3031,HDFC Top 100,125497
28-06-2019,55.224,HDFC Top 100,125497
27-06-2019,55.097,HDFC Top 100,125497
26-06-2019,54.9657,HDFC Top 100,125497
25-06-2019,54.4957,HDFC Top 100,125497
24-06-2019,54.1894,HDFC Top 100,125497
21-06-2019,54.4826,HDFC Top 100,125497
20-06-2019,54.4507,HDFC Top 100,125497
19-06-2019,54.0946,HDFC Top 100,125497
18-06-2019,54.3588,HDFC Top 100,125497
17-06-2019,54.651,HDFC Top 100,125497
14-06-2019,55.2265,HDFC Top 100,125497
13-06-2019,55.3583,HDFC Top 100,125497
12-06-2019,55.6663,HDFC Top 100,125497
11-06-2019,55.677,HDFC Top 100,125497
10-06-2019,55.7431,HDFC Top 100,125497
07-06-2019,56.094,HDFC Top 100,125497
06-06-2019,56.1253,HDFC Top 100,125497
04-06-2019,56.7067,HDFC Top 100,125497
03-06-2019,56.7417,HDFC Top 100,125497
31-05-2019,56.4804,HDFC Top 100,125497
30-05-2019,56.1882,HDFC Top 100,125497
29-05-2019,56.3573,HDFC Top 100,125497
28-05-2019,56.5415,HDFC Top 100,125497
27-05-2019,55.9036,HDFC Top 100,125497
24-05-2019,54.9948,HDFC Top 100,125497
23-05-2019,53.9873,HDFC Top 100,125497
22-05-2019,54.0958,HDFC Top 100,125497
21-05-2019,54.0838,HDFC Top 100,125497
20-05-2019,54.4867,HDFC Top 100,125497
17-05-2019,53.073,HDFC Top 100,125497
16-05-2019,52.9338,HDFC Top 100,125497
15-05-2019,53.0303,HDFC Top 100,125497
14-05-2019,53.1004,HDFC Top 100,125497
13-05-2019,52.8389,HDFC Top 100,125497
10-05-2019,53.706,HDFC Top 100,125497
09-05-2019,53.7084,HDFC Top 100,125497
08-05-2019,53.8583,HDFC Top 100,125497
07-05-2019,54.3424,HDFC Top 100,125497
06-05-2019,54.4976,HDFC Top 100,125497
03-05-2019,54.897,HDFC Top 100,125497
02-05-2019,55.0024,HDFC Top 100,125497
30-04-2019,55.083,HDFC Top 100,125497
26-04-2019,55.3187,HDFC Top 100,125497
25-04-2019,55.3592,HDFC Top 100,125497
24-04-2019,55.2723,HDFC Top 100,125497
23-04-2019,55.0555,HDFC Top 100,125497
22-04-2019,54.9458,HDFC Top 100,125497
18-04-2019,55.7232,HDFC Top 100,125497
16-04-2019,56.1267,HDFC Top 100,125497
15-04-2019,56.1536,HDFC Top 100,125497
12-04-2019,55.9226,HDFC Top 100,125497
11-04-2019,55.7987,HDFC Top 100,125497
10-04-2019,55.6388,HDFC Top 100,125497
09-04-2019,55.6612,HDFC Top 100,125497
08-04-2019,55.8828,HDFC Top 100,125497
05-04-2019,56.0191,HDFC Top 100,125497
04-04-2019,55.6447,HDFC Top 100,125497
03-04-2019,55.6601,HDFC Top 100,125497
02-04-2019,56.0011,HDFC Top 100,125497
01-04-2019,56.1772,HDFC Top 100,125497
29-03-2019,55.663,HDFC Top 100,125497
28-03-2019,54.7581,HDFC Top 100,125497
27-03-2019,54.46,HDFC Top 100,125497
26-03-2019,54.4065,HDFC Top 100,125497
25-03-2019,54.0256,HDFC Top 100,125497
22-03-2019,54.6498,HDFC Top 100,125497
20-03-2019,54.7637,HDFC Top 100,125497
19-03-2019,55.1238,HDFC Top 100,125497
18-03-2019,54.8356,HDFC Top 100,125497
15-03-2019,54.8323,HDFC Top 100,125497
14-03-2019,55.0181,HDFC Top 100,125497
13-03-2019,55.1959,HDFC Top 100,125497
12-03-2019,55.2773,HDFC Top 100,125497
11-03-2019,54.7406,HDFC Top 100,125497
08-03-2019,53.9401,HDFC Top 100,125497
07-03-2019,53.7052,HDFC Top 100,125497
06-03-2019,53.2436,HDFC Top 100,125497
05-03-2019,52.7007,HDFC Top 100,125497
01-03-2019,51.4418,HDFC Top 100,125497
28-02-2019,50.7717,HDFC Top 100,125497
27-02-2019,50.6695,HDFC Top 100,125497
26-02-2019,50.9392,HDFC Top 100,125497
25-02-2019,51.1544,HDFC Top 100,125497
22-02-2019,51.1164,HDFC Top 100,125497
21-02-2019,50.8863,HDFC Top 100,125497
20-02-2019,50.5134,HDFC Top 100,125497
19-02-2019,50.1932,HDFC Top 100,125497
18-02-2019,49.7231,HDFC Top 100,125497
15-02-2019,49.8363,HDFC Top 100,125497
14-02-2019,50.0246,HDFC Top 100,125497
13-02-2019,49.9159,HDFC Top 100,125497
12-02-2019,49.9865,HDFC Top 100,125497
11-02-2019,50.1417,HDFC Top 100,125497
08-02-2019,50.5532,HDFC Top 100,125497
07-02-2019,50.8924,HDFC Top 100,125497
06-02-2019,50.5395,HDFC Top 100,125497
05-02-2019,50.7151,HDFC Top 100,125497
04-02-2019,51.0358,HDFC Top 100,125497
01-02-2019,51.2972,HDFC Top 100,125497
31-01-2019,51.3507,HDFC Top 100,125497
30-01-2019,51.0055,HDFC Top 100,125497
29-01-2019,51.0547,HDFC Top 100,125497
28-01-2019,51.0862,HDFC Top 100,125497
25-01-2019,51.8002,HDFC Top 100,125497
24-01-2019,52.2905,HDFC Top 100,125497
23-01-2019,52.2713,HDFC Top 100,125497
22-01-2019,52.5351,HDFC Top 100,125497
21-01-2019,52.858,HDFC Top 100,125497
18-01-2019,53.071,HDFC Top 100,125497
17-01-2019,53.1674,HDFC Top 100,125497
16-01-2019,53.2055,HDFC Top 100,125497
15-01-2019,53.2756,HDFC Top 100,125497
14-01-2019,53.1547,HDFC Top 100,125497
11-01-2019,53.1862,HDFC Top 100,125497
10-01-2019,53.2423,HDFC Top 100,125497
09-01-2019,53.2998,HDFC Top 100,125497
08-01-2019,53.2516,HDFC Top 100,125497
07-01-2019,53.4187,HDFC Top 100,125497
04-01-2019,53.3289,HDFC Top 100,125497
03-01-2019,53.5067,HDFC Top 100,125497
02-01-2019,53.7148,HDFC Top 100,125497
01-01-2019,53.818,HDFC Top 100,125497
31-12-2018,53.8265,HDFC Top 100,125497
28-12-2018,53.5178,HDFC Top 100,125497
27-12-2018,53.0365,HDFC Top 100,125497
26-12-2018,52.817,HDFC Top 100,125497
24-12-2018,52.8045,HDFC Top 100,125497
21-12-2018,53.5026,HDFC Top 100,125497
20-12-2018,54.1591,HDFC Top 100,125497
19-12-2018,54.0589,HDFC Top 100,125497
18-12-2018,53.4937,HDFC Top 100,125497
17-12-2018,53.2949,HDFC Top 100,125497
14-12-2018,53.0898,HDFC Top 100,125497
13-12-2018,53.0474,HDFC Top 100,125497
12-12-2018,52.6722,HDFC Top 100,125497
11-12-2018,51.6933,HDFC Top 100,125497
10-12-2018,51.301,HDFC Top 100,125497
07-12-2018,52.0078,HDFC Top 100,125497
06-12-2018,51.9051,HDFC Top 100,125497
05-12-2018,52.5267,HDFC Top 100,125497
04-12-2018,52.9458,HDFC Top 100,125497
03-12-2018,52.7747,HDFC Top 100,125497
30-11-2018,52.7422,HDFC Top 100,125497
29-11-2018,52.4969,HDFC Top 100,125497
28-11-2018,52.4448,HDFC Top 100,125497
27-11-2018,52.3787,HDFC Top 100,125497
26-11-2018,52.3692,HDFC Top 100,125497
22-11-2018,52.5867,HDFC Top 100,125497
21-11-2018,52.6805,HDFC Top 100,125497
20-11-2018,52.7118,HDFC Top 100,125497
19-11-2018,53.029,HDFC Top 100,125497
16-11-2018,52.5647,HDFC Top 100,125497
15-11-2018,52.6406,HDFC Top 100,125497
14-11-2018,52.847,HDFC Top 100,125497
13-11-2018,52.6014,HDFC Top 100,125497
12-11-2018,52.6627,HDFC Top 100,125497
09-11-2018,53.0344,HDFC Top 100,125497
06-11-2018,52.3747,HDFC Top 100,125497
05-11-2018,52.4327,HDFC Top 100,125497
02-11-2018,52.5668,HDFC Top 100,125497
01-11-2018,52.0587,HDFC Top 100,125497
31-10-2018,51.8851,HDFC Top 100,125497
30-10-2018,51.4475,HDFC Top 100,125497
29-10-2018,50.9297,HDFC Top 100,125497
26-10-2018,50.3325,HDFC Top 100,125497
25-10-2018,50.251,HDFC Top 100,125497
24-10-2018,50.3952,HDFC Top 100,125497
23-10-2018,50.1667,HDFC Top 100,125497
22-10-2018,50.7772,HDFC Top 100,125497
19-10-2018,51.425,HDFC Top 100,125497
17-10-2018,51.9801,HDFC Top 100,125497
16-10-2018,52.7174,HDFC Top 100,125497
15-10-2018,52.1697,HDFC Top 100,125497
12-10-2018,51.7944,HDFC Top 100,125497
11-10-2018,51.0028,HDFC Top 100,125497
10-10-2018,51.6901,HDFC Top 100,125497
09-10-2018,49.9984,HDFC Top 100,125497
08-10-2018,50.3191,HDFC Top 100,125497
05-10-2018,51.0967,HDFC Top 100,125497
04-10-2018,51.9575,HDFC Top 100,125497
03-10-2018,52.9192,HDFC Top 100,125497
01-10-2018,52.883,HDFC Top 100,125497
28-09-2018,53.3171,HDFC Top 100,125497
27-09-2018,54.4466,HDFC Top 100,125497
26-09-2018,55.1202,HDFC Top 100,125497
25-09-2018,54.8274,HDFC Top 100,125497
24-09-2018,55.2821,HDFC Top 100,125497
21-09-2018,56.4467,HDFC Top 100,125497
19-09-2018,57.5821,HDFC Top 100,125497
18-09-2018,58.0036,HDFC Top 100,125497
17-09-2018,58.5504,HDFC Top 100,125497
14-09-2018,58.7983,HDFC Top 100,125497
12-09-2018,58.2059,HDFC Top 100,125497
11-09-2018,58.317,HDFC Top 100,125497
10-09-2018,58.943,HDFC Top 100,125497
07-09-2018,59.3814,HDFC Top 100,125497
06-09-2018,59.2383,HDFC Top 100,125497
05-09-2018,58.6949,HDFC Top 100,125497
04-09-2018,58.889,HDFC Top 100,125497
03-09-2018,59.8974,HDFC Top 100,125497
31-08-2018,60.1287,HDFC Top 100,125497
30-08-2018,59.5719,HDFC Top 100,125497
29-08-2018,59.4907,HDFC Top 100,125497
28-08-2018,59.5545,HDFC Top 100,125497
27-08-2018,59.3442,HDFC Top 100,125497
24-08-2018,58.8617,HDFC Top 100,125497
23-08-2018,59.031,HDFC Top 100,125497
21-08-2018,58.8857,HDFC Top 100,125497
20-08-2018,58.7597,HDFC Top 100,125497
17-08-2018,58.7555,HDFC Top 100,125497
16-08-2018,58.388,HDFC Top 100,125497
14-08-2018,58.0781,HDFC Top 100,125497
13-08-2018,58.2451,HDFC Top 100,125497
10-08-2018,58.6551,HDFC Top 100,125497
09-08-2018,58.7543,HDFC Top 100,125497
08-08-2018,59.0029,HDFC Top 100,125497
07-08-2018,58.9834,HDFC Top 100,125497
06-08-2018,58.7914,HDFC Top 100,125497
03-08-2018,57.7594,HDFC Top 100,125497
02-08-2018,57.2162,HDFC Top 100,125497
01-08-2018,57.0216,HDFC Top 100,125497
31-07-2018,56.6181,HDFC Top 100,125497
30-07-2018,56.2737,HDFC Top 100,125497
27-07-2018,55.8532,HDFC Top 100,125497
26-07-2018,54.6171,HDFC Top 100,125497
25-07-2018,54.3981,HDFC Top 100,125497
24-07-2018,54.2935,HDFC Top 100,125497
23-07-2018,53.4957,HDFC Top 100,125497
20-07-2018,53.1279,HDFC Top 100,125497
19-07-2018,53.0648,HDFC Top 100,125497
18-07-2018,53.3584,HDFC Top 100,125497
17-07-2018,53.9208,HDFC Top 100,125497
16-07-2018,53.8182,HDFC Top 100,125497
13-07-2018,54.7351,HDFC Top 100,125497
12-07-2018,54.9257,HDFC Top 100,125497
11-07-2018,55.0134,HDFC Top 100,125497
10-07-2018,54.9768,HDFC Top 100,125497
09-07-2018,54.8668,HDFC Top 100,125497
06-07-2018,54.1996,HDFC Top 100,125497
05-07-2018,53.9747,HDFC Top 100,125497
04-07-2018,54.162,HDFC Top 100,125497
03-07-2018,53.973,HDFC Top 100,125497
02-07-2018,53.9029,HDFC Top 100,125497
29-06-2018,54.0638,HDFC Top 100,125497
28-06-2018,53.2372,HDFC Top 100,125497
27-06-2018,53.7015,HDFC Top 100,125497
26-06-2018,54.6316,HDFC Top 100,125497
25-06-2018,55.0055,HDFC Top 100,125497
22-06-2018,55.5548,HDFC Top 100,125497
21-06-2018,55.5814,HDFC Top 100,125497
20-06-2018,55.9644,HDFC Top 100,125497
19-06-2018,56.0586,HDFC Top 100,125497
18-06-2018,56.868,HDFC Top 100,125497
15-06-2018,57.0672,HDFC Top 100,125497
14-06-2018,57.4387,HDFC Top 100,125497
13-06-2018,57.2522,HDFC Top 100,125497
12-06-2018,57.4404,HDFC Top 100,125497
11-06-2018,57.3946,HDFC Top 100,125497
08-06-2018,57.0448,HDFC Top 100,125497
07-06-2018,57.0031,HDFC Top 100,125497
06-06-2018,55.91,HDFC Top 100,125497
05-06-2018,55.1442,HDFC Top 100,125497
04-06-2018,56.5065,HDFC Top 100,125497
01-06-2018,57.8765,HDFC Top 100,125497
31-05-2018,58.995,HDFC Top 100,125497
30-05-2018,59.6359,HDFC Top 100,125497
29-05-2018,59.4956,HDFC Top 100,125497
28-05-2018,59.7938,HDFC Top 100,125497
25-05-2018,59.255,HDFC Top 100,125497
24-05-2018,59.2931,HDFC Top 100,125497
23-05-2018,59.3398,HDFC Top 100,125497
22-05-2018,59.7925,HDFC Top 100,125497
21-05-2018,59.7326,HDFC Top 100,125497
18-05-2018,60.8312,HDFC Top 100,125497
17-05-2018,61.0749,HDFC Top 100,125497
16-05-2018,60.6782,HDFC Top 100,125497
15-05-2018,61.1301,HDFC Top 100,125497
14-05-2018,61.1396,HDFC Top 100,125497
11-05-2018,62.0221,HDFC Top 100,125497
10-05-2018,62.18,HDFC Top 100,125497
09-05-2018,62.7255,HDFC Top 100,125497
08-05-2018,62.3405,HDFC Top 100,125497
07-05-2018,62.362,HDFC Top 100,125497
04-05-2018,61.5548,HDFC Top 100,125497
03-05-2018,61.9566,HDFC Top 100,125497
02-05-2018,62.4199,HDFC Top 100,125497
30-04-2018,62.9323,HDFC Top 100,125497
27-04-2018,63.0954,HDFC Top 100,125497
26-04-2018,63.2641,HDFC Top 100,125497
25-04-2018,62.5142,HDFC Top 100,125497
24-04-2018,62.5241,HDFC Top 100,125497
23-04-2018,62.337,HDFC Top 100,125497
20-04-2018,62.0067,HDFC Top 100,125497
19-04-2018,62.0316,HDFC Top 100,125497
18-04-2018,61.6812,HDFC Top 100,125497
17-04-2018,61.8273,HDFC Top 100,125497
16-04-2018,61.9447,HDFC Top 100,125497
13-04-2018,61.5831,HDFC Top 100,125497
12-04-2018,61.7648,HDFC Top 100,125497
11-04-2018,61.6102,HDFC Top 100,125497
10-04-2018,61.7781,HDFC Top 100,125497
09-04-2018,61.559,HDFC Top 100,125497
06-04-2018,61.0985,HDFC Top 100,125497
05-04-2018,60.5934,HDFC Top 100,125497
04-04-2018,59.8079,HDFC Top 100,125497
03-04-2018,60.3663,HDFC Top 100,125497
02-04-2018,59.6897,HDFC Top 100,125497
28-03-2018,58.0969,HDFC Top 100,125497
27-03-2018,58.7848,HDFC Top 100,125497
26-03-2018,58.3483,HDFC Top 100,125497
23-03-2018,57.8792,HDFC Top 100,125497
22-03-2018,58.3845,HDFC Top 100,125497
21-03-2018,59.2581,HDFC Top 100,125497
20-03-2018,59.0942,HDFC Top 100,125497
19-03-2018,59.1931,HDFC Top 100,125497
16-03-2018,60.1759,HDFC Top 100,125497
15-03-2018,60.6964,HDFC Top 100,125497
14-03-2018,60.3817,HDFC Top 100,125497
13-03-2018,60.5853,HDFC Top 100,125497
12-03-2018,59.9923,HDFC Top 100,125497
09-03-2018,59.6427,HDFC Top 100,125497
08-03-2018,59.6107,HDFC Top 100,125497
07-03-2018,59.7924,HDFC Top 100,125497
06-03-2018,60.7648,HDFC Top 100,125497
05-03-2018,61.4179,HDFC Top 100,125497
01-03-2018,62.2116,HDFC Top 100,125497
28-02-2018,62.2774,HDFC Top 100,125497
27-02-2018,62.4806,HDFC Top 100,125497
26-02-2018,62.7988,HDFC Top 100,125497
23-02-2018,62.211,HDFC Top 100,125497
22-02-2018,61.7289,HDFC Top 100,125497
21-02-2018,61.8416,HDFC Top 100,125497
20-02-2018,61.855,HDFC Top 100,125497
19-02-2018,61.7037,HDFC Top 100,125497
16-02-2018,62.6723,HDFC Top 100,125497
15-02-2018,63.6826,HDFC Top 100,125497
14-02-2018,64.5707,HDFC Top 100,125497
12-02-2018,64.4738,HDFC Top 100,125497
09-02-2018,63.9351,HDFC Top 100,125497
08-02-2018,63.7076,HDFC Top 100,125497
07-02-2018,62.36,HDFC Top 100,125497
06-02-2018,61.0687,HDFC Top 100,125497
05-02-2018,62.5391,HDFC Top 100,125497
02-02-2018,62.5129,HDFC Top 100,125497
01-02-2018,64.6604,HDFC Top 100,125497
31-01-2018,64.872,HDFC Top 100,125497
30-01-2018,65.2116,HDFC Top 100,125497
29-01-2018,65.4636,HDFC Top 100,125497
25-01-2018,65.9743,HDFC Top 100,125497
24-01-2018,66.4519,HDFC Top 100,125497
23-01-2018,67.2381,HDFC Top 100,125497
22-01-2018,67.6775,HDFC Top 100,125497
19-01-2018,67.0254,HDFC Top 100,125497
18-01-2018,66.4689,HDFC Top 100,125497
17-01-2018,67.8071,HDFC Top 100,125497
16-01-2018,67.6438,HDFC Top 100,125497
15-01-2018,69.0392,HDFC Top 100,125497
12-01-2018,68.8466,HDFC Top 100,125497
11-01-2018,68.7927,HDFC Top 100,125497
10-01-2018,68.6873,HDFC Top 100,125497
09-01-2018,68.6975,HDFC Top 100,125497
08-01-2018,69.0661,HDFC Top 100,125497
05-01-2018,68.8684,HDFC Top 100,125497
04-01-2018,67.8023,HDFC Top 100,125497
03-01-2018,67.0627,HDFC Top 100,125497
02-01-2018,65.5915,HDFC Top 100,125497
01-01-2018,66.1953,HDFC Top 100,125497
29-12-2017,66.1565,HDFC Top 100,125497
28-12-2017,66.3183,HDFC Top 100,125497
27-12-2017,66.0456,HDFC Top 100,125497
26-12-2017,66.0961,HDFC Top 100,125497
22-12-2017,66.208,HDFC Top 100,125497
21-12-2017,66.4699,HDFC Top 100,125497
20-12-2017,65.8782,HDFC Top 100,125497
19-12-2017,65.2296,HDFC Top 100,125497
18-12-2017,63.8694,HDFC Top 100,125497
15-12-2017,63.3238,HDFC Top 100,125497
14-12-2017,62.7841,HDFC Top 100,125497
13-12-2017,62.8065,HDFC Top 100,125497
12-12-2017,63.3879,HDFC Top 100,125497
11-12-2017,63.6318,HDFC Top 100,125497
08-12-2017,62.8436,HDFC Top 100,125497
07-12-2017,61.9916,HDFC Top 100,125497
06-12-2017,61.4633,HDFC Top 100,125497
05-12-2017,61.5105,HDFC Top 100,125497
04-12-2017,61.3177,HDFC Top 100,125497
01-12-2017,61.4989,HDFC Top 100,125497
30-11-2017,61.9529,HDFC Top 100,125497
29-11-2017,61.933,HDFC Top 100,125497
28-11-2017,61.8321,HDFC Top 100,125497
27-11-2017,61.2762,HDFC Top 100,125497
24-11-2017,61.0875,HDFC Top 100,125497
23-11-2017,60.5408,HDFC Top 100,125497
22-11-2017,60.0691,HDFC Top 100,125497
21-11-2017,59.6667,HDFC Top 100,125497
20-11-2017,59.2067,HDFC Top 100,125497
17-11-2017,58.6486,HDFC Top 100,125497
16-11-2017,58.0829,HDFC Top 100,125497
15-11-2017,57.2689,HDFC Top 100,125497
14-11-2017,57.9063,HDFC Top 100,125497
13-11-2017,57.8186,HDFC Top 100,125497
10-11-2017,57.7898,HDFC Top 100,125497
09-11-2017,58.0804,HDFC Top 100,125497
08-11-2017,57.2373,HDFC Top 100,125497
07-11-2017,57.5758,HDFC Top 100,125497
06-11-2017,57.8698,HDFC Top 100,125497
03-11-2017,57.5792,HDFC Top 100,125497
02-11-2017,56.6875,HDFC Top 100,125497
01-11-2017,55.8753,HDFC Top 100,125497
31-10-2017,55.4171,HDFC Top 100,125497
30-10-2017,55.0944,HDFC Top 100,125497
27-10-2017,54.5232,HDFC Top 100,125497
26-10-2017,54.1288,HDFC Top 100,125497
25-10-2017,53.9848,HDFC Top 100,125497
24-10-2017,54.5146,HDFC Top 100,125497
23-10-2017,54.3424,HDFC Top 100,125497
18-10-2017,54.4244,HDFC Top 100,125497
17-10-2017,54.5388,HDFC Top 100,125497
16-10-2017,54.2114,HDFC Top 100,125497
13-10-2017,54.1717,HDFC Top 100,125497
12-10-2017,53.9971,HDFC Top 100,125497
11-10-2017,53.678,HDFC Top 100,125497
10-10-2017,54.358,HDFC Top 100,125497
09-10-2017,53.9716,HDFC Top 100,125497
06-10-2017,53.8125,HDFC Top 100,125497
05-10-2017,53.4476,HDFC Top 100,125497
04-10-2017,53.2395,HDFC Top 100,125497
03-10-2017,52.3213,HDFC Top 100,125497
29-09-2017,51.961,HDFC Top 100,125497
28-09-2017,51.2362,HDFC Top 100,125497
27-09-2017,50.832,HDFC Top 100,125497
26-09-2017,51.6784,HDFC Top 100,125497
25-09-2017,51.0501,HDFC Top 100,125497
22-09-2017,51.5995,HDFC Top 100,125497
21-09-2017,53.3041,HDFC Top 100,125497
20-09-2017,53.3602,HDFC Top 100,125497
19-09-2017,52.9686,HDFC Top 100,125497
18-09-2017,52.3804,HDFC Top 100,125497
15-09-2017,51.7518,HDFC Top 100,125497
14-09-2017,51.3182,HDFC Top 100,125497
13-09-2017,50.6965,HDFC Top 100,125497
12-09-2017,51.0852,HDFC Top 100,125497
11-09-2017,50.7696,HDFC Top 100,125497
08-09-2017,50.5481,HDFC Top 100,125497
07-09-2017,50.479,HDFC Top 100,125497
06-09-2017,50.2949,HDFC Top 100,125497
05-09-2017,50.0883,HDFC Top 100,125497
04-09-2017,49.5888,HDFC Top 100,125497
01-09-2017,49.6448,HDFC Top 100,125497
31-08-2017,49.1482,HDFC Top 100,125497
30-08-2017,48.4861,HDFC Top 100,125497
29-08-2017,48.1384,HDFC Top 100,125497
28-08-2017,48.5392,HDFC Top 100,125497
24-08-2017,48.248,HDFC Top 100,125497
23-08-2017,48.1917,HDFC Top 100,125497
22-08-2017,47.9154,HDFC Top 100,125497
21-08-2017,47.7179,HDFC Top 100,125497
18-08-2017,48.3833,HDFC Top 100,125497
17-08-2017,48.7034,HDFC Top 100,125497
16-08-2017,48.3225,HDFC Top 100,125497
14-08-2017,47.737,HDFC Top 100,125497
11-08-2017,46.9331,HDFC Top 100,125497
10-08-2017,46.6004,HDFC Top 100,125497
09-08-2017,47.6533,HDFC Top 100,125497
08-08-2017,48.14,HDFC Top 100,125497
07-08-2017,48.5716,HDFC Top 100,125497
04-08-2017,48.1507,HDFC Top 100,125497
03-08-2017,48.0355,HDFC Top 100,125497
02-08-2017,48.434,HDFC Top 100,125497
01-08-2017,48.8185,HDFC Top 100,125497
31-07-2017,48.6537,HDFC Top 100,125497
28-07-2017,48.5811,HDFC Top 100,125497
27-07-2017,48.1589,HDFC Top 100,125497
26-07-2017,48.4663,HDFC Top 100,125497
25-07-2017,48.2663,HDFC Top 100,125497
24-07-2017,48.2489,HDFC Top 100,125497
21-07-2017,48.2629,HDFC Top 100,125497
20-07-2017,48.4308,HDFC Top 100,125497
19-07-2017,48.2322,HDFC Top 100,125497
18-07-2017,47.9429,HDFC Top 100,125497
17-07-2017,47.97,HDFC Top 100,125497
14-07-2017,47.7904,HDFC Top 100,125497
13-07-2017,48.2403,HDFC Top 100,125497
12-07-2017,47.981,HDFC Top 100,125497
11-07-2017,47.8999,HDFC Top 100,125497
10-07-2017,47.7571,HDFC Top 100,125497
07-07-2017,47.6689,HDFC Top 100,125497
06-07-2017,47.6048,HDFC Top 100,125497
05-07-2017,47.6057,HDFC Top 100,125497
04-07-2017,47.3041,HDFC Top 100,125497
03-07-2017,47.0864,HDFC Top 100,125497
30-06-2017,46.3484,HDFC Top 100,125497
29-06-2017,46.1769,HDFC Top 100,125497
28-06-2017,45.7199,HDFC Top 100,125497
27-06-2017,46.0949,HDFC Top 100,125497
23-06-2017,46.4126,HDFC Top 100,125497
22-06-2017,46.9542,HDFC Top 100,125497
21-06-2017,46.8016,HDFC Top 100,125497
20-06-2017,46.6247,HDFC Top 100,125497
19-06-2017,46.4924,HDFC Top 100,125497
16-06-2017,46.2799,HDFC Top 100,125497
15-06-2017,46.1215,HDFC Top 100,125497
14-06-2017,45.7899,HDFC Top 100,125497
13-06-2017,45.76,HDFC Top 100,125497
12-06-2017,45.6426,HDFC Top 100,125497
09-06-2017,45.3998,HDFC Top 100,125497
08-06-2017,45.3666,HDFC Top 100,125497
07-06-2017,45.2229,HDFC Top 100,125497
06-06-2017,44.8932,HDFC Top 100,125497
05-06-2017,45.12,HDFC Top 100,125497
02-06-2017,44.8693,HDFC Top 100,125497
01-06-2017,44.592,HDFC Top 100,125497
31-05-2017,44.5677,HDFC Top 100,125497
30-05-2017,44.2141,HDFC Top 100,125497
29-05-2017,44.4295,HDFC Top 100,125497
26-05-2017,44.8599,HDFC Top 100,125497
25-05-2017,44.2257,HDFC Top 100,125497
24-05-2017,43.3484,HDFC Top 100,125497
23-05-2017,44.0249,HDFC Top 100,125497
22-05-2017,44.866,HDFC Top 100,125497
19-05-2017,45.2431,HDFC Top 100,125497
18-05-2017,45.5892,HDFC Top 100,125497
17-05-2017,45.8048,HDFC Top 100,125497
16-05-2017,45.686,HDFC Top 100,125497
15-05-2017,45.6024,HDFC Top 100,125497
12-05-2017,45.1186,HDFC Top 100,125497
11-05-2017,45.5728,HDFC Top 100,125497
10-05-2017,45.8331,HDFC Top 100,125497
09-05-2017,45.4696,HDFC Top 100,125497
08-05-2017,45.2513,HDFC Top 100,125497
05-05-2017,44.9503,HDFC Top 100,125497
04-05-2017,45.0697,HDFC Top 100,125497
03-05-2017,44.8741,HDFC Top 100,125497
02-05-2017,44.8776,HDFC Top 100,125497
28-04-2017,44.9968,HDFC Top 100,125497
27-04-2017,44.964,HDFC Top 100,125497
26-04-2017,44.6934,HDFC Top 100,125497
25-04-2017,45.2974,HDFC Top 100,125497
24-04-2017,45.2712,HDFC Top 100,125497
21-04-2017,44.9958,HDFC Top 100,125497
20-04-2017,45.0012,HDFC Top 100,125497
19-04-2017,44.6032,HDFC Top 100,125497
18-04-2017,44.5612,HDFC Top 100,125497
17-04-2017,44.9619,HDFC Top 100,125497
13-04-2017,44.78,HDFC Top 100,125497
12-04-2017,44.8462,HDFC Top 100,125497
11-04-2017,45.0113,HDFC Top 100,125497
10-04-2017,44.7075,HDFC Top 100,125497
07-04-2017,44.3425,HDFC Top 100,125497
06-04-2017,44.6978,HDFC Top 100,125497
05-04-2017,44.5942,HDFC Top 100,125497
03-04-2017,43.2863,HDFC Top 100,125497
31-03-2017,42.7884,HDFC Top 100,125497
30-03-2017,42.691,HDFC Top 100,125497
29-03-2017,42.3573,HDFC Top 100,125497
28-03-2017,42.3497,HDFC Top 100,125497
27-03-2017,42.2659,HDFC Top 100,125497
24-03-2017,42.2284,HDFC Top 100,125497
23-03-2017,42.1719,HDFC Top 100,125497
22-03-2017,42.0026,HDFC Top 100,125497
21-03-2017,42.1456,HDFC Top 100,125497
20-03-2017,42.24,HDFC Top 100,125497
17-03-2017,41.9777,HDFC Top 100,125497
16-03-2017,41.8189,HDFC Top 100,125497
15-03-2017,41.3027,HDFC Top 100,125497
14-03-2017,41.304,HDFC Top 100,125497
10-03-2017,40.9816,HDFC Top 100,125497
09-03-2017,41.0732,HDFC Top 100,125497
08-03-2017,41.0006,HDFC Top 100,125497
07-03-2017,41.0703,HDFC Top 100,125497
06-03-2017,40.9656,HDFC Top 100,125497
03-03-2017,40.9417,HDFC Top 100,125497
02-03-2017,40.7713,HDFC Top 100,125497
01-03-2017,41.2422,HDFC Top 100,125497
28-02-2017,40.9008,HDFC Top 100,125497
27-02-2017,40.7685,HDFC Top 100,125497
23-02-2017,41.03,HDFC Top 100,125497
22-02-2017,40.9946,HDFC Top 100,125497
21-02-2017,41.2254,HDFC Top 100,125497
20-02-2017,41.1251,HDFC Top 100,125497
17-02-2017,40.8373,HDFC Top 100,125497
16-02-2017,40.8238,HDFC Top 100,125497
15-02-2017,40.3628,HDFC Top 100,125497
14-02-2017,41.0917,HDFC Top 100,125497
13-02-2017,41.2657,HDFC Top 100,125497
10-02-2017,41.2994,HDFC Top 100,125497
09-02-2017,40.9909,HDFC Top 100,125497
08-02-2017,40.9586,HDFC Top 100,125497
07-02-2017,40.9243,HDFC Top 100,125497
06-02-2017,40.7207,HDFC Top 100,125497
03-02-2017,40.3205,HDFC Top 100,125497
02-02-2017,39.6138,HDFC Top 100,125497
01-02-2017,39.5325,HDFC Top 100,125497
31-01-2017,39.1862,HDFC Top 100,125497
30-01-2017,39.3144,HDFC Top 100,125497
27-01-2017,39.5765,HDFC Top 100,125497
25-01-2017,39.3139,HDFC Top 100,125497
24-01-2017,39.1981,HDFC Top 100,125497
23-01-2017,38.7686,HDFC Top 100,125497
20-01-2017,38.6106,HDFC Top 100,125497
19-01-2017,38.9791,HDFC Top 100,125497
18-01-2017,38.8508,HDFC Top 100,125497
17-01-2017,38.5511,HDFC Top 100,125497
16-01-2017,38.3745,HDFC Top 100,125497
13-01-2017,38.1845,HDFC Top 100,125497
12-01-2017,38.1337,HDFC Top 100,125497
11-01-2017,38.2558,HDFC Top 100,125497
10-01-2017,38.0179,HDFC Top 100,125497
09-01-2017,37.8471,HDFC Top 100,125497
06-01-2017,37.6588,HDFC Top 100,125497
05-01-2017,37.6091,HDFC Top 100,125497
04-01-2017,37.3559,HDFC Top 100,125497
03-01-2017,37.2804,HDFC Top 100,125497
02-01-2017,36.945,HDFC Top 100,125497
30-12-2016,36.6631,HDFC Top 100,125497
29-12-2016,36.3282,HDFC Top 100,125497
28-12-2016,36.0955,HDFC Top 100,125497
27-12-2016,35.8987,HDFC Top 100,125497
26-12-2016,35.6034,HDFC Top 100,125497
23-12-2016,36.2255,HDFC Top 100,125497
22-12-2016,36.1526,HDFC Top 100,125497
21-12-2016,36.5384,HDFC Top 100,125497
20-12-2016,36.545,HDFC Top 100,125497
19-12-2016,36.945,HDFC Top 100,125497
16-12-2016,37.1271,HDFC Top 100,125497
15-12-2016,37.1506,HDFC Top 100,125497
14-12-2016,37.2921,HDFC Top 100,125497
13-12-2016,37.6478,HDFC Top 100,125497
12-12-2016,37.4765,HDFC Top 100,125497
09-12-2016,37.7144,HDFC Top 100,125497
08-12-2016,37.6893,HDFC Top 100,125497
07-12-2016,37.3837,HDFC Top 100,125497
06-12-2016,37.4778,HDFC Top 100,125497
05-12-2016,37.5993,HDFC Top 100,125497
02-12-2016,37.6241,HDFC Top 100,125497
01-12-2016,38.1715,HDFC Top 100,125497
30-11-2016,38.2132,HDFC Top 100,125497
29-11-2016,37.9466,HDFC Top 100,125497
28-11-2016,37.784,HDFC Top 100,125497
25-11-2016,37.3075,HDFC Top 100,125497
24-11-2016,36.8274,HDFC Top 100,125497
23-11-2016,36.6964,HDFC Top 100,125497
22-11-2016,36.3454,HDFC Top 100,125497
21-11-2016,36.0161,HDFC Top 100,125497
18-11-2016,37.4444,HDFC Top 100,125497
17-11-2016,37.079,HDFC Top 100,125497
16-11-2016,37.2673,HDFC Top 100,125497
15-11-2016,37.2816,HDFC Top 100,125497
11-11-2016,39.2286,HDFC Top 100,125497
10-11-2016,40.372,HDFC Top 100,125497
09-11-2016,39.7184,HDFC Top 100,125497
08-11-2016,40.2973,HDFC Top 100,125497
07-11-2016,40.3143,HDFC Top 100,125497
04-11-2016,39.8044,HDFC Top 100,125497
03-11-2016,40.5851,HDFC Top 100,125497
02-11-2016,41.034,HDFC Top 100,125497
01-11-2016,41.6575,HDFC Top 100,125497
28-10-2016,41.0564,HDFC Top 100,125497
27-10-2016,40.588,HDFC Top 100,125497
26-10-2016,40.5044,HDFC Top 100,125497
25-10-2016,40.6786,HDFC Top 100,125497
24-10-2016,40.4993,HDFC Top 100,125497
21-10-2016,40.0949,HDFC Top 100,125497
20-10-2016,40.2785,HDFC Top 100,125497
19-10-2016,40.2299,HDFC Top 100,125497
18-10-2016,40.0062,HDFC Top 100,125497
17-10-2016,39.6723,HDFC Top 100,125497
14-10-2016,39.9726,HDFC Top 100,125497
13-10-2016,39.7037,HDFC Top 100,125497
10-10-2016,40.4711,HDFC Top 100,125497
07-10-2016,40.2223,HDFC Top 100,125497
06-10-2016,39.8451,HDFC Top 100,125497
05-10-2016,39.9987,HDFC Top 100,125497
04-10-2016,39.6324,HDFC Top 100,125497
03-10-2016,39.4262,HDFC Top 100,125497
30-09-2016,38.6634,HDFC Top 100,125497
29-09-2016,37.6457,HDFC Top 100,125497
28-09-2016,38.8645,HDFC Top 100,125497
27-09-2016,38.6536,HDFC Top 100,125497
26-09-2016,38.5512,HDFC Top 100,125497
23-09-2016,38.6335,HDFC Top 100,125497
22-09-2016,38.4994,HDFC Top 100,125497
21-09-2016,37.8895,HDFC Top 100,125497
20-09-2016,37.8995,HDFC Top 100,125497
19-09-2016,37.7317,HDFC Top 100,125497
16-09-2016,37.5474,HDFC Top 100,125497
15-09-2016,37.5655,HDFC Top 100,125497
14-09-2016,37.4695,HDFC Top 100,125497
12-09-2016,37.1323,HDFC Top 100,125497
09-09-2016,37.8889,HDFC Top 100,125497
08-09-2016,38.0072,HDFC Top 100,125497
07-09-2016,37.7765,HDFC Top 100,125497
06-09-2016,37.9713,HDFC Top 100,125497
02-09-2016,37.7261,HDFC Top 100,125497
01-09-2016,37.547,HDFC Top 100,125497
31-08-2016,37.9673,HDFC Top 100,125497
30-08-2016,37.8232,HDFC Top 100,125497
29-08-2016,37.3338,HDFC Top 100,125497
26-08-2016,37.145,HDFC Top 100,125497
25-08-2016,37.1465,HDFC Top 100,125497
24-08-2016,37.0685,HDFC Top 100,125497
23-08-2016,36.8134,HDFC Top 100,125497
22-08-2016,36.7581,HDFC Top 100,125497
19-08-2016,36.761,HDFC Top 100,125497
18-08-2016,36.6979,HDFC Top 100,125497
17-08-2016,36.3047,HDFC Top 100,125497
16-08-2016,35.9908,HDFC Top 100,125497
12-08-2016,36.0147,HDFC Top 100,125497
11-08-2016,35.9288,HDFC Top 100,125497
10-08-2016,35.939,HDFC Top 100,125497
09-08-2016,36.3094,HDFC Top 100,125497
08-08-2016,36.5398,HDFC Top 100,125497
05-08-2016,36.4669,HDFC Top 100,125497
04-08-2016,36.1689,HDFC Top 100,125497
03-08-2016,35.9656,HDFC Top 100,125497
02-08-2016,36.3876,HDFC Top 100,125497
01-08-2016,36.5024,HDFC Top 100,125497
29-07-2016,36.8836,HDFC Top 100,125497
28-07-2016,36.7219,HDFC Top 100,125497
27-07-2016,36.4712,HDFC Top 100,125497
26-07-2016,36.7347,HDFC Top 100,125497
25-07-2016,36.9769,HDFC Top 100,125497
22-07-2016,36.6433,HDFC Top 100,125497
21-07-2016,36.5193,HDFC Top 100,125497
20-07-2016,36.5005,HDFC Top 100,125497
19-07-2016,36.1272,HDFC Top 100,125497
18-07-2016,36.3078,HDFC Top 100,125497
15-07-2016,36.3821,HDFC Top 100,125497
14-07-2016,36.3687,HDFC Top 100,125497
13-07-2016,35.8112,HDFC Top 100,125497
12-07-2016,35.7695,HDFC Top 100,125497
11-07-2016,35.8859,HDFC Top 100,125497
08-07-2016,35.747,HDFC Top 100,125497
07-07-2016,35.6973,HDFC Top 100,125497
05-07-2016,35.5532,HDFC Top 100,125497
04-07-2016,35.5248,HDFC Top 100,125497
01-07-2016,35.3909,HDFC Top 100,125497
30-06-2016,35.2551,HDFC Top 100,125497
29-06-2016,35.1004,HDFC Top 100,125497
28-06-2016,34.5703,HDFC Top 100,125497
27-06-2016,34.2331,HDFC Top 100,125497
24-06-2016,33.9007,HDFC Top 100,125497
23-06-2016,34.2001,HDFC Top 100,125497
22-06-2016,34.2584,HDFC Top 100,125497
21-06-2016,34.2368,HDFC Top 100,125497
20-06-2016,34.2823,HDFC Top 100,125497
17-06-2016,34.405,HDFC Top 100,125497
16-06-2016,34.26,HDFC Top 100,125497
15-06-2016,34.3849,HDFC Top 100,125497
14-06-2016,34.0845,HDFC Top 100,125497
13-06-2016,34.1257,HDFC Top 100,125497
10-06-2016,34.345,HDFC Top 100,125497
09-06-2016,34.2408,HDFC Top 100,125497
08-06-2016,34.5334,HDFC Top 100,125497
07-06-2016,34.4547,HDFC Top 100,125497
06-06-2016,34.0559,HDFC Top 100,125497
03-06-2016,33.8652,HDFC Top 100,125497
02-06-2016,33.9535,HDFC Top 100,125497
01-06-2016,33.793,HDFC Top 100,125497
31-05-2016,33.7683,HDFC Top 100,125497
30-05-2016,33.8423,HDFC Top 100,125497
27-05-2016,33.7237,HDFC Top 100,125497
26-05-2016,33.5544,HDFC Top 100,125497
25-05-2016,33.6057,HDFC Top 100,125497
24-05-2016,33.416,HDFC Top 100,125497
23-05-2016,33.6583,HDFC Top 100,125497
20-05-2016,33.6161,HDFC Top 100,125497
19-05-2016,33.8355,HDFC Top 100,125497
18-05-2016,34.3194,HDFC Top 100,125497
17-05-2016,34.2682,HDFC Top 100,125497
16-05-2016,34.214,HDFC Top 100,125497
13-05-2016,34.2819,HDFC Top 100,125497
12-05-2016,34.334,HDFC Top 100,125497
11-05-2016,33.9502,HDFC Top 100,125497
10-05-2016,33.8602,HDFC Top 100,125497
09-05-2016,34.0572,HDFC Top 100,125497
06-05-2016,33.8769,HDFC Top 100,125497
05-05-2016,33.9939,HDFC Top 100,125497
04-05-2016,33.7226,HDFC Top 100,125497
03-05-2016,34.0306,HDFC Top 100,125497
02-05-2016,34.0495,HDFC Top 100,125497
29-04-2016,34.1348,HDFC Top 100,125497
28-04-2016,34.1016,HDFC Top 100,125497
27-04-2016,34.3437,HDFC Top 100,125497
26-04-2016,34.1453,HDFC Top 100,125497
25-04-2016,33.9629,HDFC Top 100,125497
22-04-2016,34.001,HDFC Top 100,125497
21-04-2016,34.1677,HDFC Top 100,125497
20-04-2016,34.2725,HDFC Top 100,125497
18-04-2016,34.1922,HDFC Top 100,125497
13-04-2016,33.7693,HDFC Top 100,125497
12-04-2016,33.512,HDFC Top 100,125497
11-04-2016,33.3875,HDFC Top 100,125497
08-04-2016,33.065,HDFC Top 100,125497
07-04-2016,33.0194,HDFC Top 100,125497
06-04-2016,33.2317,HDFC Top 100,125497
05-04-2016,32.9295,HDFC Top 100,125497
04-04-2016,33.112,HDFC Top 100,125497
01-04-2016,32.6099,HDFC Top 100,125497
31-03-2016,32.3614,HDFC Top 100,125497
30-03-2016,32.3132,HDFC Top 100,125497
29-03-2016,31.9445,HDFC Top 100,125497
28-03-2016,31.8759,HDFC Top 100,125497
23-03-2016,32.2192,HDFC Top 100,125497
22-03-2016,31.8682,HDFC Top 100,125497
21-03-2016,31.9899,HDFC Top 100,125497
18-03-2016,31.5504,HDFC Top 100,125497
17-03-2016,31.3309,HDFC Top 100,125497
16-03-2016,31.2445,HDFC Top 100,125497
15-03-2016,31.1758,HDFC Top 100,125497
14-03-2016,31.3364,HDFC Top 100,125497
11-03-2016,31.0885,HDFC Top 100,125497
10-03-2016,31.0779,HDFC Top 100,125497
09-03-2016,31.0997,HDFC Top 100,125497
08-03-2016,31.0575,HDFC Top 100,125497
04-03-2016,31.114,HDFC Top 100,125497
03-03-2016,31.1097,HDFC Top 100,125497
02-03-2016,30.9607,HDFC Top 100,125497
01-03-2016,30.5287,HDFC Top 100,125497
29-02-2016,29.7635,HDFC Top 100,125497
26-02-2016,29.9406,HDFC Top 100,125497
25-02-2016,30.24,HDFC Top 100,125497
24-02-2016,30.265,HDFC Top 100,125497
23-02-2016,30.6836,HDFC Top 100,125497
22-02-2016,31.016,HDFC Top 100,125497
19-02-2016,31.1002,HDFC Top 100,125497
18-02-2016,31.0755,HDFC Top 100,125497
17-02-2016,30.7027,HDFC Top 100,125497
16-02-2016,30.4216,HDFC Top 100,125497
15-02-2016,31.0517,HDFC Top 100,125497
12-02-2016,30.1716,HDFC Top 100,125497
11-02-2016,30.4832,HDFC Top 100,125497
10-02-2016,31.6489,HDFC Top 100,125497
09-02-2016,32.0579,HDFC Top 100,125497
08-02-2016,32.1441,HDFC Top 100,125497
05-02-2016,32.187,HDFC Top 100,125497
04-02-2016,32.0113,HDFC Top 100,125497
03-02-2016,32.1505,HDFC Top 100,125497
02-02-2016,32.579,HDFC Top 100,125497
01-02-2016,32.6827,HDFC Top 100,125497
29-01-2016,32.5066,HDFC Top 100,125497
28-01-2016,32.3849,HDFC Top 100,125497
27-01-2016,32.3767,HDFC Top 100,125497
25-01-2016,32.3429,HDFC Top 100,125497
22-01-2016,32.1795,HDFC Top 100,125497
21-01-2016,31.4128,HDFC Top 100,125497
20-01-2016,31.3699,HDFC Top 100,125497
19-01-2016,31.9417,HDFC Top 100,125497
18-01-2016,31.6702,HDFC Top 100,125497
15-01-2016,32.8379,HDFC Top 100,125497
14-01-2016,33.6342,HDFC Top 100,125497
13-01-2016,33.9198,HDFC Top 100,125497
12-01-2016,34.5143,HDFC Top 100,125497
11-01-2016,35.1181,HDFC Top 100,125497
08-01-2016,35.1548,HDFC Top 100,125497
07-01-2016,34.6033,HDFC Top 100,125497
06-01-2016,35.5722,HDFC Top 100,125497
05-01-2016,35.9544,HDFC Top 100,125497
04-01-2016,35.7424,HDFC Top 100,125497
01-01-2016,36.0391,HDFC Top 100,125497
31-12-2015,35.7192,HDFC Top 100,125497
30-12-2015,35.4189,HDFC Top 100,125497
29-12-2015,35.1231,HDFC Top 100,125497
28-12-2015,34.9675,HDFC Top 100,125497
24-12-2015,34.6924,HDFC Top 100,125497
23-12-2015,34.4628,HDFC Top 100,125497
22-12-2015,34.2195,HDFC Top 100,125497
21-12-2015,34.167,HDFC Top 100,125497
18-12-2015,33.9321,HDFC Top 100,125497
17-12-2015,34.0463,HDFC Top 100,125497
16-12-2015,33.3913,HDFC Top 100,125497
15-12-2015,33.3962,HDFC Top 100,125497
14-12-2015,33.0979,HDFC Top 100,125497
11-12-2015,33.0682,HDFC Top 100,125497
10-12-2015,33.2474,HDFC Top 100,125497
09-12-2015,32.871,HDFC Top 100,125497
08-12-2015,33.2944,HDFC Top 100,125497
07-12-2015,33.6603,HDFC Top 100,125497
04-12-2015,33.694,HDFC Top 100,125497
03-12-2015,33.7975,HDFC Top 100,125497
02-12-2015,33.8327,HDFC Top 100,125497
01-12-2015,33.5186,HDFC Top 100,125497
30-11-2015,33.5197,HDFC Top 100,125497
27-11-2015,33.5568,HDFC Top 100,125497
26-11-2015,33.4275,HDFC Top 100,125497
24-11-2015,33.4978,HDFC Top 100,125497
23-11-2015,33.6307,HDFC Top 100,125497
20-11-2015,33.4842,HDFC Top 100,125497
19-11-2015,33.2648,HDFC Top 100,125497
18-11-2015,32.7862,HDFC Top 100,125497
17-11-2015,33.142,HDFC Top 100,125497
16-11-2015,32.8399,HDFC Top 100,125497
13-11-2015,32.8994,HDFC Top 100,125497
10-11-2015,32.8783,HDFC Top 100,125497
09-11-2015,33.0826,HDFC Top 100,125497
06-11-2015,32.6837,HDFC Top 100,125497
05-11-2015,32.938,HDFC Top 100,125497
04-11-2015,33.2605,HDFC Top 100,125497
03-11-2015,33.328,HDFC Top 100,125497
02-11-2015,32.949,HDFC Top 100,125497
30-10-2015,33.1814,HDFC Top 100,125497
29-10-2015,33.2373,HDFC Top 100,125497
28-10-2015,33.3372,HDFC Top 100,125497
27-10-2015,33.4053,HDFC Top 100,125497
26-10-2015,33.2641,HDFC Top 100,125497
23-10-2015,33.5274,HDFC Top 100,125497
21-10-2015,33.6267,HDFC Top 100,125497
20-10-2015,33.5605,HDFC Top 100,125497
19-10-2015,33.3166,HDFC Top 100,125497
16-10-2015,33.1072,HDFC Top 100,125497
15-10-2015,33.0744,HDFC Top 100,125497
14-10-2015,32.851,HDFC Top 100,125497
13-10-2015,32.8369,HDFC Top 100,125497
12-10-2015,32.7741,HDFC Top 100,125497
09-10-2015,32.8509,HDFC Top 100,125497
08-10-2015,32.787,HDFC Top 100,125497
07-10-2015,32.6458,HDFC Top 100,125497
06-10-2015,32.4971,HDFC Top 100,125497
05-10-2015,32.4891,HDFC Top 100,125497
01-10-2015,32.0303,HDFC Top 100,125497
30-09-2015,31.9449,HDFC Top 100,125497
29-09-2015,31.5525,HDFC Top 100,125497
28-09-2015,31.6127,HDFC Top 100,125497
24-09-2015,31.6004,HDFC Top 100,125497
23-09-2015,31.6956,HDFC Top 100,125497
22-09-2015,31.6014,HDFC Top 100,125497
21-09-2015,31.8795,HDFC Top 100,125497
18-09-2015,31.7435,HDFC Top 100,125497
16-09-2015,31.4122,HDFC Top 100,125497
15-09-2015,31.5174,HDFC Top 100,125497
14-09-2015,31.638,HDFC Top 100,125497
11-09-2015,31.3747,HDFC Top 100,125497
10-09-2015,31.2459,HDFC Top 100,125497
09-09-2015,31.1685,HDFC Top 100,125497
08-09-2015,30.8088,HDFC Top 100,125497
07-09-2015,30.8824,HDFC Top 100,125497
04-09-2015,31.2791,HDFC Top 100,125497
03-09-2015,31.5572,HDFC Top 100,125497
02-09-2015,31.3571,HDFC Top 100,125497
01-09-2015,31.4028,HDFC Top 100,125497
31-08-2015,31.9757,HDFC Top 100,125497
28-08-2015,32.0768,HDFC Top 100,125497
27-08-2015,32.1993,HDFC Top 100,125497
26-08-2015,31.2456,HDFC Top 100,125497
25-08-2015,31.1813,HDFC Top 100,125497
24-08-2015,31.2426,HDFC Top 100,125497
21-08-2015,33.1377,HDFC Top 100,125497
20-08-2015,33.2221,HDFC Top 100,125497
19-08-2015,33.8543,HDFC Top 100,125497
18-08-2015,33.6383,HDFC Top 100,125497
17-08-2015,33.3263,HDFC Top 100,125497
14-08-2015,33.1547,HDFC Top 100,125497
13-08-2015,32.6931,HDFC Top 100,125497
12-08-2015,32.7984,HDFC Top 100,125497
11-08-2015,33.3291,HDFC Top 100,125497
10-08-2015,33.7575,HDFC Top 100,125497
07-08-2015,33.7308,HDFC Top 100,125497
06-08-2015,33.7245,HDFC Top 100,125497
05-08-2015,34.118,HDFC Top 100,125497
04-08-2015,34.1317,HDFC Top 100,125497
03-08-2015,33.884,HDFC Top 100,125497
31-07-2015,33.6861,HDFC Top 100,125497
30-07-2015,33.2022,HDFC Top 100,125497
29-07-2015,33.1365,HDFC Top 100,125497
28-07-2015,33.0327,HDFC Top 100,125497
27-07-2015,33.1625,HDFC Top 100,125497
24-07-2015,33.1976,HDFC Top 100,125497
23-07-2015,33.5174,HDFC Top 100,125497
22-07-2015,33.1968,HDFC Top 100,125497
21-07-2015,33.0264,HDFC Top 100,125497
20-07-2015,33.5203,HDFC Top 100,125497
17-07-2015,33.3724,HDFC Top 100,125497
16-07-2015,33.357,HDFC Top 100,125497
15-07-2015,33.0081,HDFC Top 100,125497
14-07-2015,32.7785,HDFC Top 100,125497
13-07-2015,32.901,HDFC Top 100,125497
10-07-2015,32.8467,HDFC Top 100,125497
09-07-2015,32.7345,HDFC Top 100,125497
08-07-2015,32.7031,HDFC Top 100,125497
07-07-2015,32.8775,HDFC Top 100,125497
06-07-2015,32.4565,HDFC Top 100,125497
03-07-2015,31.7734,HDFC Top 100,125497
02-07-2015,31.5581,HDFC Top 100,125497
01-07-2015,31.4503,HDFC Top 100,125497
30-06-2015,31.1456,HDFC Top 100,125497
29-06-2015,30.6479,HDFC Top 100,125497
26-06-2015,31.0294,HDFC Top 100,125497
25-06-2015,31.0607,HDFC Top 100,125497
24-06-2015,30.9998,HDFC Top 100,125497
23-06-2015,30.8937,HDFC Top 100,125497
22-06-2015,30.7491,HDFC Top 100,125497
19-06-2015,30.5701,HDFC Top 100,125497
18-06-2015,30.4689,HDFC Top 100,125497
17-06-2015,30.0202,HDFC Top 100,125497
16-06-2015,29.497,HDFC Top 100,125497
15-06-2015,29.5041,HDFC Top 100,125497
12-06-2015,29.2746,HDFC Top 100,125497
11-06-2015,29.1922,HDFC Top 100,125497
10-06-2015,29.6228,HDFC Top 100,125497
09-06-2015,29.2003,HDFC Top 100,125497
08-06-2015,29.3979,HDFC Top 100,125497
05-06-2015,29.7033,HDFC Top 100,125497
04-06-2015,29.4409,HDFC Top 100,125497
03-06-2015,29.5373,HDFC Top 100,125497
02-06-2015,29.8851,HDFC Top 100,125497
01-06-2015,30.3029,HDFC Top 100,125497
29-05-2015,30.5261,HDFC Top 100,125497
28-05-2015,30.3566,HDFC Top 100,125497
27-05-2015,30.3406,HDFC Top 100,125497
26-05-2015,30.5493,HDFC Top 100,125497
25-05-2015,30.681,HDFC Top 100,125497
22-05-2015,30.8954,HDFC Top 100,125497
21-05-2015,30.8716,HDFC Top 100,125497
20-05-2015,30.9295,HDFC Top 100,125497
19-05-2015,31.0088,HDFC Top 100,125497
18-05-2015,31.1586,HDFC Top 100,125497
15-05-2015,31.0965,HDFC Top 100,125497
14-05-2015,30.5463,HDFC Top 100,125497
13-05-2015,30.4511,HDFC Top 100,125497
12-05-2015,30.1822,HDFC Top 100,125497
11-05-2015,30.6452,HDFC Top 100,125497
08-05-2015,29.884,HDFC Top 100,125497
07-05-2015,29.4468,HDFC Top 100,125497
06-05-2015,30.0312,HDFC Top 100,125497
05-05-2015,30.6932,HDFC Top 100,125497
04-05-2015,30.6068,HDFC Top 100,125497
30-04-2015,30.1525,HDFC Top 100,125497
29-04-2015,30.1521,HDFC Top 100,125497
28-04-2015,29.7529,HDFC Top 100,125497
27-04-2015,29.674,HDFC Top 100,125497
24-04-2015,30.2416,HDFC Top 100,125497
23-04-2015,30.9662,HDFC Top 100,125497
22-04-2015,31.0468,HDFC Top 100,125497
21-04-2015,31.0267,HDFC Top 100,125497
20-04-2015,31.0796,HDFC Top 100,125497
17-04-2015,31.798,HDFC Top 100,125497
16-04-2015,31.9168,HDFC Top 100,125497
15-04-2015,31.8726,HDFC Top 100,125497
13-04-2015,31.7364,HDFC Top 100,125497
10-04-2015,31.3292,HDFC Top 100,125497
09-04-2015,31.2433,HDFC Top 100,125497
08-04-2015,30.8106,HDFC Top 100,125497
07-04-2015,30.2953,HDFC Top 100,125497
06-04-2015,30.1584,HDFC Top 100,125497
01-04-2015,29.7949,HDFC Top 100,125497
31-03-2015,29.3347,HDFC Top 100,125497
30-03-2015,29.2627,HDFC Top 100,125497
27-03-2015,28.5473,HDFC Top 100,125497
26-03-2015,28.4267,HDFC Top 100,125497
25-03-2015,28.8366,HDFC Top 100,125497
24-03-2015,28.8295,HDFC Top 100,125497
23-03-2015,28.911,HDFC Top 100,125497
20-03-2015,29.392,HDFC Top 100,125497
19-03-2015,29.8192,HDFC Top 100,125497
18-03-2015,30.0143,HDFC Top 100,125497
17-03-2015,30.0579,HDFC Top 100,125497
16-03-2015,30.179,HDFC Top 100,125497
13-03-2015,30.2599,HDFC Top 100,125497
12-03-2015,30.686,HDFC Top 100,125497
11-03-2015,30.4375,HDFC Top 100,125497
10-03-2015,30.3725,HDFC Top 100,125497
09-03-2015,30.4317,HDFC Top 100,125497
05-03-2015,30.6428,HDFC Top 100,125497
04-03-2015,30.6349,HDFC Top 100,125497
03-03-2015,30.8045,HDFC Top 100,125497
02-03-2015,30.5216,HDFC Top 100,125497
27-02-2015,30.2262,HDFC Top 100,125497
26-02-2015,29.9507,HDFC Top 100,125497
25-02-2015,30.1089,HDFC Top 100,125497
24-02-2015,30.2175,HDFC Top 100,125497
23-02-2015,30.3222,HDFC Top 100,125497
20-02-2015,30.6869,HDFC Top 100,125497
19-02-2015,30.6178,HDFC Top 100,125497
18-02-2015,30.6868,HDFC Top 100,125497
16-02-2015,30.5344,HDFC Top 100,125497
13-02-2015,30.2844,HDFC Top 100,125497
12-02-2015,30.2611,HDFC Top 100,125497
11-02-2015,29.9083,HDFC Top 100,125497
10-02-2015,29.5782,HDFC Top 100,125497
09-02-2015,29.397,HDFC Top 100,125497
06-02-2015,29.7377,HDFC Top 100,125497
05-02-2015,30.2614,HDFC Top 100,125497
04-02-2015,30.6731,HDFC Top 100,125497
03-02-2015,30.7745,HDFC Top 100,125497
02-02-2015,30.6145,HDFC Top 100,125497
30-01-2015,30.5936,HDFC Top 100,125497
29-01-2015,30.7497,HDFC Top 100,125497
28-01-2015,30.7898,HDFC Top 100,125497
27-01-2015,30.5724,HDFC Top 100,125497
23-01-2015,30.4927,HDFC Top 100,125497
22-01-2015,30.7123,HDFC Top 100,125497
21-01-2015,30.714,HDFC Top 100,125497
20-01-2015,30.8184,HDFC Top 100,125497
19-01-2015,30.5172,HDFC Top 100,125497
16-01-2015,29.7293,HDFC Top 100,125497
15-01-2015,29.6991,HDFC Top 100,125497
14-01-2015,29.5028,HDFC Top 100,125497
13-01-2015,29.4388,HDFC Top 100,125497
12-01-2015,29.4713,HDFC Top 100,125497
09-01-2015,29.2834,HDFC Top 100,125497
08-01-2015,29.2325,HDFC Top 100,125497
07-01-2015,28.7345,HDFC Top 100,125497
06-01-2015,28.566,HDFC Top 100,125497
05-01-2015,29.3031,HDFC Top 100,125497
02-01-2015,29.4253,HDFC Top 100,125497
01-01-2015,29.3671,HDFC Top 100,125497
31-12-2014,29.2084,HDFC Top 100,125497
30-12-2014,28.5876,HDFC Top 100,125497
29-12-2014,28.1163,HDFC Top 100,125497
26-12-2014,27.5386,HDFC Top 100,125497
24-12-2014,27.4695,HDFC Top 100,125497
23-12-2014,27.4262,HDFC Top 100,125497
22-12-2014,27.439,HDFC Top 100,125497
19-12-2014,27.1556,HDFC Top 100,125497
18-12-2014,27.0853,HDFC Top 100,125497
17-12-2014,26.2936,HDFC Top 100,125497
16-12-2014,26.791,HDFC Top 100,125497
15-12-2014,27.3527,HDFC Top 100,125497
12-12-2014,27.4434,HDFC Top 100,125497
11-12-2014,27.739,HDFC Top 100,125497
10-12-2014,27.2901,HDFC Top 100,125497
09-12-2014,27.0266,HDFC Top 100,125497
08-12-2014,27.5153,HDFC Top 100,125497
05-12-2014,27.3359,HDFC Top 100,125497
04-12-2014,27.342,HDFC Top 100,125497
03-12-2014,27.0697,HDFC Top 100,125497
02-12-2014,26.5928,HDFC Top 100,125497
01-12-2014,26.2093,HDFC Top 100,125497
28-11-2014,26.2402,HDFC Top 100,125497
27-11-2014,26.0216,HDFC Top 100,125497
26-11-2014,25.6618,HDFC Top 100,125497
25-11-2014,25.3911,HDFC Top 100,125497
24-11-2014,25.896,HDFC Top 100,125497
21-11-2014,25.9891,HDFC Top 100,125497
20-11-2014,25.8923,HDFC Top 100,125497
19-11-2014,26.0641,HDFC Top 100,125497
18-11-2014,26.0028,HDFC Top 100,125497
17-11-2014,25.74,HDFC Top 100,125497
14-11-2014,25.4694,HDFC Top 100,125497
13-11-2014,25.3732,HDFC Top 100,125497
12-11-2014,25.2255,HDFC Top 100,125497
11-11-2014,24.92,HDFC Top 100,125497
10-11-2014,24.7095,HDFC Top 100,125497
07-11-2014,24.567,HDFC Top 100,125497
05-11-2014,24.6593,HDFC Top 100,125497
03-11-2014,24.5647,HDFC Top 100,125497
31-10-2014,24.3031,HDFC Top 100,125497
30-10-2014,24.2267,HDFC Top 100,125497
29-10-2014,24.2092,HDFC Top 100,125497
28-10-2014,24.0775,HDFC Top 100,125497
27-10-2014,23.9115,HDFC Top 100,125497
22-10-2014,23.8185,HDFC Top 100,125497
21-10-2014,23.54,HDFC Top 100,125497
20-10-2014,23.3913,HDFC Top 100,125497
17-10-2014,23.3519,HDFC Top 100,125497
16-10-2014,23.2763,HDFC Top 100,125497
14-10-2014,23.7147,HDFC Top 100,125497
13-10-2014,23.8232,HDFC Top 100,125497
10-10-2014,23.7407,HDFC Top 100,125497
09-10-2014,24.0814,HDFC Top 100,125497
08-10-2014,24.0609,HDFC Top 100,125497
07-10-2014,23.9234,HDFC Top 100,125497
01-10-2014,24.1597,HDFC Top 100,125497
30-09-2014,24.2982,HDFC Top 100,125497
29-09-2014,23.9932,HDFC Top 100,125497
26-09-2014,23.6912,HDFC Top 100,125497
25-09-2014,23.6113,HDFC Top 100,125497
24-09-2014,24.1531,HDFC Top 100,125497
23-09-2014,24.5235,HDFC Top 100,125497
22-09-2014,24.9688,HDFC Top 100,125497
19-09-2014,24.6537,HDFC Top 100,125497
18-09-2014,24.5974,HDFC Top 100,125497
17-09-2014,24.2051,HDFC Top 100,125497
16-09-2014,24.0716,HDFC Top 100,125497
15-09-2014,24.7489,HDFC Top 100,125497
12-09-2014,24.6248,HDFC Top 100,125497
11-09-2014,24.41,HDFC Top 100,125497
10-09-2014,23.8862,HDFC Top 100,125497
09-09-2014,23.6853,HDFC Top 100,125497
08-09-2014,23.31,HDFC Top 100,125497
05-09-2014,22.9624,HDFC Top 100,125497
04-09-2014,22.8661,HDFC Top 100,125497
03-09-2014,22.842,HDFC Top 100,125497
02-09-2014,22.6476,HDFC Top 100,125497
01-09-2014,22.5292,HDFC Top 100,125497
28-08-2014,22.1709,HDFC Top 100,125497
27-08-2014,22.0752,HDFC Top 100,125497
26-08-2014,21.6681,HDFC Top 100,125497
25-08-2014,21.7299,HDFC Top 100,125497
22-08-2014,21.898,HDFC Top 100,125497
21-08-2014,21.8125,HDFC Top 100,125497
20-08-2014,21.5099,HDFC Top 100,125497
19-08-2014,21.1964,HDFC Top 100,125497
18-08-2014,20.9437,HDFC Top 100,125497
14-08-2014,20.6268,HDFC Top 100,125497
13-08-2014,20.4227,HDFC Top 100,125497
12-08-2014,20.9523,HDFC Top 100,125497
11-08-2014,21.0294,HDFC Top 100,125497
08-08-2014,20.9051,HDFC Top 100,125497
07-08-2014,21.1366,HDFC Top 100,125497
06-08-2014,21.2068,HDFC Top 100,125497
05-08-2014,21.1792,HDFC Top 100,125497
04-08-2014,21.1423,HDFC Top 100,125497
01-08-2014,20.8274,HDFC Top 100,125497
31-07-2014,21.0652,HDFC Top 100,125497
30-07-2014,21.0491,HDFC Top 100,125497
28-07-2014,21.1246,HDFC Top 100,125497
25-07-2014,21.1489,HDFC Top 100,125497
24-07-2014,21.3216,HDFC Top 100,125497
23-07-2014,21.24,HDFC Top 100,125497
22-07-2014,21.363,HDFC Top 100,125497
21-07-2014,21.28,HDFC Top 100,125497
18-07-2014,20.8316,HDFC Top 100,125497
17-07-2014,20.8995,HDFC Top 100,125497
16-07-2014,20.4248,HDFC Top 100,125497
15-07-2014,19.9854,HDFC Top 100,125497
14-07-2014,19.7798,HDFC Top 100,125497
11-07-2014,19.8392,HDFC Top 100,125497
10-07-2014,20.1881,HDFC Top 100,125497
09-07-2014,20.1567,HDFC Top 100,125497
08-07-2014,20.4515,HDFC Top 100,125497
07-07-2014,20.9874,HDFC Top 100,125497
04-07-2014,20.7887,HDFC Top 100,125497
03-07-2014,20.539,HDFC Top 100,125497
02-07-2014,20.3994,HDFC Top 100,125497
01-07-2014,20.2237,HDFC Top 100,125497
30-06-2014,20.0705,HDFC Top 100,125497
27-06-2014,19.669,HDFC Top 100,125497
26-06-2014,19.5189,HDFC Top 100,125497
25-06-2014,19.3056,HDFC Top 100,125497
24-06-2014,19.1991,HDFC Top 100,125497
23-06-2014,19.1147,HDFC Top 100,125497
20-06-2014,19.1702,HDFC Top 100,125497
19-06-2014,19.1541,HDFC Top 100,125497
18-06-2014,19.2167,HDFC Top 100,125497
17-06-2014,19.0015,HDFC Top 100,125497
16-06-2014,18.7174,HDFC Top 100,125497
13-06-2014,18.7545,HDFC Top 100,125497
12-06-2014,18.9265,HDFC Top 100,125497
11-06-2014,18.7536,HDFC Top 100,125497
10-06-2014,18.9611,HDFC Top 100,125497
09-06-2014,18.8095,HDFC Top 100,125497
06-06-2014,18.5395,HDFC Top 100,125497
05-06-2014,18.2638,HDFC Top 100,125497
04-06-2014,18.0406,HDFC Top 100,125497
03-06-2014,17.7281,HDFC Top 100,125497
02-06-2014,17.7284,HDFC Top 100,125497
30-05-2014,17.5999,HDFC Top 100,125497
29-05-2014,17.6411,HDFC Top 100,125497
28-05-2014,17.7014,HDFC Top 100,125497
27-05-2014,17.4244,HDFC Top 100,125497
26-05-2014,17.2722,HDFC Top 100,125497
23-05-2014,17.5799,HDFC Top 100,125497
22-05-2014,17.6336,HDFC Top 100,125497
21-05-2014,17.3618,HDFC Top 100,125497
20-05-2014,17.0756,HDFC Top 100,125497
19-05-2014,16.6375,HDFC Top 100,125497
16-05-2014,16.3354,HDFC Top 100,125497
15-05-2014,16.2742,HDFC Top 100,125497
14-05-2014,16.3868,HDFC Top 100,125497
13-05-2014,16.318,HDFC Top 100,125497
12-05-2014,16.236,HDFC Top 100,125497
09-05-2014,16.2665,HDFC Top 100,125497
08-05-2014,16.2601,HDFC Top 100,125497
07-05-2014,16.2031,HDFC Top 100,125497
06-05-2014,16.2026,HDFC Top 100,125497
05-05-2014,16.1466,HDFC Top 100,125497
02-05-2014,16.1784,HDFC Top 100,125497
30-04-2014,16.194,HDFC Top 100,125497
29-04-2014,16.4239,HDFC Top 100,125497
28-04-2014,16.3857,HDFC Top 100,125497
25-04-2014,16.2714,HDFC Top 100,125497
23-04-2014,16.2362,HDFC Top 100,125497
22-04-2014,16.1917,HDFC Top 100,125497
21-04-2014,16.061,HDFC Top 100,125497
17-04-2014,15.9681,HDFC Top 100,125497
16-04-2014,15.8341,HDFC Top 100,125497
15-04-2014,15.959,HDFC Top 100,125497
11-04-2014,15.8805,HDFC Top 100,125497
10-04-2014,15.7832,HDFC Top 100,125497
09-04-2014,15.7721,HDFC Top 100,125497
07-04-2014,15.7238,HDFC Top 100,125497
04-04-2014,15.6554,HDFC Top 100,125497
03-04-2014,15.5016,HDFC Top 100,125497
02-04-2014,15.5261,HDFC Top 100,125497
01-04-2014,15.3236,HDFC Top 100,125497
31-03-2014,15.2761,HDFC Top 100,125497
28-03-2014,15.1698,HDFC Top 100,125497
27-03-2014,15.016,HDFC Top 100,125497
26-03-2014,15.0172,HDFC Top 100,125497
25-03-2014,15.017,HDFC Top 100,125497
24-03-2014,14.9833,HDFC Top 100,125497
21-03-2014,14.9389,HDFC Top 100,125497
20-03-2014,14.8045,HDFC Top 100,125497
19-03-2014,14.7118,HDFC Top 100,125497
18-03-2014,14.7961,HDFC Top 100,125497
14-03-2014,14.6527,HDFC Top 100,125497
13-03-2014,14.7121,HDFC Top 100,125497
12-03-2014,14.7175,HDFC Top 100,125497
11-03-2014,14.6449,HDFC Top 100,125497
10-03-2014,14.5576,HDFC Top 100,125497
07-03-2014,14.5275,HDFC Top 100,125497
06-03-2014,14.6678,HDFC Top 100,125497
05-03-2014,14.5448,HDFC Top 100,125497
04-03-2014,14.4166,HDFC Top 100,125497
03-03-2014,14.2753,HDFC Top 100,125497
28-02-2014,14.2102,HDFC Top 100,125497
26-02-2014,14.1733,HDFC Top 100,125497
25-02-2014,14.2704,HDFC Top 100,125497
24-02-2014,14.1905,HDFC Top 100,125497
21-02-2014,14.037,HDFC Top 100,125497
20-02-2014,13.8913,HDFC Top 100,125497
19-02-2014,13.801,HDFC Top 100,125497
18-02-2014,13.6801,HDFC Top 100,125497
17-02-2014,13.6423,HDFC Top 100,125497
14-02-2014,13.5948,HDFC Top 100,125497
13-02-2014,13.678,HDFC Top 100,125497
12-02-2014,13.6874,HDFC Top 100,125497
11-02-2014,13.6983,HDFC Top 100,125497
10-02-2014,13.7402,HDFC Top 100,125497
07-02-2014,13.5552,HDFC Top 100,125497
06-02-2014,13.5883,HDFC Top 100,125497
05-02-2014,13.5431,HDFC Top 100,125497
04-02-2014,13.4717,HDFC Top 100,125497
03-02-2014,13.4995,HDFC Top 100,125497
31-01-2014,13.6059,HDFC Top 100,125497
30-01-2014,13.4661,HDFC Top 100,125497
29-01-2014,13.4977,HDFC Top 100,125497
28-01-2014,13.5678,HDFC Top 100,125497
27-01-2014,13.6829,HDFC Top 100,125497
24-01-2014,13.8688,HDFC Top 100,125497
23-01-2014,13.9537,HDFC Top 100,125497
22-01-2014,13.9302,HDFC Top 100,125497
21-01-2014,13.8659,HDFC Top 100,125497
20-01-2014,13.8144,HDFC Top 100,125497
17-01-2014,13.7841,HDFC Top 100,125497
16-01-2014,14.0042,HDFC Top 100,125497
15-01-2014,14.0209,HDFC Top 100,125497
14-01-2014,13.8249,HDFC Top 100,125497
13-01-2014,13.7909,HDFC Top 100,125497
10-01-2014,13.8143,HDFC Top 100,125497
09-01-2014,13.8644,HDFC Top 100,125497
08-01-2014,14.0081,HDFC Top 100,125497
07-01-2014,13.9214,HDFC Top 100,125497
06-01-2014,13.8568,HDFC Top 100,125497
03-01-2014,13.8494,HDFC Top 100,125497
02-01-2014,13.7553,HDFC Top 100,125497
01-01-2014,13.7418,HDFC Top 100,125497
31-12-2013,13.7277,HDFC Top 100,125497
30-12-2013,13.5862,HDFC Top 100,125497
27-12-2013,13.5024,HDFC Top 100,125497
26-12-2013,13.4811,HDFC Top 100,125497
24-12-2013,13.2683,HDFC Top 100,125497
23-12-2013,13.1886,HDFC Top 100,125497
20-12-2013,13.1776,HDFC Top 100,125497
19-12-2013,13.1392,HDFC Top 100,125497
18-12-2013,13.0672,HDFC Top 100,125497
17-12-2013,12.9569,HDFC Top 100,125497
16-12-2013,13.0345,HDFC Top 100,125497
13-12-2013,12.9891,HDFC Top 100,125497
12-12-2013,13.0021,HDFC Top 100,125497
11-12-2013,13.0129,HDFC Top 100,125497
10-12-2013,13.0325,HDFC Top 100,125497
09-12-2013,13.0282,HDFC Top 100,125497
06-12-2013,13.0439,HDFC Top 100,125497
05-12-2013,13.0319,HDFC Top 100,125497
04-12-2013,12.9799,HDFC Top 100,125497
03-12-2013,13.0048,HDFC Top 100,125497
02-12-2013,13.0012,HDFC Top 100,125497
29-11-2013,12.9509,HDFC Top 100,125497
28-11-2013,12.8773,HDFC Top 100,125497
27-11-2013,12.8389,HDFC Top 100,125497
26-11-2013,12.8591,HDFC Top 100,125497
25-11-2013,12.8548,HDFC Top 100,125497
22-11-2013,12.7775,HDFC Top 100,125497
21-11-2013,12.7957,HDFC Top 100,125497
20-11-2013,12.9549,HDFC Top 100,125497
19-11-2013,13.1068,HDFC Top 100,125497
18-11-2013,13.0894,HDFC Top 100,125497
