date,nav,scheme_name,amfi_code
03-09-2026,249.8838,Kotak Bluechip,120841
02-09-2026,248.9476,Kotak Bluechip,120841
01-09-2026,250.6634,Kotak Bluechip,120841
31-08-2026,252.964,Kotak Bluechip,120841
28-08-2026,252.818,Kotak Bluechip,120841
27-08-2026,252.8789,Kotak Bluechip,120841
26-08-2026,251.7711,Kotak Bluechip,120841
25-08-2026,252.3397,Kotak Bluechip,120841
24-08-2026,250.7061,Kotak Bluechip,120841
21-08-2026,250.9462,Kotak Bluechip,120841
20-08-2026,250.9533,Kotak Bluechip,120841
19-08-2026,250.7135,Kotak Bluechip,120841
18-08-2026,251.6678,Kotak Bluechip,120841
17-08-2026,253.0373,Kotak Bluechip,120841
14-08-2026,252.2688,Kotak Bluechip,120841
13-08-2026,252.7377,Kotak Bluechip,120841
12-08-2026,252.7006,Kotak Bluechip,120841
11-08-2026,253.5419,Kotak Bluechip,120841
10-08-2026,254.5798,Kotak Bluechip,120841
07-08-2026,255.9932,Kotak Bluechip,120841
06-08-2026,254.2501,Kotak Bluechip,120841
05-08-2026,256.1207,Kotak Bluechip,120841
04-08-2026,254.5024,Kotak Bluechip,120841
03-08-2026,254.1965,Kotak Bluechip,120841
31-07-2026,252.2089,Kotak Bluechip,120841
30-07-2026,251.6049,Kotak Bluechip,120841
29-07-2026,253.4389,Kotak Bluechip,120841
28-07-2026,250.1527,Kotak Bluechip,120841
27-07-2026,251.2699,Kotak Bluechip,120841
24-07-2026,249.2715,Kotak Bluechip,120841
23-07-2026,248.7576,Kotak Bluechip,120841
22-07-2026,250.0375,Kotak Bluechip,120841
21-07-2026,255.4054,Kotak Bluechip,120841
20-07-2026,255.1596,Kotak Bluechip,120841
17-07-2026,254.1999,Kotak Bluechip,120841
16-07-2026,254.0699,Kotak Bluechip,120841
15-07-2026,253.6838,Kotak Bluechip,120841
14-07-2026,252.6488,Kotak Bluechip,120841
13-07-2026,253.792,Kotak Bluechip,120841
10-07-2026,252.7536,Kotak Bluechip,120841
09-07-2026,250.2146,Kotak Bluechip,120841
08-07-2026,246.671,Kotak Bluechip,120841
07-07-2026,250.0029,Kotak Bluechip,120841
06-07-2026,250.9377,Kotak Bluechip,120841
03-07-2026,251.3342,Kotak Bluechip,120841
02-07-2026,251.5008,Kotak Bluechip,120841
01-07-2026,250.4484,Kotak Bluechip,120841
30-06-2026,250.954,Kotak Bluechip,120841
29-06-2026,250.6494,Kotak Bluechip,120841
25-06-2026,249.312,Kotak Bluechip,120841
24-06-2026,249.8412,Kotak Bluechip,120841
23-06-2026,249.9814,Kotak Bluechip,120841
22-06-2026,252.0694,Kotak Bluechip,120841
19-06-2026,251.5713,Kotak Bluechip,120841
18-06-2026,249.1553,Kotak Bluechip,120841
17-06-2026,246.3925,Kotak Bluechip,120841
16-06-2026,245.2402,Kotak Bluechip,120841
15-06-2026,244.629,Kotak Bluechip,120841
12-06-2026,244.7205,Kotak Bluechip,120841
11-06-2026,240.5886,Kotak Bluechip,120841
10-06-2026,241.9186,Kotak Bluechip,120841
09-06-2026,244.2347,Kotak Bluechip,120841
08-06-2026,242.1594,Kotak Bluechip,120841
05-06-2026,246.0878,Kotak Bluechip,120841
04-06-2026,246.0784,Kotak Bluechip,120841
03-06-2026,245.6593,Kotak Bluechip,120841
02-06-2026,246.8566,Kotak Bluechip,120841
01-06-2026,246.9814,Kotak Bluechip,120841
29-05-2026,248.6673,Kotak Bluechip,120841
27-05-2026,251.2273,Kotak Bluechip,120841
26-05-2026,251.2702,Kotak Bluechip,120841
25-05-2026,249.2266,Kotak Bluechip,120841
22-05-2026,247.8039,Kotak Bluechip,120841
21-05-2026,248.8853,Kotak Bluechip,120841
20-05-2026,244.7199,Kotak Bluechip,120841
19-05-2026,241.6771,Kotak Bluechip,120841
18-05-2026,241.2615,Kotak Bluechip,120841
15-05-2026,242.0952,Kotak Bluechip,120841
14-05-2026,243.5314,Kotak Bluechip,120841
13-05-2026,240.0746,Kotak Bluechip,120841
12-05-2026,238.1528,Kotak Bluechip,120841
11-05-2026,242.7219,Kotak Bluechip,120841
08-05-2026,244.6201,Kotak Bluechip,120841
07-05-2026,245.6055,Kotak Bluechip,120841
06-05-2026,245.3878,Kotak Bluechip,120841
05-05-2026,242.9594,Kotak Bluechip,120841
04-05-2026,242.7655,Kotak Bluechip,120841
30-04-2026,240.5353,Kotak Bluechip,120841
29-04-2026,242.345,Kotak Bluechip,120841
28-04-2026,242.6241,Kotak Bluechip,120841
27-04-2026,241.2517,Kotak Bluechip,120841
24-04-2026,238.1456,Kotak Bluechip,120841
23-04-2026,239.7583,Kotak Bluechip,120841
22-04-2026,238.5702,Kotak Bluechip,120841
21-04-2026,236.4598,Kotak Bluechip,120841
20-04-2026,235.1961,Kotak Bluechip,120841
17-04-2026,236.2133,Kotak Bluechip,120841
16-04-2026,233.318,Kotak Bluechip,120841
15-04-2026,231.5434,Kotak Bluechip,120841
13-04-2026,226.9809,Kotak Bluechip,120841
10-04-2026,228.6993,Kotak Bluechip,120841
09-04-2026,224.6235,Kotak Bluechip,120841
08-04-2026,224.5909,Kotak Bluechip,120841
07-04-2026,217.9604,Kotak Bluechip,120841
06-04-2026,217.6413,Kotak Bluechip,120841
02-04-2026,216.2795,Kotak Bluechip,120841
01-04-2026,216.7627,Kotak Bluechip,120841
31-03-2026,212.3571,Kotak Bluechip,120841
30-03-2026,212.3561,Kotak Bluechip,120841
27-03-2026,215.979,Kotak Bluechip,120841
25-03-2026,218.6866,Kotak Bluechip,120841
24-03-2026,214.9164,Kotak Bluechip,120841
23-03-2026,210.115,Kotak Bluechip,120841
20-03-2026,215.8819,Kotak Bluechip,120841
19-03-2026,214.0899,Kotak Bluechip,120841
18-03-2026,219.4077,Kotak Bluechip,120841
17-03-2026,215.8723,Kotak Bluechip,120841
16-03-2026,213.4091,Kotak Bluechip,120841
13-03-2026,212.7884,Kotak Bluechip,120841
12-03-2026,216.8313,Kotak Bluechip,120841
11-03-2026,217.2638,Kotak Bluechip,120841
10-03-2026,217.2151,Kotak Bluechip,120841
09-03-2026,213.7211,Kotak Bluechip,120841
06-03-2026,215.1244,Kotak Bluechip,120841
05-03-2026,216.0433,Kotak Bluechip,120841
04-03-2026,213.8632,Kotak Bluechip,120841
02-03-2026,217.4449,Kotak Bluechip,120841
27-02-2026,221.2108,Kotak Bluechip,120841
26-02-2026,223.828,Kotak Bluechip,120841
25-02-2026,222.6482,Kotak Bluechip,120841
24-02-2026,220.5605,Kotak Bluechip,120841
23-02-2026,221.7051,Kotak Bluechip,120841
20-02-2026,221.3408,Kotak Bluechip,120841
19-02-2026,220.4132,Kotak Bluechip,120841
18-02-2026,223.2608,Kotak Bluechip,120841
17-02-2026,222.9773,Kotak Bluechip,120841
16-02-2026,222.4954,Kotak Bluechip,120841
13-02-2026,222.5748,Kotak Bluechip,120841
12-02-2026,225.4245,Kotak Bluechip,120841
11-02-2026,225.6929,Kotak Bluechip,120841
10-02-2026,225.1996,Kotak Bluechip,120841
09-02-2026,224.5198,Kotak Bluechip,120841
06-02-2026,221.7398,Kotak Bluechip,120841
05-02-2026,220.8275,Kotak Bluechip,120841
04-02-2026,220.8543,Kotak Bluechip,120841
03-02-2026,220.1536,Kotak Bluechip,120841
02-02-2026,215.3687,Kotak Bluechip,120841
30-01-2026,217.3627,Kotak Bluechip,120841
29-01-2026,215.8206,Kotak Bluechip,120841
28-01-2026,216.5481,Kotak Bluechip,120841
27-01-2026,214.5324,Kotak Bluechip,120841
23-01-2026,214.913,Kotak Bluechip,120841
22-01-2026,218.2378,Kotak Bluechip,120841
21-01-2026,216.4631,Kotak Bluechip,120841
20-01-2026,220.3003,Kotak Bluechip,120841
19-01-2026,224.6687,Kotak Bluechip,120841
16-01-2026,224.9528,Kotak Bluechip,120841
14-01-2026,225.3953,Kotak Bluechip,120841
13-01-2026,225.4815,Kotak Bluechip,120841
12-01-2026,226.2587,Kotak Bluechip,120841
09-01-2026,227.0265,Kotak Bluechip,120841
08-01-2026,229.2263,Kotak Bluechip,120841
07-01-2026,233.3132,Kotak Bluechip,120841
06-01-2026,233.0409,Kotak Bluechip,120841
05-01-2026,234.5069,Kotak Bluechip,120841
02-01-2026,236.4132,Kotak Bluechip,120841
01-01-2026,235.259,Kotak Bluechip,120841
31-12-2025,235.5063,Kotak Bluechip,120841
30-12-2025,234.3754,Kotak Bluechip,120841
29-12-2025,235.9854,Kotak Bluechip,120841
26-12-2025,236.9848,Kotak Bluechip,120841
24-12-2025,237.653,Kotak Bluechip,120841
23-12-2025,238.7629,Kotak Bluechip,120841
22-12-2025,238.0447,Kotak Bluechip,120841
19-12-2025,236.9631,Kotak Bluechip,120841
18-12-2025,234.7045,Kotak Bluechip,120841
17-12-2025,234.3133,Kotak Bluechip,120841
16-12-2025,235.7084,Kotak Bluechip,120841
15-12-2025,238.3773,Kotak Bluechip,120841
12-12-2025,238.1125,Kotak Bluechip,120841
11-12-2025,236.1615,Kotak Bluechip,120841
10-12-2025,234.2746,Kotak Bluechip,120841
09-12-2025,234.7247,Kotak Bluechip,120841
08-12-2025,234.3084,Kotak Bluechip,120841
05-12-2025,238.011,Kotak Bluechip,120841
04-12-2025,238.0141,Kotak Bluechip,120841
03-12-2025,238.6028,Kotak Bluechip,120841
02-12-2025,239.2874,Kotak Bluechip,120841
01-12-2025,240.1195,Kotak Bluechip,120841
28-11-2025,240.0428,Kotak Bluechip,120841
27-11-2025,240.9565,Kotak Bluechip,120841
26-11-2025,240.6092,Kotak Bluechip,120841
25-11-2025,237.4439,Kotak Bluechip,120841
24-11-2025,238.0858,Kotak Bluechip,120841
21-11-2025,240.214,Kotak Bluechip,120841
20-11-2025,242.1044,Kotak Bluechip,120841
19-11-2025,241.8587,Kotak Bluechip,120841
18-11-2025,241.3464,Kotak Bluechip,120841
17-11-2025,242.3625,Kotak Bluechip,120841
14-11-2025,240.1422,Kotak Bluechip,120841
13-11-2025,240.6851,Kotak Bluechip,120841
12-11-2025,240.8333,Kotak Bluechip,120841
11-11-2025,239.2695,Kotak Bluechip,120841
10-11-2025,239.0148,Kotak Bluechip,120841
07-11-2025,238.5395,Kotak Bluechip,120841
06-11-2025,238.3367,Kotak Bluechip,120841
04-11-2025,241.3991,Kotak Bluechip,120841
03-11-2025,242.436,Kotak Bluechip,120841
31-10-2025,241.241,Kotak Bluechip,120841
30-10-2025,241.5912,Kotak Bluechip,120841
29-10-2025,242.1269,Kotak Bluechip,120841
28-10-2025,240.5906,Kotak Bluechip,120841
27-10-2025,241.1116,Kotak Bluechip,120841
24-10-2025,238.5586,Kotak Bluechip,120841
23-10-2025,238.1741,Kotak Bluechip,120841
20-10-2025,238.5658,Kotak Bluechip,120841
17-10-2025,237.9585,Kotak Bluechip,120841
16-10-2025,239.7386,Kotak Bluechip,120841
15-10-2025,238.4586,Kotak Bluechip,120841
14-10-2025,236.6668,Kotak Bluechip,120841
13-10-2025,237.2262,Kotak Bluechip,120841
10-10-2025,238.7569,Kotak Bluechip,120841
09-10-2025,235.938,Kotak Bluechip,120841
08-10-2025,232.7811,Kotak Bluechip,120841
07-10-2025,233.9591,Kotak Bluechip,120841
06-10-2025,233.8185,Kotak Bluechip,120841
03-10-2025,233.3789,Kotak Bluechip,120841
01-10-2025,231.3691,Kotak Bluechip,120841
30-09-2025,229.5282,Kotak Bluechip,120841
26-09-2025,229.743,Kotak Bluechip,120841
25-09-2025,233.8771,Kotak Bluechip,120841
24-09-2025,235.1127,Kotak Bluechip,120841
23-09-2025,236.4453,Kotak Bluechip,120841
22-09-2025,236.6308,Kotak Bluechip,120841
19-09-2025,238.7551,Kotak Bluechip,120841
18-09-2025,239.2009,Kotak Bluechip,120841
17-09-2025,238.4804,Kotak Bluechip,120841
16-09-2025,238.5553,Kotak Bluechip,120841
15-09-2025,236.803,Kotak Bluechip,120841
12-09-2025,235.5009,Kotak Bluechip,120841
11-09-2025,234.5814,Kotak Bluechip,120841
10-09-2025,232.9172,Kotak Bluechip,120841
09-09-2025,231.7601,Kotak Bluechip,120841
08-09-2025,230.3334,Kotak Bluechip,120841
05-09-2025,230.0261,Kotak Bluechip,120841
04-09-2025,230.3147,Kotak Bluechip,120841
03-09-2025,231.8308,Kotak Bluechip,120841
02-09-2025,230.2564,Kotak Bluechip,120841
01-09-2025,230.56,Kotak Bluechip,120841
29-08-2025,228.1841,Kotak Bluechip,120841
28-08-2025,228.6161,Kotak Bluechip,120841
26-08-2025,231.5244,Kotak Bluechip,120841
25-08-2025,234.8266,Kotak Bluechip,120841
22-08-2025,234.6473,Kotak Bluechip,120841
21-08-2025,235.9925,Kotak Bluechip,120841
20-08-2025,237.6875,Kotak Bluechip,120841
19-08-2025,238.1606,Kotak Bluechip,120841
18-08-2025,235.8966,Kotak Bluechip,120841
14-08-2025,235.4145,Kotak Bluechip,120841
13-08-2025,235.0528,Kotak Bluechip,120841
12-08-2025,233.816,Kotak Bluechip,120841
11-08-2025,234.2709,Kotak Bluechip,120841
08-08-2025,232.4897,Kotak Bluechip,120841
07-08-2025,235.6791,Kotak Bluechip,120841
06-08-2025,235.1393,Kotak Bluechip,120841
05-08-2025,236.2507,Kotak Bluechip,120841
04-08-2025,237.9836,Kotak Bluechip,120841
01-08-2025,235.534,Kotak Bluechip,120841
31-07-2025,240.1581,Kotak Bluechip,120841
30-07-2025,243.4561,Kotak Bluechip,120841
29-07-2025,243.0613,Kotak Bluechip,120841
28-07-2025,240.377,Kotak Bluechip,120841
25-07-2025,242.2285,Kotak Bluechip,120841
24-07-2025,244.7259,Kotak Bluechip,120841
23-07-2025,245.9123,Kotak Bluechip,120841
22-07-2025,244.27,Kotak Bluechip,120841
21-07-2025,246.4861,Kotak Bluechip,120841
18-07-2025,246.0588,Kotak Bluechip,120841
17-07-2025,247.6199,Kotak Bluechip,120841
16-07-2025,247.8651,Kotak Bluechip,120841
15-07-2025,247.6496,Kotak Bluechip,120841
14-07-2025,246.3603,Kotak Bluechip,120841
11-07-2025,245.4267,Kotak Bluechip,120841
10-07-2025,247.9259,Kotak Bluechip,120841
09-07-2025,248.2505,Kotak Bluechip,120841
08-07-2025,249.0142,Kotak Bluechip,120841
07-07-2025,249.6877,Kotak Bluechip,120841
04-07-2025,250.2343,Kotak Bluechip,120841
03-07-2025,248.6183,Kotak Bluechip,120841
02-07-2025,249.1057,Kotak Bluechip,120841
01-07-2025,248.2882,Kotak Bluechip,120841
30-06-2025,247.8273,Kotak Bluechip,120841
27-06-2025,247.1461,Kotak Bluechip,120841
26-06-2025,246.3223,Kotak Bluechip,120841
25-06-2025,243.8775,Kotak Bluechip,120841
24-06-2025,242.5875,Kotak Bluechip,120841
23-06-2025,242.2674,Kotak Bluechip,120841
20-06-2025,241.4383,Kotak Bluechip,120841
19-06-2025,238.563,Kotak Bluechip,120841
18-06-2025,241.9956,Kotak Bluechip,120841
17-06-2025,243.2315,Kotak Bluechip,120841
16-06-2025,245.615,Kotak Bluechip,120841
13-06-2025,243.6935,Kotak Bluechip,120841
12-06-2025,245.0736,Kotak Bluechip,120841
11-06-2025,248.6657,Kotak Bluechip,120841
10-06-2025,248.9619,Kotak Bluechip,120841
09-06-2025,249.3853,Kotak Bluechip,120841
06-06-2025,246.8539,Kotak Bluechip,120841
05-06-2025,246.359,Kotak Bluechip,120841
04-06-2025,244.5563,Kotak Bluechip,120841
03-06-2025,242.9149,Kotak Bluechip,120841
02-06-2025,242.9849,Kotak Bluechip,120841
30-05-2025,243.2881,Kotak Bluechip,120841
29-05-2025,245.5956,Kotak Bluechip,120841
28-05-2025,244.1898,Kotak Bluechip,120841
27-05-2025,244.8471,Kotak Bluechip,120841
26-05-2025,244.6617,Kotak Bluechip,120841
23-05-2025,243.1778,Kotak Bluechip,120841
22-05-2025,242.5125,Kotak Bluechip,120841
21-05-2025,243.7466,Kotak Bluechip,120841
20-05-2025,241.4405,Kotak Bluechip,120841
19-05-2025,244.8396,Kotak Bluechip,120841
16-05-2025,245.9744,Kotak Bluechip,120841
15-05-2025,244.8228,Kotak Bluechip,120841
14-05-2025,242.8323,Kotak Bluechip,120841
13-05-2025,239.3958,Kotak Bluechip,120841
12-05-2025,239.4642,Kotak Bluechip,120841
09-05-2025,231.1589,Kotak Bluechip,120841
08-05-2025,231.2396,Kotak Bluechip,120841
07-05-2025,235.412,Kotak Bluechip,120841
06-05-2025,233.2886,Kotak Bluechip,120841
05-05-2025,238.1259,Kotak Bluechip,120841
02-05-2025,234.7715,Kotak Bluechip,120841
30-04-2025,236.4184,Kotak Bluechip,120841
29-04-2025,237.5659,Kotak Bluechip,120841
28-04-2025,237.8403,Kotak Bluechip,120841
25-04-2025,234.1117,Kotak Bluechip,120841
24-04-2025,239.2636,Kotak Bluechip,120841
23-04-2025,239.1752,Kotak Bluechip,120841
22-04-2025,237.2151,Kotak Bluechip,120841
21-04-2025,236.1813,Kotak Bluechip,120841
17-04-2025,233.07,Kotak Bluechip,120841
16-04-2025,231.0771,Kotak Bluechip,120841
15-04-2025,229.1942,Kotak Bluechip,120841
11-04-2025,223.7678,Kotak Bluechip,120841
09-04-2025,220.3787,Kotak Bluechip,120841
08-04-2025,221.4525,Kotak Bluechip,120841
07-04-2025,216.2363,Kotak Bluechip,120841
04-04-2025,223.1421,Kotak Bluechip,120841
03-04-2025,230.6728,Kotak Bluechip,120841
02-04-2025,229.4658,Kotak Bluechip,120841
01-04-2025,226.6597,Kotak Bluechip,120841
31-03-2025,227.7234,Kotak Bluechip,120841
28-03-2025,227.7198,Kotak Bluechip,120841
27-03-2025,228.4303,Kotak Bluechip,120841
26-03-2025,226.7785,Kotak Bluechip,120841
25-03-2025,228.5638,Kotak Bluechip,120841
24-03-2025,231.563,Kotak Bluechip,120841
21-03-2025,228.9535,Kotak Bluechip,120841
20-03-2025,226.422,Kotak Bluechip,120841
19-03-2025,224.1758,Kotak Bluechip,120841
18-03-2025,219.8179,Kotak Bluechip,120841
17-03-2025,216.0426,Kotak Bluechip,120841
13-03-2025,215.2816,Kotak Bluechip,120841
12-03-2025,216.5917,Kotak Bluechip,120841
11-03-2025,215.8426,Kotak Bluechip,120841
10-03-2025,215.3282,Kotak Bluechip,120841
07-03-2025,217.7349,Kotak Bluechip,120841
06-03-2025,217.3614,Kotak Bluechip,120841
05-03-2025,214.3513,Kotak Bluechip,120841
04-03-2025,208.1479,Kotak Bluechip,120841
03-03-2025,208.6743,Kotak Bluechip,120841
28-02-2025,209.9337,Kotak Bluechip,120841
27-02-2025,215.2527,Kotak Bluechip,120841
25-02-2025,217.6951,Kotak Bluechip,120841
24-02-2025,219.5091,Kotak Bluechip,120841
21-02-2025,222.1916,Kotak Bluechip,120841
20-02-2025,223.4854,Kotak Bluechip,120841
19-02-2025,221.7637,Kotak Bluechip,120841
18-02-2025,219.7878,Kotak Bluechip,120841
17-02-2025,221.5414,Kotak Bluechip,120841
14-02-2025,220.1629,Kotak Bluechip,120841
13-02-2025,224.7555,Kotak Bluechip,120841
12-02-2025,223.747,Kotak Bluechip,120841
11-02-2025,223.6698,Kotak Bluechip,120841
10-02-2025,228.5437,Kotak Bluechip,120841
07-02-2025,232.7949,Kotak Bluechip,120841
06-02-2025,233.5121,Kotak Bluechip,120841
05-02-2025,234.77,Kotak Bluechip,120841
04-02-2025,233.8514,Kotak Bluechip,120841
03-02-2025,229.5876,Kotak Bluechip,120841
31-01-2025,238.7459,Kotak Bluechip,120841
30-01-2025,234.0211,Kotak Bluechip,120841
29-01-2025,232.2161,Kotak Bluechip,120841
28-01-2025,228.974,Kotak Bluechip,120841
27-01-2025,230.121,Kotak Bluechip,120841
24-01-2025,236.8418,Kotak Bluechip,120841
23-01-2025,240.142,Kotak Bluechip,120841
22-01-2025,238.0652,Kotak Bluechip,120841
21-01-2025,240.1773,Kotak Bluechip,120841
20-01-2025,243.3888,Kotak Bluechip,120841
17-01-2025,241.8513,Kotak Bluechip,120841
16-01-2025,239.087,Kotak Bluechip,120841
15-01-2025,236.8193,Kotak Bluechip,120841
14-01-2025,237.2368,Kotak Bluechip,120841
13-01-2025,232.2336,Kotak Bluechip,120841
10-01-2025,240.3735,Kotak Bluechip,120841
09-01-2025,243.7067,Kotak Bluechip,120841
08-01-2025,245.6596,Kotak Bluechip,120841
07-01-2025,246.128,Kotak Bluechip,120841
06-01-2025,245.1046,Kotak Bluechip,120841
03-01-2025,251.7558,Kotak Bluechip,120841
02-01-2025,251.2933,Kotak Bluechip,120841
01-01-2025,248.1978,Kotak Bluechip,120841
31-12-2024,246.4922,Kotak Bluechip,120841
30-12-2024,243.4722,Kotak Bluechip,120841
27-12-2024,244.066,Kotak Bluechip,120841
26-12-2024,244.0038,Kotak Bluechip,120841
24-12-2024,244.3331,Kotak Bluechip,120841
23-12-2024,244.1149,Kotak Bluechip,120841
20-12-2024,242.1542,Kotak Bluechip,120841
19-12-2024,247.0122,Kotak Bluechip,120841
18-12-2024,249.1512,Kotak Bluechip,120841
17-12-2024,250.2968,Kotak Bluechip,120841
16-12-2024,253.2194,Kotak Bluechip,120841
13-12-2024,252.2245,Kotak Bluechip,120841
12-12-2024,252.263,Kotak Bluechip,120841
11-12-2024,254.5099,Kotak Bluechip,120841
10-12-2024,253.2317,Kotak Bluechip,120841
09-12-2024,253.7464,Kotak Bluechip,120841
06-12-2024,253.4045,Kotak Bluechip,120841
05-12-2024,253.0051,Kotak Bluechip,120841
04-12-2024,252.6181,Kotak Bluechip,120841
03-12-2024,252.2592,Kotak Bluechip,120841
02-12-2024,250.6584,Kotak Bluechip,120841
29-11-2024,249.1551,Kotak Bluechip,120841
28-11-2024,247.0727,Kotak Bluechip,120841
27-11-2024,246.6074,Kotak Bluechip,120841
26-11-2024,245.178,Kotak Bluechip,120841
25-11-2024,244.5513,Kotak Bluechip,120841
22-11-2024,240.6317,Kotak Bluechip,120841
21-11-2024,236.6909,Kotak Bluechip,120841
19-11-2024,240.0088,Kotak Bluechip,120841
18-11-2024,239.481,Kotak Bluechip,120841
14-11-2024,240.3952,Kotak Bluechip,120841
13-11-2024,240.373,Kotak Bluechip,120841
12-11-2024,244.9038,Kotak Bluechip,120841
11-11-2024,248.0054,Kotak Bluechip,120841
08-11-2024,250.1345,Kotak Bluechip,120841
07-11-2024,253.7427,Kotak Bluechip,120841
06-11-2024,256.9198,Kotak Bluechip,120841
05-11-2024,252.3112,Kotak Bluechip,120841
04-11-2024,251.6918,Kotak Bluechip,120841
31-10-2024,253.5332,Kotak Bluechip,120841
30-10-2024,255.0505,Kotak Bluechip,120841
29-10-2024,251.7044,Kotak Bluechip,120841
28-10-2024,250.392,Kotak Bluechip,120841
25-10-2024,249.7438,Kotak Bluechip,120841
24-10-2024,254.332,Kotak Bluechip,120841
23-10-2024,254.7688,Kotak Bluechip,120841
22-10-2024,254.9976,Kotak Bluechip,120841
21-10-2024,260.1379,Kotak Bluechip,120841
18-10-2024,263.2812,Kotak Bluechip,120841
17-10-2024,262.7987,Kotak Bluechip,120841
16-10-2024,265.5359,Kotak Bluechip,120841
15-10-2024,265.9668,Kotak Bluechip,120841
14-10-2024,266.9509,Kotak Bluechip,120841
11-10-2024,266.9949,Kotak Bluechip,120841
10-10-2024,265.5001,Kotak Bluechip,120841
09-10-2024,267.5266,Kotak Bluechip,120841
08-10-2024,266.6238,Kotak Bluechip,120841
07-10-2024,262.0336,Kotak Bluechip,120841
04-10-2024,268.0292,Kotak Bluechip,120841
03-10-2024,270.3234,Kotak Bluechip,120841
01-10-2024,274.7178,Kotak Bluechip,120841
30-09-2024,274.5914,Kotak Bluechip,120841
27-09-2024,276.8504,Kotak Bluechip,120841
26-09-2024,275.1799,Kotak Bluechip,120841
25-09-2024,273.8049,Kotak Bluechip,120841
24-09-2024,273.07,Kotak Bluechip,120841
23-09-2024,272.0416,Kotak Bluechip,120841
20-09-2024,270.5107,Kotak Bluechip,120841
19-09-2024,268.5655,Kotak Bluechip,120841
18-09-2024,270.8616,Kotak Bluechip,120841
17-09-2024,272.8506,Kotak Bluechip,120841
16-09-2024,273.4417,Kotak Bluechip,120841
13-09-2024,274.1736,Kotak Bluechip,120841
12-09-2024,271.53,Kotak Bluechip,120841
11-09-2024,268.7056,Kotak Bluechip,120841
10-09-2024,270.5326,Kotak Bluechip,120841
09-09-2024,268.7608,Kotak Bluechip,120841
06-09-2024,269.5129,Kotak Bluechip,120841
05-09-2024,270.8388,Kotak Bluechip,120841
04-09-2024,271.3858,Kotak Bluechip,120841
03-09-2024,271.965,Kotak Bluechip,120841
02-09-2024,271.6547,Kotak Bluechip,120841
30-08-2024,271.8752,Kotak Bluechip,120841
29-08-2024,272.5436,Kotak Bluechip,120841
28-08-2024,273.5284,Kotak Bluechip,120841
27-08-2024,274.5194,Kotak Bluechip,120841
26-08-2024,275.7407,Kotak Bluechip,120841
23-08-2024,273.0467,Kotak Bluechip,120841
22-08-2024,274.1903,Kotak Bluechip,120841
21-08-2024,273.4851,Kotak Bluechip,120841
20-08-2024,272.1785,Kotak Bluechip,120841
19-08-2024,270.7532,Kotak Bluechip,120841
16-08-2024,268.1138,Kotak Bluechip,120841
14-08-2024,264.9184,Kotak Bluechip,120841
13-08-2024,266.6449,Kotak Bluechip,120841
12-08-2024,267.8991,Kotak Bluechip,120841
09-08-2024,267.936,Kotak Bluechip,120841
08-08-2024,269.6324,Kotak Bluechip,120841
07-08-2024,269.1662,Kotak Bluechip,120841
06-08-2024,263.3229,Kotak Bluechip,120841
05-08-2024,265.4979,Kotak Bluechip,120841
02-08-2024,274.6382,Kotak Bluechip,120841
01-08-2024,277.2299,Kotak Bluechip,120841
31-07-2024,278.0632,Kotak Bluechip,120841
30-07-2024,276.394,Kotak Bluechip,120841
29-07-2024,276.5895,Kotak Bluechip,120841
26-07-2024,275.7654,Kotak Bluechip,120841
25-07-2024,271.9495,Kotak Bluechip,120841
24-07-2024,272.8352,Kotak Bluechip,120841
23-07-2024,271.8225,Kotak Bluechip,120841
22-07-2024,273.1838,Kotak Bluechip,120841
19-07-2024,272.5587,Kotak Bluechip,120841
18-07-2024,278.1595,Kotak Bluechip,120841
16-07-2024,281.0543,Kotak Bluechip,120841
15-07-2024,281.1083,Kotak Bluechip,120841
12-07-2024,278.2819,Kotak Bluechip,120841
11-07-2024,278.2463,Kotak Bluechip,120841
10-07-2024,277.7518,Kotak Bluechip,120841
09-07-2024,279.5706,Kotak Bluechip,120841
08-07-2024,277.6996,Kotak Bluechip,120841
05-07-2024,278.4743,Kotak Bluechip,120841
04-07-2024,276.7635,Kotak Bluechip,120841
03-07-2024,275.9579,Kotak Bluechip,120841
02-07-2024,273.4437,Kotak Bluechip,120841
01-07-2024,272.8824,Kotak Bluechip,120841
28-06-2024,270.8515,Kotak Bluechip,120841
27-06-2024,269.7836,Kotak Bluechip,120841
26-06-2024,269.6398,Kotak Bluechip,120841
25-06-2024,270.0778,Kotak Bluechip,120841
24-06-2024,269.8448,Kotak Bluechip,120841
21-06-2024,272.385,Kotak Bluechip,120841
20-06-2024,273.0696,Kotak Bluechip,120841
19-06-2024,271.0897,Kotak Bluechip,120841
18-06-2024,273.3525,Kotak Bluechip,120841
14-06-2024,272.7989,Kotak Bluechip,120841
13-06-2024,271.1238,Kotak Bluechip,120841
12-06-2024,270.1379,Kotak Bluechip,120841
11-06-2024,266.9125,Kotak Bluechip,120841
10-06-2024,264.3561,Kotak Bluechip,120841
07-06-2024,264.4803,Kotak Bluechip,120841
06-06-2024,260.5948,Kotak Bluechip,120841
05-06-2024,256.1055,Kotak Bluechip,120841
04-06-2024,246.1066,Kotak Bluechip,120841
03-06-2024,269.8003,Kotak Bluechip,120841
31-05-2024,260.132,Kotak Bluechip,120841
30-05-2024,258.6151,Kotak Bluechip,120841
29-05-2024,259.0983,Kotak Bluechip,120841
28-05-2024,259.1987,Kotak Bluechip,120841
27-05-2024,261.4705,Kotak Bluechip,120841
24-05-2024,264.4223,Kotak Bluechip,120841
23-05-2024,264.2809,Kotak Bluechip,120841
22-05-2024,262.3579,Kotak Bluechip,120841
21-05-2024,263.7411,Kotak Bluechip,120841
17-05-2024,258.8589,Kotak Bluechip,120841
16-05-2024,254.8362,Kotak Bluechip,120841
15-05-2024,253.3955,Kotak Bluechip,120841
14-05-2024,252.3782,Kotak Bluechip,120841
13-05-2024,247.7744,Kotak Bluechip,120841
10-05-2024,246.5479,Kotak Bluechip,120841
09-05-2024,243.9372,Kotak Bluechip,120841
08-05-2024,248.6217,Kotak Bluechip,120841
07-05-2024,246.4945,Kotak Bluechip,120841
06-05-2024,252.0095,Kotak Bluechip,120841
03-05-2024,254.9479,Kotak Bluechip,120841
02-05-2024,255.2092,Kotak Bluechip,120841
30-04-2024,252.92,Kotak Bluechip,120841
29-04-2024,252.8921,Kotak Bluechip,120841
26-04-2024,254.0366,Kotak Bluechip,120841
25-04-2024,249.7039,Kotak Bluechip,120841
24-04-2024,247.1766,Kotak Bluechip,120841
23-04-2024,244.5888,Kotak Bluechip,120841
22-04-2024,242.4256,Kotak Bluechip,120841
19-04-2024,240.6565,Kotak Bluechip,120841
18-04-2024,241.6394,Kotak Bluechip,120841
16-04-2024,240.657,Kotak Bluechip,120841
15-04-2024,239.8675,Kotak Bluechip,120841
12-04-2024,242.7975,Kotak Bluechip,120841
10-04-2024,244.7396,Kotak Bluechip,120841
09-04-2024,242.3212,Kotak Bluechip,120841
08-04-2024,242.6806,Kotak Bluechip,120841
05-04-2024,242.7884,Kotak Bluechip,120841
04-04-2024,242.4742,Kotak Bluechip,120841
03-04-2024,243.228,Kotak Bluechip,120841
02-04-2024,240.2601,Kotak Bluechip,120841
01-04-2024,237.4406,Kotak Bluechip,120841
31-03-2024,233.2192,Kotak Bluechip,120841
28-03-2024,233.2261,Kotak Bluechip,120841
27-03-2024,231.2945,Kotak Bluechip,120841
26-03-2024,230.4922,Kotak Bluechip,120841
22-03-2024,228.6795,Kotak Bluechip,120841
21-03-2024,228.5007,Kotak Bluechip,120841
20-03-2024,224.0817,Kotak Bluechip,120841
19-03-2024,223.281,Kotak Bluechip,120841
18-03-2024,227.5049,Kotak Bluechip,120841
15-03-2024,223.9447,Kotak Bluechip,120841
14-03-2024,226.1193,Kotak Bluechip,120841
13-03-2024,222.2214,Kotak Bluechip,120841
12-03-2024,233.8408,Kotak Bluechip,120841
11-03-2024,235.0175,Kotak Bluechip,120841
07-03-2024,236.2258,Kotak Bluechip,120841
06-03-2024,235.9664,Kotak Bluechip,120841
05-03-2024,237.785,Kotak Bluechip,120841
04-03-2024,237.4278,Kotak Bluechip,120841
01-03-2024,231.8163,Kotak Bluechip,120841
29-02-2024,228.3154,Kotak Bluechip,120841
28-02-2024,227.1551,Kotak Bluechip,120841
27-02-2024,230.4211,Kotak Bluechip,120841
26-02-2024,231.8795,Kotak Bluechip,120841
23-02-2024,233.061,Kotak Bluechip,120841
22-02-2024,232.5025,Kotak Bluechip,120841
21-02-2024,229.8352,Kotak Bluechip,120841
20-02-2024,232.8586,Kotak Bluechip,120841
19-02-2024,233.2058,Kotak Bluechip,120841
16-02-2024,231.4292,Kotak Bluechip,120841
15-02-2024,230.8369,Kotak Bluechip,120841
14-02-2024,226.8667,Kotak Bluechip,120841
13-02-2024,224.633,Kotak Bluechip,120841
12-02-2024,223.6698,Kotak Bluechip,120841
09-02-2024,229.718,Kotak Bluechip,120841
08-02-2024,230.7531,Kotak Bluechip,120841
07-02-2024,230.5055,Kotak Bluechip,120841
06-02-2024,229.7084,Kotak Bluechip,120841
05-02-2024,227.471,Kotak Bluechip,120841
02-02-2024,224.8078,Kotak Bluechip,120841
01-02-2024,221.5425,Kotak Bluechip,120841
31-01-2024,222.4922,Kotak Bluechip,120841
30-01-2024,220.0328,Kotak Bluechip,120841
29-01-2024,221.2243,Kotak Bluechip,120841
25-01-2024,216.4988,Kotak Bluechip,120841
24-01-2024,214.264,Kotak Bluechip,120841
23-01-2024,210.7529,Kotak Bluechip,120841
19-01-2024,217.1791,Kotak Bluechip,120841
18-01-2024,212.8968,Kotak Bluechip,120841
17-01-2024,209.5256,Kotak Bluechip,120841
16-01-2024,212.2606,Kotak Bluechip,120841
15-01-2024,213.8548,Kotak Bluechip,120841
12-01-2024,211.1379,Kotak Bluechip,120841
11-01-2024,210.0325,Kotak Bluechip,120841
10-01-2024,208.8334,Kotak Bluechip,120841
09-01-2024,208.2746,Kotak Bluechip,120841
08-01-2024,207.5449,Kotak Bluechip,120841
05-01-2024,210.1649,Kotak Bluechip,120841
04-01-2024,210.044,Kotak Bluechip,120841
03-01-2024,207.2425,Kotak Bluechip,120841
02-01-2024,206.992,Kotak Bluechip,120841
01-01-2024,205.9027,Kotak Bluechip,120841
29-12-2023,204.9528,Kotak Bluechip,120841
28-12-2023,204.9905,Kotak Bluechip,120841
27-12-2023,201.6236,Kotak Bluechip,120841
26-12-2023,201.2701,Kotak Bluechip,120841
22-12-2023,200.7116,Kotak Bluechip,120841
21-12-2023,200.3601,Kotak Bluechip,120841
20-12-2023,195.5966,Kotak Bluechip,120841
19-12-2023,202.1036,Kotak Bluechip,120841
18-12-2023,202.5117,Kotak Bluechip,120841
15-12-2023,201.5599,Kotak Bluechip,120841
14-12-2023,200.3266,Kotak Bluechip,120841
13-12-2023,198.1083,Kotak Bluechip,120841
12-12-2023,197.3596,Kotak Bluechip,120841
11-12-2023,199.035,Kotak Bluechip,120841
08-12-2023,197.9955,Kotak Bluechip,120841
07-12-2023,200.4017,Kotak Bluechip,120841
06-12-2023,198.8836,Kotak Bluechip,120841
05-12-2023,198.5721,Kotak Bluechip,120841
04-12-2023,197.1594,Kotak Bluechip,120841
01-12-2023,195.4307,Kotak Bluechip,120841
30-11-2023,193.1175,Kotak Bluechip,120841
29-11-2023,191.4374,Kotak Bluechip,120841
28-11-2023,190.1236,Kotak Bluechip,120841
24-11-2023,188.3907,Kotak Bluechip,120841
23-11-2023,187.2964,Kotak Bluechip,120841
22-11-2023,187.7058,Kotak Bluechip,120841
21-11-2023,187.9369,Kotak Bluechip,120841
20-11-2023,187.4619,Kotak Bluechip,120841
17-11-2023,187.8988,Kotak Bluechip,120841
16-11-2023,188.056,Kotak Bluechip,120841
15-11-2023,186.2844,Kotak Bluechip,120841
13-11-2023,185.9812,Kotak Bluechip,120841
10-11-2023,184.5793,Kotak Bluechip,120841
09-11-2023,184.0495,Kotak Bluechip,120841
08-11-2023,184.4927,Kotak Bluechip,120841
07-11-2023,182.9201,Kotak Bluechip,120841
06-11-2023,182.0635,Kotak Bluechip,120841
03-11-2023,180.4761,Kotak Bluechip,120841
02-11-2023,179.9886,Kotak Bluechip,120841
01-11-2023,176.6655,Kotak Bluechip,120841
31-10-2023,176.4723,Kotak Bluechip,120841
30-10-2023,176.3726,Kotak Bluechip,120841
27-10-2023,175.7887,Kotak Bluechip,120841
26-10-2023,173.6302,Kotak Bluechip,120841
25-10-2023,174.6533,Kotak Bluechip,120841
23-10-2023,175.6322,Kotak Bluechip,120841
20-10-2023,180.2728,Kotak Bluechip,120841
19-10-2023,182.8728,Kotak Bluechip,120841
18-10-2023,182.6142,Kotak Bluechip,120841
17-10-2023,184.7153,Kotak Bluechip,120841
16-10-2023,184.1322,Kotak Bluechip,120841
13-10-2023,183.7232,Kotak Bluechip,120841
12-10-2023,184.6935,Kotak Bluechip,120841
11-10-2023,181.7082,Kotak Bluechip,120841
10-10-2023,180.4485,Kotak Bluechip,120841
09-10-2023,177.6778,Kotak Bluechip,120841
06-10-2023,180.1273,Kotak Bluechip,120841
05-10-2023,179.3514,Kotak Bluechip,120841
04-10-2023,179.6064,Kotak Bluechip,120841
03-10-2023,182.3246,Kotak Bluechip,120841
29-09-2023,182.3211,Kotak Bluechip,120841
27-09-2023,182.1994,Kotak Bluechip,120841
26-09-2023,180.7082,Kotak Bluechip,120841
25-09-2023,180.2127,Kotak Bluechip,120841
22-09-2023,178.4228,Kotak Bluechip,120841
21-09-2023,178.7128,Kotak Bluechip,120841
20-09-2023,179.8008,Kotak Bluechip,120841
18-09-2023,181.3955,Kotak Bluechip,120841
15-09-2023,181.8206,Kotak Bluechip,120841
14-09-2023,181.7795,Kotak Bluechip,120841
13-09-2023,180.7573,Kotak Bluechip,120841
12-09-2023,178.5377,Kotak Bluechip,120841
11-09-2023,182.7023,Kotak Bluechip,120841
08-09-2023,180.5312,Kotak Bluechip,120841
07-09-2023,179.0615,Kotak Bluechip,120841
06-09-2023,178.4506,Kotak Bluechip,120841
05-09-2023,179.1531,Kotak Bluechip,120841
04-09-2023,177.596,Kotak Bluechip,120841
01-09-2023,175.3529,Kotak Bluechip,120841
31-08-2023,172.7257,Kotak Bluechip,120841
30-08-2023,172.8789,Kotak Bluechip,120841
29-08-2023,171.7431,Kotak Bluechip,120841
28-08-2023,171.586,Kotak Bluechip,120841
25-08-2023,170.4103,Kotak Bluechip,120841
24-08-2023,171.3185,Kotak Bluechip,120841
23-08-2023,172.3817,Kotak Bluechip,120841
22-08-2023,172.4517,Kotak Bluechip,120841
21-08-2023,171.144,Kotak Bluechip,120841
18-08-2023,170.2542,Kotak Bluechip,120841
17-08-2023,170.2875,Kotak Bluechip,120841
16-08-2023,169.9728,Kotak Bluechip,120841
14-08-2023,169.3751,Kotak Bluechip,120841
11-08-2023,170.0636,Kotak Bluechip,120841
10-08-2023,170.7599,Kotak Bluechip,120841
09-08-2023,170.3286,Kotak Bluechip,120841
08-08-2023,169.607,Kotak Bluechip,120841
07-08-2023,168.9046,Kotak Bluechip,120841
04-08-2023,168.0284,Kotak Bluechip,120841
03-08-2023,167.6171,Kotak Bluechip,120841
02-08-2023,167.2217,Kotak Bluechip,120841
01-08-2023,170.487,Kotak Bluechip,120841
31-07-2023,171.122,Kotak Bluechip,120841
28-07-2023,170.6053,Kotak Bluechip,120841
27-07-2023,169.3005,Kotak Bluechip,120841
26-07-2023,168.3166,Kotak Bluechip,120841
25-07-2023,165.269,Kotak Bluechip,120841
24-07-2023,164.4436,Kotak Bluechip,120841
21-07-2023,164.2707,Kotak Bluechip,120841
20-07-2023,164.8306,Kotak Bluechip,120841
19-07-2023,164.0955,Kotak Bluechip,120841
18-07-2023,162.7716,Kotak Bluechip,120841
17-07-2023,163.2076,Kotak Bluechip,120841
14-07-2023,161.9301,Kotak Bluechip,120841
13-07-2023,159.8087,Kotak Bluechip,120841
12-07-2023,161.5415,Kotak Bluechip,120841
11-07-2023,161.057,Kotak Bluechip,120841
10-07-2023,160.0343,Kotak Bluechip,120841
07-07-2023,160.1835,Kotak Bluechip,120841
06-07-2023,160.4979,Kotak Bluechip,120841
05-07-2023,159.31,Kotak Bluechip,120841
04-07-2023,158.4254,Kotak Bluechip,120841
03-07-2023,158.3986,Kotak Bluechip,120841
30-06-2023,156.8776,Kotak Bluechip,120841
28-06-2023,155.6911,Kotak Bluechip,120841
27-06-2023,154.6907,Kotak Bluechip,120841
26-06-2023,153.8963,Kotak Bluechip,120841
23-06-2023,153.1875,Kotak Bluechip,120841
22-06-2023,154.5586,Kotak Bluechip,120841
21-06-2023,156.3535,Kotak Bluechip,120841
20-06-2023,154.9588,Kotak Bluechip,120841
19-06-2023,154.5752,Kotak Bluechip,120841
16-06-2023,154.8056,Kotak Bluechip,120841
15-06-2023,153.6912,Kotak Bluechip,120841
14-06-2023,154.3517,Kotak Bluechip,120841
13-06-2023,153.7676,Kotak Bluechip,120841
12-06-2023,151.3219,Kotak Bluechip,120841
09-06-2023,150.4985,Kotak Bluechip,120841
08-06-2023,150.4792,Kotak Bluechip,120841
07-06-2023,151.5583,Kotak Bluechip,120841
06-06-2023,149.9541,Kotak Bluechip,120841
05-06-2023,149.8771,Kotak Bluechip,120841
02-06-2023,149.2749,Kotak Bluechip,120841
01-06-2023,148.8214,Kotak Bluechip,120841
31-05-2023,148.2521,Kotak Bluechip,120841
30-05-2023,148.2581,Kotak Bluechip,120841
29-05-2023,147.2131,Kotak Bluechip,120841
26-05-2023,146.9907,Kotak Bluechip,120841
25-05-2023,145.579,Kotak Bluechip,120841
24-05-2023,145.2001,Kotak Bluechip,120841
23-05-2023,145.2943,Kotak Bluechip,120841
22-05-2023,145.2982,Kotak Bluechip,120841
19-05-2023,144.5852,Kotak Bluechip,120841
18-05-2023,144.5564,Kotak Bluechip,120841
17-05-2023,145.5436,Kotak Bluechip,120841
16-05-2023,146.0016,Kotak Bluechip,120841
15-05-2023,146.1892,Kotak Bluechip,120841
12-05-2023,145.3671,Kotak Bluechip,120841
11-05-2023,146.0869,Kotak Bluechip,120841
10-05-2023,146.4076,Kotak Bluechip,120841
09-05-2023,146.9646,Kotak Bluechip,120841
08-05-2023,147.3298,Kotak Bluechip,120841
05-05-2023,146.2396,Kotak Bluechip,120841
04-05-2023,148.1713,Kotak Bluechip,120841
03-05-2023,146.9304,Kotak Bluechip,120841
02-05-2023,147.4707,Kotak Bluechip,120841
28-04-2023,146.3658,Kotak Bluechip,120841
27-04-2023,143.9685,Kotak Bluechip,120841
26-04-2023,143.8899,Kotak Bluechip,120841
25-04-2023,143.2685,Kotak Bluechip,120841
24-04-2023,143.0605,Kotak Bluechip,120841
21-04-2023,142.112,Kotak Bluechip,120841
20-04-2023,142.8697,Kotak Bluechip,120841
19-04-2023,142.7704,Kotak Bluechip,120841
18-04-2023,142.8466,Kotak Bluechip,120841
17-04-2023,142.8324,Kotak Bluechip,120841
13-04-2023,142.5051,Kotak Bluechip,120841
12-04-2023,142.1034,Kotak Bluechip,120841
11-04-2023,141.9336,Kotak Bluechip,120841
10-04-2023,141.253,Kotak Bluechip,120841
06-04-2023,140.8973,Kotak Bluechip,120841
05-04-2023,140.1858,Kotak Bluechip,120841
03-04-2023,140.0803,Kotak Bluechip,120841
31-03-2023,139.1977,Kotak Bluechip,120841
29-03-2023,137.2099,Kotak Bluechip,120841
28-03-2023,134.8072,Kotak Bluechip,120841
27-03-2023,135.0155,Kotak Bluechip,120841
24-03-2023,135.3902,Kotak Bluechip,120841
23-03-2023,136.7699,Kotak Bluechip,120841
22-03-2023,137.8024,Kotak Bluechip,120841
21-03-2023,137.424,Kotak Bluechip,120841
20-03-2023,136.2904,Kotak Bluechip,120841
17-03-2023,137.9719,Kotak Bluechip,120841
16-03-2023,137.7193,Kotak Bluechip,120841
15-03-2023,137.8601,Kotak Bluechip,120841
14-03-2023,137.9846,Kotak Bluechip,120841
13-03-2023,139.6585,Kotak Bluechip,120841
10-03-2023,142.5247,Kotak Bluechip,120841
09-03-2023,144.0023,Kotak Bluechip,120841
08-03-2023,144.8362,Kotak Bluechip,120841
06-03-2023,143.9738,Kotak Bluechip,120841
03-03-2023,143.2378,Kotak Bluechip,120841
02-03-2023,141.2125,Kotak Bluechip,120841
01-03-2023,141.0957,Kotak Bluechip,120841
28-02-2023,139.4266,Kotak Bluechip,120841
27-02-2023,139.1144,Kotak Bluechip,120841
24-02-2023,139.7942,Kotak Bluechip,120841
23-02-2023,141.2408,Kotak Bluechip,120841
22-02-2023,141.1745,Kotak Bluechip,120841
21-02-2023,142.6417,Kotak Bluechip,120841
20-02-2023,143.177,Kotak Bluechip,120841
17-02-2023,143.2164,Kotak Bluechip,120841
16-02-2023,144.3178,Kotak Bluechip,120841
15-02-2023,143.1622,Kotak Bluechip,120841
14-02-2023,141.9587,Kotak Bluechip,120841
13-02-2023,141.6187,Kotak Bluechip,120841
10-02-2023,142.8888,Kotak Bluechip,120841
09-02-2023,142.1272,Kotak Bluechip,120841
08-02-2023,142.2113,Kotak Bluechip,120841
07-02-2023,141.3997,Kotak Bluechip,120841
06-02-2023,142.1399,Kotak Bluechip,120841
03-02-2023,141.8329,Kotak Bluechip,120841
02-02-2023,141.4343,Kotak Bluechip,120841
01-02-2023,141.189,Kotak Bluechip,120841
31-01-2023,144.6578,Kotak Bluechip,120841
30-01-2023,141.1836,Kotak Bluechip,120841
27-01-2023,141.3707,Kotak Bluechip,120841
25-01-2023,146.0043,Kotak Bluechip,120841
24-01-2023,149.1414,Kotak Bluechip,120841
23-01-2023,150.2557,Kotak Bluechip,120841
20-01-2023,150.0517,Kotak Bluechip,120841
19-01-2023,150.8009,Kotak Bluechip,120841
18-01-2023,150.7411,Kotak Bluechip,120841
17-01-2023,150.919,Kotak Bluechip,120841
16-01-2023,151.418,Kotak Bluechip,120841
13-01-2023,151.2559,Kotak Bluechip,120841
12-01-2023,150.5384,Kotak Bluechip,120841
11-01-2023,151.3555,Kotak Bluechip,120841
10-01-2023,150.9817,Kotak Bluechip,120841
09-01-2023,152.2843,Kotak Bluechip,120841
06-01-2023,150.5603,Kotak Bluechip,120841
05-01-2023,151.8208,Kotak Bluechip,120841
04-01-2023,150.964,Kotak Bluechip,120841
03-01-2023,152.9569,Kotak Bluechip,120841
02-01-2023,152.1024,Kotak Bluechip,120841
30-12-2022,150.2585,Kotak Bluechip,120841
29-12-2022,148.6537,Kotak Bluechip,120841
28-12-2022,148.2089,Kotak Bluechip,120841
27-12-2022,148.0385,Kotak Bluechip,120841
26-12-2022,145.8291,Kotak Bluechip,120841
23-12-2022,140.3861,Kotak Bluechip,120841
22-12-2022,146.8345,Kotak Bluechip,120841
21-12-2022,148.566,Kotak Bluechip,120841
20-12-2022,152.0756,Kotak Bluechip,120841
19-12-2022,152.521,Kotak Bluechip,120841
16-12-2022,151.1821,Kotak Bluechip,120841
15-12-2022,153.8581,Kotak Bluechip,120841
14-12-2022,155.6215,Kotak Bluechip,120841
13-12-2022,155.1466,Kotak Bluechip,120841
12-12-2022,153.6017,Kotak Bluechip,120841
09-12-2022,152.6343,Kotak Bluechip,120841
08-12-2022,154.7371,Kotak Bluechip,120841
07-12-2022,152.6613,Kotak Bluechip,120841
06-12-2022,152.9156,Kotak Bluechip,120841
05-12-2022,153.079,Kotak Bluechip,120841
02-12-2022,152.3886,Kotak Bluechip,120841
01-12-2022,151.3128,Kotak Bluechip,120841
30-11-2022,149.665,Kotak Bluechip,120841
29-11-2022,149.7115,Kotak Bluechip,120841
28-11-2022,149.9924,Kotak Bluechip,120841
25-11-2022,149.2333,Kotak Bluechip,120841
24-11-2022,147.5941,Kotak Bluechip,120841
23-11-2022,147.0259,Kotak Bluechip,120841
22-11-2022,146.2966,Kotak Bluechip,120841
21-11-2022,145.1487,Kotak Bluechip,120841
18-11-2022,144.3165,Kotak Bluechip,120841
17-11-2022,144.0831,Kotak Bluechip,120841
16-11-2022,144.3685,Kotak Bluechip,120841
15-11-2022,145.8004,Kotak Bluechip,120841
14-11-2022,145.9642,Kotak Bluechip,120841
11-11-2022,146.303,Kotak Bluechip,120841
10-11-2022,146.8062,Kotak Bluechip,120841
09-11-2022,147.5742,Kotak Bluechip,120841
07-11-2022,146.1047,Kotak Bluechip,120841
04-11-2022,145.65,Kotak Bluechip,120841
03-11-2022,145.4311,Kotak Bluechip,120841
02-11-2022,144.3572,Kotak Bluechip,120841
01-11-2022,144.4554,Kotak Bluechip,120841
31-10-2022,144.5066,Kotak Bluechip,120841
28-10-2022,143.3029,Kotak Bluechip,120841
27-10-2022,143.6154,Kotak Bluechip,120841
25-10-2022,142.4703,Kotak Bluechip,120841
21-10-2022,141.3402,Kotak Bluechip,120841
20-10-2022,142.4291,Kotak Bluechip,120841
19-10-2022,142.1461,Kotak Bluechip,120841
18-10-2022,142.0911,Kotak Bluechip,120841
17-10-2022,140.1157,Kotak Bluechip,120841
14-10-2022,139.0192,Kotak Bluechip,120841
13-10-2022,139.159,Kotak Bluechip,120841
12-10-2022,140.5843,Kotak Bluechip,120841
11-10-2022,139.2999,Kotak Bluechip,120841
10-10-2022,142.0986,Kotak Bluechip,120841
07-10-2022,142.9606,Kotak Bluechip,120841
06-10-2022,142.8724,Kotak Bluechip,120841
04-10-2022,141.5815,Kotak Bluechip,120841
03-10-2022,137.917,Kotak Bluechip,120841
30-09-2022,140.7102,Kotak Bluechip,120841
29-09-2022,138.4288,Kotak Bluechip,120841
28-09-2022,137.5252,Kotak Bluechip,120841
27-09-2022,139.239,Kotak Bluechip,120841
26-09-2022,138.9011,Kotak Bluechip,120841
23-09-2022,143.7564,Kotak Bluechip,120841
22-09-2022,147.0275,Kotak Bluechip,120841
21-09-2022,147.089,Kotak Bluechip,120841
20-09-2022,148.0999,Kotak Bluechip,120841
19-09-2022,146.4419,Kotak Bluechip,120841
16-09-2022,144.6279,Kotak Bluechip,120841
15-09-2022,148.0874,Kotak Bluechip,120841
14-09-2022,147.7233,Kotak Bluechip,120841
13-09-2022,147.0281,Kotak Bluechip,120841
12-09-2022,146.6505,Kotak Bluechip,120841
09-09-2022,145.2952,Kotak Bluechip,120841
08-09-2022,144.5818,Kotak Bluechip,120841
07-09-2022,143.2948,Kotak Bluechip,120841
06-09-2022,142.6098,Kotak Bluechip,120841
05-09-2022,142.5414,Kotak Bluechip,120841
02-09-2022,141.5479,Kotak Bluechip,120841
01-09-2022,140.3487,Kotak Bluechip,120841
30-08-2022,139.8072,Kotak Bluechip,120841
29-08-2022,137.4254,Kotak Bluechip,120841
26-08-2022,138.0588,Kotak Bluechip,120841
25-08-2022,136.5525,Kotak Bluechip,120841
24-08-2022,137.2337,Kotak Bluechip,120841
23-08-2022,135.7256,Kotak Bluechip,120841
22-08-2022,134.4195,Kotak Bluechip,120841
19-08-2022,135.94,Kotak Bluechip,120841
18-08-2022,136.2458,Kotak Bluechip,120841
17-08-2022,136.0795,Kotak Bluechip,120841
16-08-2022,136.1543,Kotak Bluechip,120841
12-08-2022,134.4421,Kotak Bluechip,120841
11-08-2022,134.6731,Kotak Bluechip,120841
10-08-2022,133.684,Kotak Bluechip,120841
08-08-2022,134.0048,Kotak Bluechip,120841
05-08-2022,133.3098,Kotak Bluechip,120841
04-08-2022,132.7787,Kotak Bluechip,120841
03-08-2022,133.9674,Kotak Bluechip,120841
02-08-2022,134.5169,Kotak Bluechip,120841
01-08-2022,134.3873,Kotak Bluechip,120841
29-07-2022,132.6375,Kotak Bluechip,120841
28-07-2022,131.0739,Kotak Bluechip,120841
27-07-2022,130.9163,Kotak Bluechip,120841
26-07-2022,129.8095,Kotak Bluechip,120841
25-07-2022,130.5051,Kotak Bluechip,120841
22-07-2022,130.4869,Kotak Bluechip,120841
21-07-2022,130.3175,Kotak Bluechip,120841
20-07-2022,128.3494,Kotak Bluechip,120841
19-07-2022,128.5486,Kotak Bluechip,120841
18-07-2022,127.6418,Kotak Bluechip,120841
15-07-2022,125.9286,Kotak Bluechip,120841
14-07-2022,125.1583,Kotak Bluechip,120841
13-07-2022,125.9255,Kotak Bluechip,120841
12-07-2022,126.1713,Kotak Bluechip,120841
11-07-2022,126.5195,Kotak Bluechip,120841
08-07-2022,125.3723,Kotak Bluechip,120841
07-07-2022,125.0387,Kotak Bluechip,120841
06-07-2022,123.1503,Kotak Bluechip,120841
05-07-2022,121.5446,Kotak Bluechip,120841
04-07-2022,121.6048,Kotak Bluechip,120841
01-07-2022,120.3586,Kotak Bluechip,120841
30-06-2022,119.9835,Kotak Bluechip,120841
29-06-2022,121.3045,Kotak Bluechip,120841
28-06-2022,121.3901,Kotak Bluechip,120841
27-06-2022,120.9324,Kotak Bluechip,120841
24-06-2022,119.9259,Kotak Bluechip,120841
23-06-2022,118.0699,Kotak Bluechip,120841
22-06-2022,116.656,Kotak Bluechip,120841
21-06-2022,119.1233,Kotak Bluechip,120841
20-06-2022,115.4594,Kotak Bluechip,120841
17-06-2022,117.286,Kotak Bluechip,120841
16-06-2022,117.8647,Kotak Bluechip,120841
15-06-2022,120.9835,Kotak Bluechip,120841
14-06-2022,121.4934,Kotak Bluechip,120841
13-06-2022,121.5062,Kotak Bluechip,120841
10-06-2022,125.7057,Kotak Bluechip,120841
09-06-2022,126.4198,Kotak Bluechip,120841
08-06-2022,125.6039,Kotak Bluechip,120841
07-06-2022,126.1756,Kotak Bluechip,120841
06-06-2022,126.8011,Kotak Bluechip,120841
03-06-2022,127.1436,Kotak Bluechip,120841
02-06-2022,128.9305,Kotak Bluechip,120841
01-06-2022,127.7555,Kotak Bluechip,120841
31-05-2022,127.6661,Kotak Bluechip,120841
30-05-2022,128.3099,Kotak Bluechip,120841
27-05-2022,125.3669,Kotak Bluechip,120841
26-05-2022,123.7339,Kotak Bluechip,120841
25-05-2022,122.4912,Kotak Bluechip,120841
24-05-2022,125.0677,Kotak Bluechip,120841
23-05-2022,126.5524,Kotak Bluechip,120841
20-05-2022,127.5141,Kotak Bluechip,120841
19-05-2022,123.9027,Kotak Bluechip,120841
18-05-2022,127.1144,Kotak Bluechip,120841
17-05-2022,126.9614,Kotak Bluechip,120841
16-05-2022,123.2696,Kotak Bluechip,120841
13-05-2022,120.7455,Kotak Bluechip,120841
12-05-2022,120.1196,Kotak Bluechip,120841
11-05-2022,122.6652,Kotak Bluechip,120841
10-05-2022,124.5986,Kotak Bluechip,120841
09-05-2022,127.1131,Kotak Bluechip,120841
06-05-2022,129.5722,Kotak Bluechip,120841
05-05-2022,130.9687,Kotak Bluechip,120841
04-05-2022,130.5776,Kotak Bluechip,120841
02-05-2022,135.1252,Kotak Bluechip,120841
29-04-2022,135.4238,Kotak Bluechip,120841
28-04-2022,136.1467,Kotak Bluechip,120841
27-04-2022,135.4855,Kotak Bluechip,120841
26-04-2022,135.9278,Kotak Bluechip,120841
25-04-2022,133.3753,Kotak Bluechip,120841
22-04-2022,136.7078,Kotak Bluechip,120841
21-04-2022,138.0841,Kotak Bluechip,120841
20-04-2022,136.0407,Kotak Bluechip,120841
19-04-2022,136.215,Kotak Bluechip,120841
18-04-2022,138.4153,Kotak Bluechip,120841
13-04-2022,139.5462,Kotak Bluechip,120841
12-04-2022,140.066,Kotak Bluechip,120841
11-04-2022,141.742,Kotak Bluechip,120841
08-04-2022,141.3035,Kotak Bluechip,120841
07-04-2022,138.7343,Kotak Bluechip,120841
06-04-2022,139.2868,Kotak Bluechip,120841
05-04-2022,138.396,Kotak Bluechip,120841
04-04-2022,138.1757,Kotak Bluechip,120841
01-04-2022,137.1696,Kotak Bluechip,120841
31-03-2022,135.6836,Kotak Bluechip,120841
30-03-2022,134.3213,Kotak Bluechip,120841
29-03-2022,132.7146,Kotak Bluechip,120841
28-03-2022,130.1468,Kotak Bluechip,120841
25-03-2022,130.6546,Kotak Bluechip,120841
24-03-2022,130.0787,Kotak Bluechip,120841
23-03-2022,127.2515,Kotak Bluechip,120841
22-03-2022,126.368,Kotak Bluechip,120841
21-03-2022,126.3259,Kotak Bluechip,120841
17-03-2022,125.8022,Kotak Bluechip,120841
16-03-2022,124.5593,Kotak Bluechip,120841
15-03-2022,122.4305,Kotak Bluechip,120841
14-03-2022,122.8303,Kotak Bluechip,120841
11-03-2022,122.6214,Kotak Bluechip,120841
10-03-2022,122.1145,Kotak Bluechip,120841
09-03-2022,121.8261,Kotak Bluechip,120841
08-03-2022,118.3143,Kotak Bluechip,120841
07-03-2022,116.5848,Kotak Bluechip,120841
04-03-2022,118.5841,Kotak Bluechip,120841
03-03-2022,121.306,Kotak Bluechip,120841
02-03-2022,120.9498,Kotak Bluechip,120841
28-02-2022,121.3314,Kotak Bluechip,120841
25-02-2022,120.143,Kotak Bluechip,120841
24-02-2022,115.354,Kotak Bluechip,120841
23-02-2022,122.4841,Kotak Bluechip,120841
22-02-2022,122.14,Kotak Bluechip,120841
21-02-2022,124.0226,Kotak Bluechip,120841
18-02-2022,125.0481,Kotak Bluechip,120841
17-02-2022,126.1227,Kotak Bluechip,120841
16-02-2022,126.5886,Kotak Bluechip,120841
15-02-2022,126.5317,Kotak Bluechip,120841
14-02-2022,123.3325,Kotak Bluechip,120841
11-02-2022,128.1104,Kotak Bluechip,120841
10-02-2022,130.321,Kotak Bluechip,120841
09-02-2022,129.718,Kotak Bluechip,120841
08-02-2022,128.2557,Kotak Bluechip,120841
07-02-2022,129.3986,Kotak Bluechip,120841
04-02-2022,130.6492,Kotak Bluechip,120841
03-02-2022,131.6462,Kotak Bluechip,120841
02-02-2022,132.0523,Kotak Bluechip,120841
01-02-2022,129.7313,Kotak Bluechip,120841
31-01-2022,128.1208,Kotak Bluechip,120841
28-01-2022,126.2127,Kotak Bluechip,120841
27-01-2022,124.5614,Kotak Bluechip,120841
25-01-2022,124.1798,Kotak Bluechip,120841
24-01-2022,122.3992,Kotak Bluechip,120841
21-01-2022,126.9673,Kotak Bluechip,120841
20-01-2022,129.1206,Kotak Bluechip,120841
19-01-2022,129.4117,Kotak Bluechip,120841
18-01-2022,129.7285,Kotak Bluechip,120841
17-01-2022,131.6676,Kotak Bluechip,120841
14-01-2022,131.3247,Kotak Bluechip,120841
13-01-2022,130.9552,Kotak Bluechip,120841
12-01-2022,130.4142,Kotak Bluechip,120841
11-01-2022,128.9376,Kotak Bluechip,120841
10-01-2022,128.6834,Kotak Bluechip,120841
07-01-2022,126.9977,Kotak Bluechip,120841
06-01-2022,127.2091,Kotak Bluechip,120841
05-01-2022,127.2368,Kotak Bluechip,120841
04-01-2022,126.4906,Kotak Bluechip,120841
03-01-2022,126.5068,Kotak Bluechip,120841
31-12-2021,125.2807,Kotak Bluechip,120841
30-12-2021,123.8013,Kotak Bluechip,120841
29-12-2021,124.4717,Kotak Bluechip,120841
28-12-2021,124.576,Kotak Bluechip,120841
27-12-2021,123.3188,Kotak Bluechip,120841
24-12-2021,122.874,Kotak Bluechip,120841
23-12-2021,124.1931,Kotak Bluechip,120841
22-12-2021,123.2628,Kotak Bluechip,120841
21-12-2021,121.795,Kotak Bluechip,120841
20-12-2021,119.71,Kotak Bluechip,120841
17-12-2021,123.6749,Kotak Bluechip,120841
16-12-2021,127.2077,Kotak Bluechip,120841
15-12-2021,128.0305,Kotak Bluechip,120841
14-12-2021,129.4064,Kotak Bluechip,120841
13-12-2021,130.5165,Kotak Bluechip,120841
10-12-2021,130.5146,Kotak Bluechip,120841
09-12-2021,128.936,Kotak Bluechip,120841
08-12-2021,127.8777,Kotak Bluechip,120841
07-12-2021,125.9046,Kotak Bluechip,120841
06-12-2021,123.5684,Kotak Bluechip,120841
03-12-2021,125.6791,Kotak Bluechip,120841
02-12-2021,126.1115,Kotak Bluechip,120841
01-12-2021,125.2689,Kotak Bluechip,120841
30-11-2021,123.2882,Kotak Bluechip,120841
29-11-2021,123.4947,Kotak Bluechip,120841
26-11-2021,124.5182,Kotak Bluechip,120841
25-11-2021,127.3085,Kotak Bluechip,120841
24-11-2021,126.7601,Kotak Bluechip,120841
23-11-2021,126.6971,Kotak Bluechip,120841
22-11-2021,124.8428,Kotak Bluechip,120841
18-11-2021,127.7737,Kotak Bluechip,120841
17-11-2021,127.615,Kotak Bluechip,120841
16-11-2021,128.2358,Kotak Bluechip,120841
15-11-2021,127.9441,Kotak Bluechip,120841
12-11-2021,127.8162,Kotak Bluechip,120841
11-11-2021,126.7011,Kotak Bluechip,120841
10-11-2021,128.5292,Kotak Bluechip,120841
09-11-2021,129.4627,Kotak Bluechip,120841
08-11-2021,126.5553,Kotak Bluechip,120841
03-11-2021,123.9671,Kotak Bluechip,120841
02-11-2021,124.3528,Kotak Bluechip,120841
01-11-2021,122.3731,Kotak Bluechip,120841
29-10-2021,121.125,Kotak Bluechip,120841
28-10-2021,120.5865,Kotak Bluechip,120841
27-10-2021,125.1766,Kotak Bluechip,120841
26-10-2021,124.2359,Kotak Bluechip,120841
25-10-2021,122.3886,Kotak Bluechip,120841
22-10-2021,123.5795,Kotak Bluechip,120841
21-10-2021,124.0566,Kotak Bluechip,120841
20-10-2021,123.8136,Kotak Bluechip,120841
19-10-2021,125.353,Kotak Bluechip,120841
18-10-2021,128.1334,Kotak Bluechip,120841
14-10-2021,128.1077,Kotak Bluechip,120841
13-10-2021,126.7329,Kotak Bluechip,120841
12-10-2021,125.3865,Kotak Bluechip,120841
11-10-2021,125.0833,Kotak Bluechip,120841
08-10-2021,124.4168,Kotak Bluechip,120841
07-10-2021,123.9085,Kotak Bluechip,120841
06-10-2021,121.0031,Kotak Bluechip,120841
05-10-2021,122.8085,Kotak Bluechip,120841
04-10-2021,121.3677,Kotak Bluechip,120841
01-10-2021,119.6067,Kotak Bluechip,120841
30-09-2021,119.6375,Kotak Bluechip,120841
29-09-2021,119.5144,Kotak Bluechip,120841
28-09-2021,118.9551,Kotak Bluechip,120841
27-09-2021,120.5259,Kotak Bluechip,120841
24-09-2021,120.4051,Kotak Bluechip,120841
23-09-2021,121.3543,Kotak Bluechip,120841
22-09-2021,119.0567,Kotak Bluechip,120841
21-09-2021,116.8253,Kotak Bluechip,120841
20-09-2021,116.2739,Kotak Bluechip,120841
17-09-2021,118.2959,Kotak Bluechip,120841
16-09-2021,120.0889,Kotak Bluechip,120841
15-09-2021,120.1809,Kotak Bluechip,120841
14-09-2021,119.6825,Kotak Bluechip,120841
13-09-2021,118.0007,Kotak Bluechip,120841
09-09-2021,117.5904,Kotak Bluechip,120841
08-09-2021,117.2561,Kotak Bluechip,120841
07-09-2021,117.1723,Kotak Bluechip,120841
06-09-2021,118.4129,Kotak Bluechip,120841
03-09-2021,118.3232,Kotak Bluechip,120841
02-09-2021,116.8384,Kotak Bluechip,120841
01-09-2021,115.819,Kotak Bluechip,120841
31-08-2021,115.0803,Kotak Bluechip,120841
30-08-2021,114.5617,Kotak Bluechip,120841
27-08-2021,112.8523,Kotak Bluechip,120841
26-08-2021,111.3224,Kotak Bluechip,120841
25-08-2021,111.2587,Kotak Bluechip,120841
24-08-2021,110.7465,Kotak Bluechip,120841
23-08-2021,108.5636,Kotak Bluechip,120841
20-08-2021,110.1044,Kotak Bluechip,120841
18-08-2021,112.2595,Kotak Bluechip,120841
17-08-2021,112.4596,Kotak Bluechip,120841
16-08-2021,112.9477,Kotak Bluechip,120841
13-08-2021,113.2091,Kotak Bluechip,120841
12-08-2021,113.4808,Kotak Bluechip,120841
11-08-2021,111.6255,Kotak Bluechip,120841
10-08-2021,111.3368,Kotak Bluechip,120841
09-08-2021,113.7666,Kotak Bluechip,120841
06-08-2021,115.0773,Kotak Bluechip,120841
05-08-2021,114.8914,Kotak Bluechip,120841
04-08-2021,116.3895,Kotak Bluechip,120841
03-08-2021,118.247,Kotak Bluechip,120841
02-08-2021,117.6043,Kotak Bluechip,120841
30-07-2021,116.2014,Kotak Bluechip,120841
29-07-2021,115.3692,Kotak Bluechip,120841
28-07-2021,114.8053,Kotak Bluechip,120841
27-07-2021,114.7306,Kotak Bluechip,120841
26-07-2021,114.6399,Kotak Bluechip,120841
23-07-2021,113.8497,Kotak Bluechip,120841
22-07-2021,114.4246,Kotak Bluechip,120841
20-07-2021,112.6394,Kotak Bluechip,120841
19-07-2021,114.5825,Kotak Bluechip,120841
16-07-2021,114.8708,Kotak Bluechip,120841
15-07-2021,113.9896,Kotak Bluechip,120841
14-07-2021,113.9917,Kotak Bluechip,120841
13-07-2021,113.1638,Kotak Bluechip,120841
12-07-2021,112.5196,Kotak Bluechip,120841
09-07-2021,112.6712,Kotak Bluechip,120841
08-07-2021,112.4426,Kotak Bluechip,120841
07-07-2021,113.5351,Kotak Bluechip,120841
06-07-2021,112.8844,Kotak Bluechip,120841
05-07-2021,112.5249,Kotak Bluechip,120841
02-07-2021,111.4249,Kotak Bluechip,120841
01-07-2021,110.3494,Kotak Bluechip,120841
30-06-2021,110.031,Kotak Bluechip,120841
29-06-2021,109.7662,Kotak Bluechip,120841
28-06-2021,110.4474,Kotak Bluechip,120841
25-06-2021,110.5951,Kotak Bluechip,120841
24-06-2021,109.1505,Kotak Bluechip,120841
23-06-2021,109.382,Kotak Bluechip,120841
22-06-2021,109.0671,Kotak Bluechip,120841
21-06-2021,108.33,Kotak Bluechip,120841
18-06-2021,107.7961,Kotak Bluechip,120841
17-06-2021,107.7813,Kotak Bluechip,120841
16-06-2021,108.9361,Kotak Bluechip,120841
15-06-2021,109.4685,Kotak Bluechip,120841
14-06-2021,109.3974,Kotak Bluechip,120841
11-06-2021,108.2812,Kotak Bluechip,120841
10-06-2021,107.8207,Kotak Bluechip,120841
09-06-2021,106.6064,Kotak Bluechip,120841
08-06-2021,107.8485,Kotak Bluechip,120841
07-06-2021,107.8234,Kotak Bluechip,120841
04-06-2021,106.6658,Kotak Bluechip,120841
03-06-2021,106.1394,Kotak Bluechip,120841
02-06-2021,105.6999,Kotak Bluechip,120841
01-06-2021,104.9083,Kotak Bluechip,120841
31-05-2021,105.8356,Kotak Bluechip,120841
28-05-2021,105.3639,Kotak Bluechip,120841
27-05-2021,104.8858,Kotak Bluechip,120841
26-05-2021,104.5778,Kotak Bluechip,120841
25-05-2021,104.7153,Kotak Bluechip,120841
24-05-2021,105.2387,Kotak Bluechip,120841
21-05-2021,104.4634,Kotak Bluechip,120841
20-05-2021,103.873,Kotak Bluechip,120841
19-05-2021,103.9913,Kotak Bluechip,120841
18-05-2021,103.9544,Kotak Bluechip,120841
17-05-2021,103.0522,Kotak Bluechip,120841
14-05-2021,101.9095,Kotak Bluechip,120841
12-05-2021,104.0749,Kotak Bluechip,120841
11-05-2021,103.9738,Kotak Bluechip,120841
10-05-2021,101.7622,Kotak Bluechip,120841
07-05-2021,99.8228,Kotak Bluechip,120841
06-05-2021,98.8142,Kotak Bluechip,120841
05-05-2021,98.0632,Kotak Bluechip,120841
04-05-2021,96.3119,Kotak Bluechip,120841
03-05-2021,96.3213,Kotak Bluechip,120841
30-04-2021,94.7152,Kotak Bluechip,120841
29-04-2021,94.9422,Kotak Bluechip,120841
28-04-2021,95.7304,Kotak Bluechip,120841
27-04-2021,95.2842,Kotak Bluechip,120841
26-04-2021,93.8119,Kotak Bluechip,120841
23-04-2021,93.2959,Kotak Bluechip,120841
22-04-2021,92.9617,Kotak Bluechip,120841
20-04-2021,91.9398,Kotak Bluechip,120841
19-04-2021,91.1552,Kotak Bluechip,120841
16-04-2021,92.2092,Kotak Bluechip,120841
15-04-2021,91.3154,Kotak Bluechip,120841
13-04-2021,91.6968,Kotak Bluechip,120841
12-04-2021,91.0016,Kotak Bluechip,120841
09-04-2021,95.195,Kotak Bluechip,120841
08-04-2021,93.6119,Kotak Bluechip,120841
07-04-2021,92.4212,Kotak Bluechip,120841
06-04-2021,91.8145,Kotak Bluechip,120841
05-04-2021,90.8865,Kotak Bluechip,120841
01-04-2021,90.4644,Kotak Bluechip,120841
31-03-2021,89.0426,Kotak Bluechip,120841
30-03-2021,89.5502,Kotak Bluechip,120841
26-03-2021,87.4733,Kotak Bluechip,120841
25-03-2021,86.5314,Kotak Bluechip,120841
24-03-2021,88.0379,Kotak Bluechip,120841
23-03-2021,89.6235,Kotak Bluechip,120841
22-03-2021,89.3146,Kotak Bluechip,120841
19-03-2021,88.3019,Kotak Bluechip,120841
18-03-2021,85.3837,Kotak Bluechip,120841
17-03-2021,85.7745,Kotak Bluechip,120841
16-03-2021,87.8189,Kotak Bluechip,120841
15-03-2021,87.2741,Kotak Bluechip,120841
12-03-2021,87.2898,Kotak Bluechip,120841
10-03-2021,87.4713,Kotak Bluechip,120841
09-03-2021,87.5484,Kotak Bluechip,120841
08-03-2021,87.5496,Kotak Bluechip,120841
05-03-2021,86.7431,Kotak Bluechip,120841
04-03-2021,88.2736,Kotak Bluechip,120841
03-03-2021,87.3625,Kotak Bluechip,120841
02-03-2021,86.9881,Kotak Bluechip,120841
01-03-2021,85.2498,Kotak Bluechip,120841
26-02-2021,83.5002,Kotak Bluechip,120841
25-02-2021,83.7388,Kotak Bluechip,120841
24-02-2021,82.0946,Kotak Bluechip,120841
23-02-2021,81.801,Kotak Bluechip,120841
22-02-2021,81.5641,Kotak Bluechip,120841
19-02-2021,82.2455,Kotak Bluechip,120841
18-02-2021,83.0797,Kotak Bluechip,120841
17-02-2021,83.0735,Kotak Bluechip,120841
16-02-2021,83.0116,Kotak Bluechip,120841
15-02-2021,83.2045,Kotak Bluechip,120841
12-02-2021,83.2503,Kotak Bluechip,120841
11-02-2021,83.362,Kotak Bluechip,120841
10-02-2021,83.4387,Kotak Bluechip,120841
09-02-2021,83.4124,Kotak Bluechip,120841
08-02-2021,83.0765,Kotak Bluechip,120841
05-02-2021,82.0774,Kotak Bluechip,120841
04-02-2021,82.3549,Kotak Bluechip,120841
03-02-2021,82.0092,Kotak Bluechip,120841
02-02-2021,80.7035,Kotak Bluechip,120841
01-02-2021,80.247,Kotak Bluechip,120841
29-01-2021,79.1266,Kotak Bluechip,120841
28-01-2021,79.5197,Kotak Bluechip,120841
27-01-2021,79.5643,Kotak Bluechip,120841
25-01-2021,81.1978,Kotak Bluechip,120841
22-01-2021,82.2957,Kotak Bluechip,120841
21-01-2021,83.4044,Kotak Bluechip,120841
20-01-2021,84.4445,Kotak Bluechip,120841
19-01-2021,84.8174,Kotak Bluechip,120841
18-01-2021,83.4649,Kotak Bluechip,120841
15-01-2021,84.9691,Kotak Bluechip,120841
14-01-2021,85.9377,Kotak Bluechip,120841
13-01-2021,85.51,Kotak Bluechip,120841
12-01-2021,85.5099,Kotak Bluechip,120841
11-01-2021,85.8252,Kotak Bluechip,120841
08-01-2021,85.6288,Kotak Bluechip,120841
07-01-2021,83.8689,Kotak Bluechip,120841
06-01-2021,84.3043,Kotak Bluechip,120841
05-01-2021,84.2546,Kotak Bluechip,120841
04-01-2021,83.323,Kotak Bluechip,120841
01-01-2021,82.3932,Kotak Bluechip,120841
31-12-2020,81.4326,Kotak Bluechip,120841
30-12-2020,81.2929,Kotak Bluechip,120841
29-12-2020,81.4013,Kotak Bluechip,120841
28-12-2020,81.1267,Kotak Bluechip,120841
24-12-2020,80.2602,Kotak Bluechip,120841
23-12-2020,79.6855,Kotak Bluechip,120841
22-12-2020,78.4177,Kotak Bluechip,120841
21-12-2020,77.0238,Kotak Bluechip,120841
18-12-2020,80.1387,Kotak Bluechip,120841
17-12-2020,79.1871,Kotak Bluechip,120841
16-12-2020,78.6263,Kotak Bluechip,120841
15-12-2020,78.3565,Kotak Bluechip,120841
14-12-2020,78.0139,Kotak Bluechip,120841
11-12-2020,77.5891,Kotak Bluechip,120841
10-12-2020,77.427,Kotak Bluechip,120841
09-12-2020,77.5729,Kotak Bluechip,120841
08-12-2020,77.2836,Kotak Bluechip,120841
07-12-2020,77.8069,Kotak Bluechip,120841
04-12-2020,76.5668,Kotak Bluechip,120841
03-12-2020,75.7648,Kotak Bluechip,120841
02-12-2020,75.2548,Kotak Bluechip,120841
01-12-2020,74.4241,Kotak Bluechip,120841
27-11-2020,72.6231,Kotak Bluechip,120841
26-11-2020,71.7821,Kotak Bluechip,120841
25-11-2020,71.1447,Kotak Bluechip,120841
24-11-2020,71.9309,Kotak Bluechip,120841
23-11-2020,71.0088,Kotak Bluechip,120841
20-11-2020,70.1959,Kotak Bluechip,120841
19-11-2020,70.0525,Kotak Bluechip,120841
18-11-2020,70.3177,Kotak Bluechip,120841
17-11-2020,69.9825,Kotak Bluechip,120841
13-11-2020,68.9702,Kotak Bluechip,120841
12-11-2020,68.6813,Kotak Bluechip,120841
11-11-2020,68.1997,Kotak Bluechip,120841
10-11-2020,68.1961,Kotak Bluechip,120841
09-11-2020,68.7861,Kotak Bluechip,120841
06-11-2020,68.6093,Kotak Bluechip,120841
05-11-2020,68.4809,Kotak Bluechip,120841
04-11-2020,66.9865,Kotak Bluechip,120841
03-11-2020,66.3515,Kotak Bluechip,120841
02-11-2020,66.0187,Kotak Bluechip,120841
30-10-2020,65.9,Kotak Bluechip,120841
29-10-2020,65.4769,Kotak Bluechip,120841
28-10-2020,65.1878,Kotak Bluechip,120841
27-10-2020,65.2039,Kotak Bluechip,120841
26-10-2020,65.0052,Kotak Bluechip,120841
23-10-2020,65.8442,Kotak Bluechip,120841
22-10-2020,65.4607,Kotak Bluechip,120841
21-10-2020,65.1698,Kotak Bluechip,120841
20-10-2020,65.2917,Kotak Bluechip,120841
19-10-2020,65.1275,Kotak Bluechip,120841
16-10-2020,65.1479,Kotak Bluechip,120841
15-10-2020,64.5317,Kotak Bluechip,120841
14-10-2020,65.7957,Kotak Bluechip,120841
13-10-2020,65.8073,Kotak Bluechip,120841
12-10-2020,65.9921,Kotak Bluechip,120841
09-10-2020,66.21,Kotak Bluechip,120841
08-10-2020,66.806,Kotak Bluechip,120841
07-10-2020,66.6421,Kotak Bluechip,120841
06-10-2020,66.9087,Kotak Bluechip,120841
05-10-2020,66.4188,Kotak Bluechip,120841
01-10-2020,65.7441,Kotak Bluechip,120841
30-09-2020,65.6953,Kotak Bluechip,120841
29-09-2020,65.6623,Kotak Bluechip,120841
28-09-2020,65.6529,Kotak Bluechip,120841
25-09-2020,64.4883,Kotak Bluechip,120841
24-09-2020,63.2843,Kotak Bluechip,120841
23-09-2020,64.4889,Kotak Bluechip,120841
22-09-2020,63.7533,Kotak Bluechip,120841
21-09-2020,64.3706,Kotak Bluechip,120841
18-09-2020,66.3189,Kotak Bluechip,120841
17-09-2020,65.84,Kotak Bluechip,120841
16-09-2020,66.0678,Kotak Bluechip,120841
15-09-2020,65.1282,Kotak Bluechip,120841
14-09-2020,64.2841,Kotak Bluechip,120841
11-09-2020,63.7702,Kotak Bluechip,120841
10-09-2020,63.4366,Kotak Bluechip,120841
09-09-2020,62.2926,Kotak Bluechip,120841
08-09-2020,62.5035,Kotak Bluechip,120841
07-09-2020,63.1689,Kotak Bluechip,120841
04-09-2020,63.092,Kotak Bluechip,120841
03-09-2020,64.2449,Kotak Bluechip,120841
02-09-2020,64.0911,Kotak Bluechip,120841
01-09-2020,63.1221,Kotak Bluechip,120841
31-08-2020,62.4756,Kotak Bluechip,120841
28-08-2020,65.1476,Kotak Bluechip,120841
27-08-2020,65.2944,Kotak Bluechip,120841
26-08-2020,65.7181,Kotak Bluechip,120841
25-08-2020,65.5694,Kotak Bluechip,120841
24-08-2020,65.6934,Kotak Bluechip,120841
21-08-2020,65.1165,Kotak Bluechip,120841
20-08-2020,64.5637,Kotak Bluechip,120841
19-08-2020,63.9355,Kotak Bluechip,120841
18-08-2020,63.2825,Kotak Bluechip,120841
17-08-2020,62.7396,Kotak Bluechip,120841
14-08-2020,62.6453,Kotak Bluechip,120841
13-08-2020,62.7383,Kotak Bluechip,120841
12-08-2020,62.7556,Kotak Bluechip,120841
11-08-2020,62.9986,Kotak Bluechip,120841
10-08-2020,63.6204,Kotak Bluechip,120841
07-08-2020,62.6111,Kotak Bluechip,120841
06-08-2020,62.1361,Kotak Bluechip,120841
05-08-2020,61.3384,Kotak Bluechip,120841
04-08-2020,61.2955,Kotak Bluechip,120841
03-08-2020,61.0398,Kotak Bluechip,120841
31-07-2020,60.404,Kotak Bluechip,120841
30-07-2020,59.5941,Kotak Bluechip,120841
29-07-2020,60.131,Kotak Bluechip,120841
28-07-2020,59.3323,Kotak Bluechip,120841
27-07-2020,59.0559,Kotak Bluechip,120841
24-07-2020,59.3358,Kotak Bluechip,120841
23-07-2020,59.6438,Kotak Bluechip,120841
22-07-2020,58.8762,Kotak Bluechip,120841
21-07-2020,58.7706,Kotak Bluechip,120841
20-07-2020,59.059,Kotak Bluechip,120841
17-07-2020,58.54,Kotak Bluechip,120841
16-07-2020,57.9806,Kotak Bluechip,120841
15-07-2020,57.9193,Kotak Bluechip,120841
14-07-2020,57.9919,Kotak Bluechip,120841
13-07-2020,58.6437,Kotak Bluechip,120841
10-07-2020,58.2981,Kotak Bluechip,120841
09-07-2020,58.298,Kotak Bluechip,120841
08-07-2020,58.0663,Kotak Bluechip,120841
07-07-2020,57.935,Kotak Bluechip,120841
06-07-2020,58.113,Kotak Bluechip,120841
03-07-2020,57.1696,Kotak Bluechip,120841
02-07-2020,56.5285,Kotak Bluechip,120841
01-07-2020,56.3051,Kotak Bluechip,120841
30-06-2020,56.3796,Kotak Bluechip,120841
29-06-2020,56.9851,Kotak Bluechip,120841
26-06-2020,57.5425,Kotak Bluechip,120841
25-06-2020,57.854,Kotak Bluechip,120841
24-06-2020,57.1358,Kotak Bluechip,120841
23-06-2020,58.2561,Kotak Bluechip,120841
22-06-2020,57.4547,Kotak Bluechip,120841
19-06-2020,55.7688,Kotak Bluechip,120841
18-06-2020,55.5556,Kotak Bluechip,120841
17-06-2020,55.393,Kotak Bluechip,120841
16-06-2020,54.8212,Kotak Bluechip,120841
15-06-2020,54.2432,Kotak Bluechip,120841
12-06-2020,54.6559,Kotak Bluechip,120841
11-06-2020,54.4155,Kotak Bluechip,120841
10-06-2020,54.8485,Kotak Bluechip,120841
09-06-2020,54.6084,Kotak Bluechip,120841
08-06-2020,55.1066,Kotak Bluechip,120841
05-06-2020,55.0839,Kotak Bluechip,120841
04-06-2020,54.1289,Kotak Bluechip,120841
03-06-2020,54.1472,Kotak Bluechip,120841
02-06-2020,54.0996,Kotak Bluechip,120841
01-06-2020,53.8411,Kotak Bluechip,120841
29-05-2020,53.2197,Kotak Bluechip,120841
28-05-2020,52.9098,Kotak Bluechip,120841
27-05-2020,52.6368,Kotak Bluechip,120841
26-05-2020,52.2757,Kotak Bluechip,120841
22-05-2020,52.314,Kotak Bluechip,120841
21-05-2020,52.2025,Kotak Bluechip,120841
20-05-2020,51.6204,Kotak Bluechip,120841
19-05-2020,51.2438,Kotak Bluechip,120841
18-05-2020,50.8905,Kotak Bluechip,120841
15-05-2020,52.0253,Kotak Bluechip,120841
14-05-2020,51.8594,Kotak Bluechip,120841
13-05-2020,51.6134,Kotak Bluechip,120841
12-05-2020,51.5599,Kotak Bluechip,120841
11-05-2020,51.8446,Kotak Bluechip,120841
08-05-2020,51.8829,Kotak Bluechip,120841
07-05-2020,52.0884,Kotak Bluechip,120841
06-05-2020,52.105,Kotak Bluechip,120841
05-05-2020,51.7331,Kotak Bluechip,120841
04-05-2020,51.7864,Kotak Bluechip,120841
30-04-2020,51.9138,Kotak Bluechip,120841
29-04-2020,51.8212,Kotak Bluechip,120841
28-04-2020,51.7687,Kotak Bluechip,120841
27-04-2020,51.6601,Kotak Bluechip,120841
24-04-2020,50.3992,Kotak Bluechip,120841
23-04-2020,50.6232,Kotak Bluechip,120841
22-04-2020,49.9446,Kotak Bluechip,120841
21-04-2020,49.9428,Kotak Bluechip,120841
20-04-2020,50.5395,Kotak Bluechip,120841
17-04-2020,50.8369,Kotak Bluechip,120841
16-04-2020,50.6858,Kotak Bluechip,120841
15-04-2020,49.9375,Kotak Bluechip,120841
13-04-2020,49.7987,Kotak Bluechip,120841
09-04-2020,49.7311,Kotak Bluechip,120841
08-04-2020,48.5326,Kotak Bluechip,120841
07-04-2020,46.715,Kotak Bluechip,120841
03-04-2020,43.6407,Kotak Bluechip,120841
01-04-2020,43.7147,Kotak Bluechip,120841
31-03-2020,44.41,Kotak Bluechip,120841
30-03-2020,42.9923,Kotak Bluechip,120841
27-03-2020,43.3332,Kotak Bluechip,120841
26-03-2020,43.3782,Kotak Bluechip,120841
25-03-2020,41.754,Kotak Bluechip,120841
24-03-2020,40.7455,Kotak Bluechip,120841
23-03-2020,40.4996,Kotak Bluechip,120841
20-03-2020,45.0055,Kotak Bluechip,120841
19-03-2020,42.0994,Kotak Bluechip,120841
18-03-2020,43.3121,Kotak Bluechip,120841
17-03-2020,46.2054,Kotak Bluechip,120841
16-03-2020,47.316,Kotak Bluechip,120841
13-03-2020,50.2095,Kotak Bluechip,120841
12-03-2020,49.2353,Kotak Bluechip,120841
11-03-2020,53.3443,Kotak Bluechip,120841
09-03-2020,53.6295,Kotak Bluechip,120841
06-03-2020,56.1637,Kotak Bluechip,120841
05-03-2020,57.1614,Kotak Bluechip,120841
04-03-2020,56.517,Kotak Bluechip,120841
03-03-2020,57.0181,Kotak Bluechip,120841
02-03-2020,55.9281,Kotak Bluechip,120841
28-02-2020,55.8033,Kotak Bluechip,120841
27-02-2020,57.9347,Kotak Bluechip,120841
26-02-2020,58.7661,Kotak Bluechip,120841
25-02-2020,59.6428,Kotak Bluechip,120841
24-02-2020,59.7133,Kotak Bluechip,120841
20-02-2020,60.7193,Kotak Bluechip,120841
19-02-2020,60.4177,Kotak Bluechip,120841
18-02-2020,59.0137,Kotak Bluechip,120841
17-02-2020,58.4797,Kotak Bluechip,120841
14-02-2020,58.9999,Kotak Bluechip,120841
13-02-2020,59.8924,Kotak Bluechip,120841
12-02-2020,60.1219,Kotak Bluechip,120841
11-02-2020,60.0588,Kotak Bluechip,120841
10-02-2020,59.5773,Kotak Bluechip,120841
07-02-2020,59.6584,Kotak Bluechip,120841
06-02-2020,59.0951,Kotak Bluechip,120841
05-02-2020,59.1907,Kotak Bluechip,120841
04-02-2020,58.5763,Kotak Bluechip,120841
03-02-2020,58.0425,Kotak Bluechip,120841
31-01-2020,59.7157,Kotak Bluechip,120841
30-01-2020,60.105,Kotak Bluechip,120841
29-01-2020,60.8375,Kotak Bluechip,120841
28-01-2020,60.5752,Kotak Bluechip,120841
27-01-2020,60.6531,Kotak Bluechip,120841
24-01-2020,60.4024,Kotak Bluechip,120841
23-01-2020,59.7082,Kotak Bluechip,120841
22-01-2020,58.8953,Kotak Bluechip,120841
21-01-2020,58.7161,Kotak Bluechip,120841
20-01-2020,58.5722,Kotak Bluechip,120841
17-01-2020,58.7012,Kotak Bluechip,120841
16-01-2020,58.5949,Kotak Bluechip,120841
15-01-2020,58.4506,Kotak Bluechip,120841
14-01-2020,58.2117,Kotak Bluechip,120841
13-01-2020,57.4274,Kotak Bluechip,120841
10-01-2020,57.0136,Kotak Bluechip,120841
09-01-2020,57.0619,Kotak Bluechip,120841
08-01-2020,56.1255,Kotak Bluechip,120841
07-01-2020,56.2173,Kotak Bluechip,120841
06-01-2020,55.6976,Kotak Bluechip,120841
03-01-2020,56.778,Kotak Bluechip,120841
02-01-2020,56.9688,Kotak Bluechip,120841
01-01-2020,56.4189,Kotak Bluechip,120841
31-12-2019,56.428,Kotak Bluechip,120841
30-12-2019,56.5326,Kotak Bluechip,120841
27-12-2019,56.3996,Kotak Bluechip,120841
26-12-2019,55.9528,Kotak Bluechip,120841
24-12-2019,55.7772,Kotak Bluechip,120841
23-12-2019,55.9366,Kotak Bluechip,120841
20-12-2019,56.0646,Kotak Bluechip,120841
19-12-2019,56.0773,Kotak Bluechip,120841
18-12-2019,55.8029,Kotak Bluechip,120841
17-12-2019,56.0988,Kotak Bluechip,120841
16-12-2019,55.9057,Kotak Bluechip,120841
13-12-2019,56.418,Kotak Bluechip,120841
12-12-2019,56.0762,Kotak Bluechip,120841
11-12-2019,55.6148,Kotak Bluechip,120841
10-12-2019,55.3357,Kotak Bluechip,120841
09-12-2019,56.171,Kotak Bluechip,120841
06-12-2019,56.2917,Kotak Bluechip,120841
05-12-2019,56.7838,Kotak Bluechip,120841
04-12-2019,57.0755,Kotak Bluechip,120841
03-12-2019,56.965,Kotak Bluechip,120841
02-12-2019,57.3629,Kotak Bluechip,120841
29-11-2019,57.5918,Kotak Bluechip,120841
28-11-2019,57.8483,Kotak Bluechip,120841
27-11-2019,57.3408,Kotak Bluechip,120841
26-11-2019,56.7251,Kotak Bluechip,120841
25-11-2019,57.2265,Kotak Bluechip,120841
22-11-2019,56.9015,Kotak Bluechip,120841
21-11-2019,57.351,Kotak Bluechip,120841
20-11-2019,57.4379,Kotak Bluechip,120841
19-11-2019,57.3307,Kotak Bluechip,120841
18-11-2019,57.0568,Kotak Bluechip,120841
15-11-2019,56.681,Kotak Bluechip,120841
14-11-2019,56.8178,Kotak Bluechip,120841
13-11-2019,56.7102,Kotak Bluechip,120841
11-11-2019,56.1837,Kotak Bluechip,120841
08-11-2019,55.7464,Kotak Bluechip,120841
07-11-2019,56.0601,Kotak Bluechip,120841
06-11-2019,56.2854,Kotak Bluechip,120841
05-11-2019,56.2048,Kotak Bluechip,120841
04-11-2019,57.081,Kotak Bluechip,120841
01-11-2019,57.082,Kotak Bluechip,120841
31-10-2019,57.5153,Kotak Bluechip,120841
30-10-2019,57.1014,Kotak Bluechip,120841
29-10-2019,56.3999,Kotak Bluechip,120841
25-10-2019,55.3999,Kotak Bluechip,120841
24-10-2019,55.3504,Kotak Bluechip,120841
23-10-2019,55.7765,Kotak Bluechip,120841
22-10-2019,54.9854,Kotak Bluechip,120841
18-10-2019,54.3253,Kotak Bluechip,120841
17-10-2019,53.4189,Kotak Bluechip,120841
16-10-2019,52.2996,Kotak Bluechip,120841
15-10-2019,52.1496,Kotak Bluechip,120841
14-10-2019,52.0063,Kotak Bluechip,120841
11-10-2019,51.7157,Kotak Bluechip,120841
10-10-2019,51.352,Kotak Bluechip,120841
09-10-2019,52.1201,Kotak Bluechip,120841
07-10-2019,51.5874,Kotak Bluechip,120841
04-10-2019,51.5198,Kotak Bluechip,120841
03-10-2019,52.4047,Kotak Bluechip,120841
01-10-2019,52.3266,Kotak Bluechip,120841
30-09-2019,53.0118,Kotak Bluechip,120841
27-09-2019,53.9087,Kotak Bluechip,120841
26-09-2019,53.9101,Kotak Bluechip,120841
25-09-2019,53.4671,Kotak Bluechip,120841
24-09-2019,53.8059,Kotak Bluechip,120841
23-09-2019,54.1398,Kotak Bluechip,120841
20-09-2019,52.9228,Kotak Bluechip,120841
19-09-2019,49.8359,Kotak Bluechip,120841
18-09-2019,50.4635,Kotak Bluechip,120841
17-09-2019,50.1586,Kotak Bluechip,120841
16-09-2019,51.1896,Kotak Bluechip,120841
13-09-2019,51.9264,Kotak Bluechip,120841
12-09-2019,51.6176,Kotak Bluechip,120841
11-09-2019,52.1334,Kotak Bluechip,120841
09-09-2019,52.2742,Kotak Bluechip,120841
06-09-2019,51.6988,Kotak Bluechip,120841
05-09-2019,51.037,Kotak Bluechip,120841
04-09-2019,51.209,Kotak Bluechip,120841
03-09-2019,51.1942,Kotak Bluechip,120841
30-08-2019,51.4804,Kotak Bluechip,120841
29-08-2019,50.9588,Kotak Bluechip,120841
28-08-2019,51.4026,Kotak Bluechip,120841
27-08-2019,51.1777,Kotak Bluechip,120841
26-08-2019,50.2516,Kotak Bluechip,120841
23-08-2019,49.2995,Kotak Bluechip,120841
22-08-2019,48.9095,Kotak Bluechip,120841
21-08-2019,49.596,Kotak Bluechip,120841
20-08-2019,50.5713,Kotak Bluechip,120841
19-08-2019,51.0307,Kotak Bluechip,120841
16-08-2019,51.1022,Kotak Bluechip,120841
14-08-2019,50.8535,Kotak Bluechip,120841
13-08-2019,50.1615,Kotak Bluechip,120841
09-08-2019,51.3738,Kotak Bluechip,120841
08-08-2019,50.8515,Kotak Bluechip,120841
07-08-2019,50.5197,Kotak Bluechip,120841
06-08-2019,50.8886,Kotak Bluechip,120841
05-08-2019,50.1618,Kotak Bluechip,120841
02-08-2019,50.7078,Kotak Bluechip,120841
01-08-2019,50.825,Kotak Bluechip,120841
31-07-2019,51.5601,Kotak Bluechip,120841
30-07-2019,51.1131,Kotak Bluechip,120841
29-07-2019,51.739,Kotak Bluechip,120841
26-07-2019,52.2139,Kotak Bluechip,120841
25-07-2019,52.0065,Kotak Bluechip,120841
24-07-2019,51.8181,Kotak Bluechip,120841
23-07-2019,52.8834,Kotak Bluechip,120841
22-07-2019,53.1347,Kotak Bluechip,120841
19-07-2019,53.3029,Kotak Bluechip,120841
18-07-2019,53.8307,Kotak Bluechip,120841
17-07-2019,54.376,Kotak Bluechip,120841
16-07-2019,54.6143,Kotak Bluechip,120841
15-07-2019,54.2986,Kotak Bluechip,120841
12-07-2019,54.3478,Kotak Bluechip,120841
11-07-2019,53.9327,Kotak Bluechip,120841
10-07-2019,53.5934,Kotak Bluechip,120841
09-07-2019,54.1523,Kotak Bluechip,120841
08-07-2019,53.6374,Kotak Bluechip,120841
05-07-2019,54.9323,Kotak Bluechip,120841
04-07-2019,55.6638,Kotak Bluechip,120841
03-07-2019,55.5408,Kotak Bluechip,120841
02-07-2019,55.5594,Kotak Bluechip,120841
01-07-2019,55.465,Kotak Bluechip,120841
28-06-2019,55.4608,Kotak Bluechip,120841
27-06-2019,55.5133,Kotak Bluechip,120841
26-06-2019,55.505,Kotak Bluechip,120841
25-06-2019,55.1963,Kotak Bluechip,120841
24-06-2019,54.9755,Kotak Bluechip,120841
21-06-2019,55.0284,Kotak Bluechip,120841
20-06-2019,55.0608,Kotak Bluechip,120841
19-06-2019,54.2741,Kotak Bluechip,120841
18-06-2019,54.8124,Kotak Bluechip,120841
17-06-2019,54.7235,Kotak Bluechip,120841
14-06-2019,55.4199,Kotak Bluechip,120841
13-06-2019,55.8455,Kotak Bluechip,120841
12-06-2019,55.9707,Kotak Bluechip,120841
11-06-2019,56.3185,Kotak Bluechip,120841
10-06-2019,56.1314,Kotak Bluechip,120841
07-06-2019,55.7948,Kotak Bluechip,120841
06-06-2019,55.8931,Kotak Bluechip,120841
04-06-2019,56.8667,Kotak Bluechip,120841
03-06-2019,57.1227,Kotak Bluechip,120841
31-05-2019,56.6381,Kotak Bluechip,120841
30-05-2019,56.7649,Kotak Bluechip,120841
29-05-2019,56.6254,Kotak Bluechip,120841
28-05-2019,57.4263,Kotak Bluechip,120841
27-05-2019,57.5208,Kotak Bluechip,120841
24-05-2019,56.0286,Kotak Bluechip,120841
23-05-2019,54.2421,Kotak Bluechip,120841
22-05-2019,54.1346,Kotak Bluechip,120841
21-05-2019,54.0163,Kotak Bluechip,120841
20-05-2019,54.7179,Kotak Bluechip,120841
17-05-2019,52.7748,Kotak Bluechip,120841
16-05-2019,52.4859,Kotak Bluechip,120841
15-05-2019,52.2774,Kotak Bluechip,120841
14-05-2019,52.7553,Kotak Bluechip,120841
13-05-2019,52.5887,Kotak Bluechip,120841
10-05-2019,53.7771,Kotak Bluechip,120841
09-05-2019,53.7741,Kotak Bluechip,120841
08-05-2019,54.0787,Kotak Bluechip,120841
07-05-2019,54.8353,Kotak Bluechip,120841
06-05-2019,55.4316,Kotak Bluechip,120841
03-05-2019,56.0284,Kotak Bluechip,120841
02-05-2019,55.9352,Kotak Bluechip,120841
30-04-2019,56.3943,Kotak Bluechip,120841
26-04-2019,57.1259,Kotak Bluechip,120841
25-04-2019,56.7643,Kotak Bluechip,120841
24-04-2019,57.071,Kotak Bluechip,120841
23-04-2019,57.3451,Kotak Bluechip,120841
22-04-2019,57.1436,Kotak Bluechip,120841
18-04-2019,58.4115,Kotak Bluechip,120841
16-04-2019,58.8978,Kotak Bluechip,120841
15-04-2019,58.8563,Kotak Bluechip,120841
12-04-2019,58.4221,Kotak Bluechip,120841
11-04-2019,58.0274,Kotak Bluechip,120841
10-04-2019,57.9961,Kotak Bluechip,120841
09-04-2019,58.2334,Kotak Bluechip,120841
08-04-2019,58.2362,Kotak Bluechip,120841
05-04-2019,58.4231,Kotak Bluechip,120841
04-04-2019,58.1116,Kotak Bluechip,120841
03-04-2019,58.3833,Kotak Bluechip,120841
02-04-2019,58.9318,Kotak Bluechip,120841
01-04-2019,59.155,Kotak Bluechip,120841
29-03-2019,58.9169,Kotak Bluechip,120841
28-03-2019,58.3251,Kotak Bluechip,120841
27-03-2019,57.885,Kotak Bluechip,120841
26-03-2019,57.5931,Kotak Bluechip,120841
25-03-2019,56.9177,Kotak Bluechip,120841
22-03-2019,57.4623,Kotak Bluechip,120841
20-03-2019,57.5133,Kotak Bluechip,120841
19-03-2019,57.4891,Kotak Bluechip,120841
18-03-2019,56.869,Kotak Bluechip,120841
15-03-2019,56.9537,Kotak Bluechip,120841
14-03-2019,56.7669,Kotak Bluechip,120841
13-03-2019,56.7812,Kotak Bluechip,120841
12-03-2019,57.1418,Kotak Bluechip,120841
11-03-2019,56.8626,Kotak Bluechip,120841
08-03-2019,55.8381,Kotak Bluechip,120841
07-03-2019,56.2362,Kotak Bluechip,120841
06-03-2019,55.9649,Kotak Bluechip,120841
05-03-2019,55.7395,Kotak Bluechip,120841
01-03-2019,54.1544,Kotak Bluechip,120841
28-02-2019,53.7938,Kotak Bluechip,120841
27-02-2019,53.519,Kotak Bluechip,120841
26-02-2019,53.329,Kotak Bluechip,120841
25-02-2019,53.6858,Kotak Bluechip,120841
22-02-2019,53.304,Kotak Bluechip,120841
21-02-2019,53.1862,Kotak Bluechip,120841
20-02-2019,52.4495,Kotak Bluechip,120841
19-02-2019,52.1016,Kotak Bluechip,120841
18-02-2019,51.9001,Kotak Bluechip,120841
15-02-2019,52.2324,Kotak Bluechip,120841
14-02-2019,52.907,Kotak Bluechip,120841
13-02-2019,52.7316,Kotak Bluechip,120841
12-02-2019,53.0963,Kotak Bluechip,120841
11-02-2019,53.4023,Kotak Bluechip,120841
08-02-2019,54.4952,Kotak Bluechip,120841
07-02-2019,55.5605,Kotak Bluechip,120841
06-02-2019,55.0284,Kotak Bluechip,120841
05-02-2019,54.7139,Kotak Bluechip,120841
04-02-2019,54.9498,Kotak Bluechip,120841
01-02-2019,54.9992,Kotak Bluechip,120841
31-01-2019,55.4075,Kotak Bluechip,120841
30-01-2019,55.4969,Kotak Bluechip,120841
29-01-2019,54.9597,Kotak Bluechip,120841
28-01-2019,54.6951,Kotak Bluechip,120841
25-01-2019,55.5767,Kotak Bluechip,120841
24-01-2019,56.285,Kotak Bluechip,120841
23-01-2019,56.1867,Kotak Bluechip,120841
22-01-2019,56.4879,Kotak Bluechip,120841
21-01-2019,56.4626,Kotak Bluechip,120841
18-01-2019,56.9596,Kotak Bluechip,120841
17-01-2019,57.231,Kotak Bluechip,120841
16-01-2019,57.5166,Kotak Bluechip,120841
15-01-2019,57.5285,Kotak Bluechip,120841
14-01-2019,57.3814,Kotak Bluechip,120841
11-01-2019,57.5518,Kotak Bluechip,120841
10-01-2019,57.7291,Kotak Bluechip,120841
09-01-2019,57.493,Kotak Bluechip,120841
08-01-2019,57.5187,Kotak Bluechip,120841
07-01-2019,57.162,Kotak Bluechip,120841
04-01-2019,57.1773,Kotak Bluechip,120841
03-01-2019,56.4965,Kotak Bluechip,120841
02-01-2019,56.9398,Kotak Bluechip,120841
01-01-2019,57.4833,Kotak Bluechip,120841
31-12-2018,57.2691,Kotak Bluechip,120841
28-12-2018,57.186,Kotak Bluechip,120841
27-12-2018,56.7148,Kotak Bluechip,120841
26-12-2018,56.8744,Kotak Bluechip,120841
24-12-2018,56.7621,Kotak Bluechip,120841
21-12-2018,57.1987,Kotak Bluechip,120841
20-12-2018,58.0018,Kotak Bluechip,120841
19-12-2018,58.1022,Kotak Bluechip,120841
18-12-2018,57.2413,Kotak Bluechip,120841
17-12-2018,56.8786,Kotak Bluechip,120841
14-12-2018,56.7611,Kotak Bluechip,120841
13-12-2018,56.6467,Kotak Bluechip,120841
12-12-2018,56.3105,Kotak Bluechip,120841
11-12-2018,55.0014,Kotak Bluechip,120841
10-12-2018,53.9016,Kotak Bluechip,120841
07-12-2018,55.0268,Kotak Bluechip,120841
06-12-2018,54.7688,Kotak Bluechip,120841
05-12-2018,55.7834,Kotak Bluechip,120841
04-12-2018,56.6321,Kotak Bluechip,120841
03-12-2018,57.0556,Kotak Bluechip,120841
30-11-2018,57.1898,Kotak Bluechip,120841
29-11-2018,56.6811,Kotak Bluechip,120841
28-11-2018,56.3766,Kotak Bluechip,120841
27-11-2018,56.6766,Kotak Bluechip,120841
26-11-2018,56.2998,Kotak Bluechip,120841
22-11-2018,56.0409,Kotak Bluechip,120841
21-11-2018,56.5687,Kotak Bluechip,120841
20-11-2018,56.0644,Kotak Bluechip,120841
19-11-2018,56.921,Kotak Bluechip,120841
16-11-2018,56.938,Kotak Bluechip,120841
15-11-2018,56.9165,Kotak Bluechip,120841
14-11-2018,56.16,Kotak Bluechip,120841
13-11-2018,56.0628,Kotak Bluechip,120841
12-11-2018,55.9104,Kotak Bluechip,120841
09-11-2018,56.356,Kotak Bluechip,120841
06-11-2018,55.8355,Kotak Bluechip,120841
05-11-2018,55.6086,Kotak Bluechip,120841
02-11-2018,56.1832,Kotak Bluechip,120841
01-11-2018,56.2748,Kotak Bluechip,120841
31-10-2018,55.554,Kotak Bluechip,120841
30-10-2018,54.8327,Kotak Bluechip,120841
29-10-2018,54.6469,Kotak Bluechip,120841
26-10-2018,53.1644,Kotak Bluechip,120841
25-10-2018,53.3053,Kotak Bluechip,120841
24-10-2018,53.591,Kotak Bluechip,120841
23-10-2018,53.6692,Kotak Bluechip,120841
22-10-2018,53.9897,Kotak Bluechip,120841
19-10-2018,53.9527,Kotak Bluechip,120841
17-10-2018,54.4636,Kotak Bluechip,120841
16-10-2018,54.9143,Kotak Bluechip,120841
15-10-2018,54.6268,Kotak Bluechip,120841
12-10-2018,54.2766,Kotak Bluechip,120841
11-10-2018,53.6189,Kotak Bluechip,120841
10-10-2018,54.8105,Kotak Bluechip,120841
09-10-2018,53.8919,Kotak Bluechip,120841
08-10-2018,53.9097,Kotak Bluechip,120841
05-10-2018,54.5873,Kotak Bluechip,120841
04-10-2018,55.7746,Kotak Bluechip,120841
03-10-2018,56.7677,Kotak Bluechip,120841
01-10-2018,57.1071,Kotak Bluechip,120841
28-09-2018,56.7032,Kotak Bluechip,120841
27-09-2018,57.2837,Kotak Bluechip,120841
26-09-2018,57.7739,Kotak Bluechip,120841
25-09-2018,57.5402,Kotak Bluechip,120841
24-09-2018,56.9356,Kotak Bluechip,120841
21-09-2018,58.0538,Kotak Bluechip,120841
19-09-2018,58.7545,Kotak Bluechip,120841
18-09-2018,58.9816,Kotak Bluechip,120841
17-09-2018,59.5565,Kotak Bluechip,120841
14-09-2018,60.1101,Kotak Bluechip,120841
12-09-2018,59.411,Kotak Bluechip,120841
11-09-2018,58.9633,Kotak Bluechip,120841
10-09-2018,59.8002,Kotak Bluechip,120841
07-09-2018,60.6367,Kotak Bluechip,120841
06-09-2018,60.2592,Kotak Bluechip,120841
05-09-2018,59.5398,Kotak Bluechip,120841
04-09-2018,59.7035,Kotak Bluechip,120841
03-09-2018,60.3649,Kotak Bluechip,120841
31-08-2018,60.7597,Kotak Bluechip,120841
30-08-2018,60.5187,Kotak Bluechip,120841
29-08-2018,60.5234,Kotak Bluechip,120841
28-08-2018,60.6619,Kotak Bluechip,120841
27-08-2018,60.4211,Kotak Bluechip,120841
24-08-2018,60.1112,Kotak Bluechip,120841
23-08-2018,60.0756,Kotak Bluechip,120841
21-08-2018,59.8449,Kotak Bluechip,120841
20-08-2018,59.7522,Kotak Bluechip,120841
17-08-2018,59.2794,Kotak Bluechip,120841
16-08-2018,58.7001,Kotak Bluechip,120841
14-08-2018,58.948,Kotak Bluechip,120841
13-08-2018,58.6216,Kotak Bluechip,120841
10-08-2018,58.8225,Kotak Bluechip,120841
09-08-2018,58.8757,Kotak Bluechip,120841
08-08-2018,58.9247,Kotak Bluechip,120841
07-08-2018,58.7823,Kotak Bluechip,120841
06-08-2018,58.845,Kotak Bluechip,120841
03-08-2018,58.8246,Kotak Bluechip,120841
02-08-2018,58.5508,Kotak Bluechip,120841
01-08-2018,58.8678,Kotak Bluechip,120841
31-07-2018,58.7278,Kotak Bluechip,120841
30-07-2018,58.5654,Kotak Bluechip,120841
27-07-2018,58.5139,Kotak Bluechip,120841
26-07-2018,58.1463,Kotak Bluechip,120841
25-07-2018,58.0588,Kotak Bluechip,120841
24-07-2018,58.0602,Kotak Bluechip,120841
23-07-2018,57.6433,Kotak Bluechip,120841
20-07-2018,57.2905,Kotak Bluechip,120841
19-07-2018,57.0174,Kotak Bluechip,120841
18-07-2018,57.1759,Kotak Bluechip,120841
17-07-2018,57.3717,Kotak Bluechip,120841
16-07-2018,56.9923,Kotak Bluechip,120841
13-07-2018,57.4531,Kotak Bluechip,120841
12-07-2018,57.5862,Kotak Bluechip,120841
11-07-2018,57.3163,Kotak Bluechip,120841
10-07-2018,57.6491,Kotak Bluechip,120841
09-07-2018,57.3334,Kotak Bluechip,120841
06-07-2018,56.9648,Kotak Bluechip,120841
05-07-2018,56.8631,Kotak Bluechip,120841
04-07-2018,56.8242,Kotak Bluechip,120841
03-07-2018,56.6131,Kotak Bluechip,120841
02-07-2018,56.3285,Kotak Bluechip,120841
29-06-2018,56.4848,Kotak Bluechip,120841
28-06-2018,56.1223,Kotak Bluechip,120841
27-06-2018,56.499,Kotak Bluechip,120841
26-06-2018,56.8186,Kotak Bluechip,120841
25-06-2018,56.802,Kotak Bluechip,120841
22-06-2018,57.1608,Kotak Bluechip,120841
21-06-2018,57.0101,Kotak Bluechip,120841
20-06-2018,57.1397,Kotak Bluechip,120841
19-06-2018,57.0015,Kotak Bluechip,120841
18-06-2018,57.2522,Kotak Bluechip,120841
15-06-2018,57.1758,Kotak Bluechip,120841
14-06-2018,57.3212,Kotak Bluechip,120841
13-06-2018,57.3488,Kotak Bluechip,120841
12-06-2018,57.4956,Kotak Bluechip,120841
11-06-2018,57.1646,Kotak Bluechip,120841
08-06-2018,56.9829,Kotak Bluechip,120841
07-06-2018,56.9192,Kotak Bluechip,120841
06-06-2018,56.5379,Kotak Bluechip,120841
05-06-2018,56.0484,Kotak Bluechip,120841
04-06-2018,56.2903,Kotak Bluechip,120841
01-06-2018,56.7463,Kotak Bluechip,120841
31-05-2018,57.1883,Kotak Bluechip,120841
30-05-2018,56.9974,Kotak Bluechip,120841
29-05-2018,57.0888,Kotak Bluechip,120841
28-05-2018,57.3406,Kotak Bluechip,120841
25-05-2018,56.9477,Kotak Bluechip,120841
24-05-2018,56.3652,Kotak Bluechip,120841
23-05-2018,56.4104,Kotak Bluechip,120841
22-05-2018,56.8882,Kotak Bluechip,120841
21-05-2018,56.7051,Kotak Bluechip,120841
18-05-2018,57.0479,Kotak Bluechip,120841
17-05-2018,57.4675,Kotak Bluechip,120841
16-05-2018,57.4798,Kotak Bluechip,120841
15-05-2018,57.6349,Kotak Bluechip,120841
14-05-2018,57.9716,Kotak Bluechip,120841
11-05-2018,58.1485,Kotak Bluechip,120841
10-05-2018,57.7764,Kotak Bluechip,120841
09-05-2018,57.9979,Kotak Bluechip,120841
08-05-2018,58.0189,Kotak Bluechip,120841
07-05-2018,58.0671,Kotak Bluechip,120841
04-05-2018,57.8227,Kotak Bluechip,120841
03-05-2018,58.0048,Kotak Bluechip,120841
02-05-2018,58.4171,Kotak Bluechip,120841
30-04-2018,58.8362,Kotak Bluechip,120841
27-04-2018,58.5214,Kotak Bluechip,120841
26-04-2018,58.2236,Kotak Bluechip,120841
25-04-2018,58.0015,Kotak Bluechip,120841
24-04-2018,57.9774,Kotak Bluechip,120841
23-04-2018,57.8767,Kotak Bluechip,120841
20-04-2018,57.7797,Kotak Bluechip,120841
19-04-2018,58.0117,Kotak Bluechip,120841
18-04-2018,57.8333,Kotak Bluechip,120841
17-04-2018,57.8781,Kotak Bluechip,120841
16-04-2018,57.7751,Kotak Bluechip,120841
13-04-2018,57.5374,Kotak Bluechip,120841
12-04-2018,57.4137,Kotak Bluechip,120841
11-04-2018,57.5632,Kotak Bluechip,120841
10-04-2018,57.5743,Kotak Bluechip,120841
09-04-2018,57.5301,Kotak Bluechip,120841
06-04-2018,57.4263,Kotak Bluechip,120841
05-04-2018,57.1057,Kotak Bluechip,120841
04-04-2018,56.5592,Kotak Bluechip,120841
03-04-2018,57.0141,Kotak Bluechip,120841
02-04-2018,56.8195,Kotak Bluechip,120841
31-03-2018,55.9928,Kotak Bluechip,120841
28-03-2018,55.9924,Kotak Bluechip,120841
27-03-2018,56.1437,Kotak Bluechip,120841
26-03-2018,55.7966,Kotak Bluechip,120841
23-03-2018,55.1785,Kotak Bluechip,120841
22-03-2018,55.4818,Kotak Bluechip,120841
21-03-2018,55.5757,Kotak Bluechip,120841
20-03-2018,55.4601,Kotak Bluechip,120841
19-03-2018,55.234,Kotak Bluechip,120841
16-03-2018,55.6619,Kotak Bluechip,120841
15-03-2018,56.1515,Kotak Bluechip,120841
14-03-2018,56.1494,Kotak Bluechip,120841
13-03-2018,56.1963,Kotak Bluechip,120841
12-03-2018,56.0497,Kotak Bluechip,120841
09-03-2018,55.4893,Kotak Bluechip,120841
08-03-2018,55.5861,Kotak Bluechip,120841
07-03-2018,55.3347,Kotak Bluechip,120841
06-03-2018,55.8812,Kotak Bluechip,120841
05-03-2018,56.273,Kotak Bluechip,120841
01-03-2018,56.7842,Kotak Bluechip,120841
28-02-2018,56.9969,Kotak Bluechip,120841
27-02-2018,57.0693,Kotak Bluechip,120841
26-02-2018,57.1568,Kotak Bluechip,120841
23-02-2018,56.6859,Kotak Bluechip,120841
22-02-2018,56.0697,Kotak Bluechip,120841
21-02-2018,56.1844,Kotak Bluechip,120841
20-02-2018,56.1813,Kotak Bluechip,120841
19-02-2018,56.2988,Kotak Bluechip,120841
16-02-2018,56.5924,Kotak Bluechip,120841
15-02-2018,56.9874,Kotak Bluechip,120841
14-02-2018,57.1892,Kotak Bluechip,120841
12-02-2018,57.0739,Kotak Bluechip,120841
09-02-2018,56.448,Kotak Bluechip,120841
08-02-2018,56.7201,Kotak Bluechip,120841
07-02-2018,56.2631,Kotak Bluechip,120841
06-02-2018,55.8448,Kotak Bluechip,120841
05-02-2018,56.3622,Kotak Bluechip,120841
02-02-2018,56.6489,Kotak Bluechip,120841
01-02-2018,57.9965,Kotak Bluechip,120841
31-01-2018,57.8254,Kotak Bluechip,120841
30-01-2018,57.8925,Kotak Bluechip,120841
29-01-2018,58.2284,Kotak Bluechip,120841
25-01-2018,58.0873,Kotak Bluechip,120841
24-01-2018,58.4006,Kotak Bluechip,120841
23-01-2018,58.6221,Kotak Bluechip,120841
22-01-2018,58.5472,Kotak Bluechip,120841
19-01-2018,58.3372,Kotak Bluechip,120841
18-01-2018,58.05,Kotak Bluechip,120841
17-01-2018,58.5782,Kotak Bluechip,120841
16-01-2018,58.2543,Kotak Bluechip,120841
15-01-2018,58.8635,Kotak Bluechip,120841
12-01-2018,58.7709,Kotak Bluechip,120841
11-01-2018,58.7766,Kotak Bluechip,120841
10-01-2018,58.5513,Kotak Bluechip,120841
09-01-2018,58.7338,Kotak Bluechip,120841
08-01-2018,58.681,Kotak Bluechip,120841
05-01-2018,58.2755,Kotak Bluechip,120841
04-01-2018,57.94,Kotak Bluechip,120841
03-01-2018,57.6914,Kotak Bluechip,120841
02-01-2018,57.4445,Kotak Bluechip,120841
01-01-2018,57.7566,Kotak Bluechip,120841
29-12-2017,57.9319,Kotak Bluechip,120841
28-12-2017,57.6014,Kotak Bluechip,120841
27-12-2017,57.7682,Kotak Bluechip,120841
26-12-2017,57.8488,Kotak Bluechip,120841
22-12-2017,57.0013,Kotak Bluechip,120841
21-12-2017,56.8026,Kotak Bluechip,120841
20-12-2017,56.7039,Kotak Bluechip,120841
19-12-2017,56.7498,Kotak Bluechip,120841
18-12-2017,56.1235,Kotak Bluechip,120841
15-12-2017,55.9759,Kotak Bluechip,120841
14-12-2017,55.5811,Kotak Bluechip,120841
13-12-2017,55.5746,Kotak Bluechip,120841
12-12-2017,55.9491,Kotak Bluechip,120841
11-12-2017,56.4358,Kotak Bluechip,120841
08-12-2017,56.3363,Kotak Bluechip,120841
07-12-2017,55.7391,Kotak Bluechip,120841
06-12-2017,55.3205,Kotak Bluechip,120841
05-12-2017,55.7219,Kotak Bluechip,120841
04-12-2017,55.7399,Kotak Bluechip,120841
01-12-2017,55.5939,Kotak Bluechip,120841
30-11-2017,55.8123,Kotak Bluechip,120841
29-11-2017,56.0999,Kotak Bluechip,120841
28-11-2017,56.2772,Kotak Bluechip,120841
27-11-2017,56.3592,Kotak Bluechip,120841
24-11-2017,56.331,Kotak Bluechip,120841
23-11-2017,56.0366,Kotak Bluechip,120841
22-11-2017,55.7742,Kotak Bluechip,120841
21-11-2017,55.3008,Kotak Bluechip,120841
20-11-2017,55.0608,Kotak Bluechip,120841
17-11-2017,54.8416,Kotak Bluechip,120841
16-11-2017,54.5761,Kotak Bluechip,120841
15-11-2017,54.4504,Kotak Bluechip,120841
14-11-2017,54.98,Kotak Bluechip,120841
13-11-2017,54.9131,Kotak Bluechip,120841
10-11-2017,55.296,Kotak Bluechip,120841
09-11-2017,55.5355,Kotak Bluechip,120841
08-11-2017,55.3957,Kotak Bluechip,120841
07-11-2017,55.8834,Kotak Bluechip,120841
06-11-2017,56.4759,Kotak Bluechip,120841
03-11-2017,56.0156,Kotak Bluechip,120841
02-11-2017,55.6619,Kotak Bluechip,120841
01-11-2017,55.5844,Kotak Bluechip,120841
31-10-2017,55.1752,Kotak Bluechip,120841
30-10-2017,54.8878,Kotak Bluechip,120841
27-10-2017,54.5508,Kotak Bluechip,120841
26-10-2017,54.3216,Kotak Bluechip,120841
25-10-2017,54.1578,Kotak Bluechip,120841
24-10-2017,54.1148,Kotak Bluechip,120841
23-10-2017,53.8459,Kotak Bluechip,120841
18-10-2017,53.9667,Kotak Bluechip,120841
17-10-2017,54.074,Kotak Bluechip,120841
16-10-2017,53.8567,Kotak Bluechip,120841
13-10-2017,53.7015,Kotak Bluechip,120841
12-10-2017,53.6773,Kotak Bluechip,120841
11-10-2017,53.4235,Kotak Bluechip,120841
10-10-2017,53.808,Kotak Bluechip,120841
09-10-2017,53.7749,Kotak Bluechip,120841
06-10-2017,53.6176,Kotak Bluechip,120841
05-10-2017,53.1179,Kotak Bluechip,120841
04-10-2017,52.9694,Kotak Bluechip,120841
03-10-2017,52.7802,Kotak Bluechip,120841
29-09-2017,52.3224,Kotak Bluechip,120841
28-09-2017,52.1137,Kotak Bluechip,120841
27-09-2017,51.8133,Kotak Bluechip,120841
26-09-2017,52.2702,Kotak Bluechip,120841
25-09-2017,52.0166,Kotak Bluechip,120841
22-09-2017,52.3697,Kotak Bluechip,120841
21-09-2017,53.5512,Kotak Bluechip,120841
20-09-2017,53.7644,Kotak Bluechip,120841
19-09-2017,53.9021,Kotak Bluechip,120841
18-09-2017,53.6369,Kotak Bluechip,120841
15-09-2017,53.4129,Kotak Bluechip,120841
14-09-2017,53.3451,Kotak Bluechip,120841
13-09-2017,53.2516,Kotak Bluechip,120841
12-09-2017,53.64,Kotak Bluechip,120841
11-09-2017,53.2675,Kotak Bluechip,120841
08-09-2017,53.1353,Kotak Bluechip,120841
07-09-2017,52.8514,Kotak Bluechip,120841
06-09-2017,52.6738,Kotak Bluechip,120841
05-09-2017,52.7452,Kotak Bluechip,120841
04-09-2017,52.3124,Kotak Bluechip,120841
01-09-2017,52.3986,Kotak Bluechip,120841
31-08-2017,52.0016,Kotak Bluechip,120841
30-08-2017,51.4854,Kotak Bluechip,120841
29-08-2017,51.0848,Kotak Bluechip,120841
28-08-2017,51.4359,Kotak Bluechip,120841
24-08-2017,51.1357,Kotak Bluechip,120841
23-08-2017,51.3041,Kotak Bluechip,120841
22-08-2017,51.0667,Kotak Bluechip,120841
21-08-2017,51.1516,Kotak Bluechip,120841
18-08-2017,51.3925,Kotak Bluechip,120841
17-08-2017,51.4468,Kotak Bluechip,120841
16-08-2017,51.4469,Kotak Bluechip,120841
14-08-2017,51.0124,Kotak Bluechip,120841
11-08-2017,50.7161,Kotak Bluechip,120841
10-08-2017,50.8384,Kotak Bluechip,120841
09-08-2017,51.5566,Kotak Bluechip,120841
08-08-2017,51.8675,Kotak Bluechip,120841
07-08-2017,51.999,Kotak Bluechip,120841
04-08-2017,51.8016,Kotak Bluechip,120841
03-08-2017,51.5464,Kotak Bluechip,120841
02-08-2017,51.6228,Kotak Bluechip,120841
01-08-2017,51.5924,Kotak Bluechip,120841
31-07-2017,51.594,Kotak Bluechip,120841
28-07-2017,51.6688,Kotak Bluechip,120841
27-07-2017,51.6326,Kotak Bluechip,120841
26-07-2017,51.7039,Kotak Bluechip,120841
25-07-2017,51.6699,Kotak Bluechip,120841
24-07-2017,51.5258,Kotak Bluechip,120841
21-07-2017,51.6779,Kotak Bluechip,120841
20-07-2017,51.6241,Kotak Bluechip,120841
19-07-2017,51.7677,Kotak Bluechip,120841
18-07-2017,51.5988,Kotak Bluechip,120841
17-07-2017,52.1358,Kotak Bluechip,120841
14-07-2017,51.9899,Kotak Bluechip,120841
13-07-2017,52.1989,Kotak Bluechip,120841
12-07-2017,51.7894,Kotak Bluechip,120841
11-07-2017,51.6444,Kotak Bluechip,120841
10-07-2017,51.7595,Kotak Bluechip,120841
07-07-2017,51.6244,Kotak Bluechip,120841
06-07-2017,51.78,Kotak Bluechip,120841
05-07-2017,51.6977,Kotak Bluechip,120841
04-07-2017,51.4155,Kotak Bluechip,120841
03-07-2017,51.4957,Kotak Bluechip,120841
30-06-2017,51.0428,Kotak Bluechip,120841
29-06-2017,50.6024,Kotak Bluechip,120841
28-06-2017,50.2621,Kotak Bluechip,120841
27-06-2017,50.1662,Kotak Bluechip,120841
23-06-2017,50.634,Kotak Bluechip,120841
22-06-2017,51.0105,Kotak Bluechip,120841
21-06-2017,51.1627,Kotak Bluechip,120841
20-06-2017,51.3325,Kotak Bluechip,120841
19-06-2017,51.0377,Kotak Bluechip,120841
16-06-2017,50.8527,Kotak Bluechip,120841
15-06-2017,50.7915,Kotak Bluechip,120841
14-06-2017,50.6685,Kotak Bluechip,120841
13-06-2017,50.7351,Kotak Bluechip,120841
12-06-2017,50.8526,Kotak Bluechip,120841
09-06-2017,50.9633,Kotak Bluechip,120841
08-06-2017,50.9098,Kotak Bluechip,120841
07-06-2017,50.9278,Kotak Bluechip,120841
06-06-2017,50.9186,Kotak Bluechip,120841
05-06-2017,51.1389,Kotak Bluechip,120841
02-06-2017,50.8137,Kotak Bluechip,120841
01-06-2017,50.5691,Kotak Bluechip,120841
31-05-2017,50.086,Kotak Bluechip,120841
30-05-2017,49.9086,Kotak Bluechip,120841
29-05-2017,49.9694,Kotak Bluechip,120841
26-05-2017,50.1525,Kotak Bluechip,120841
25-05-2017,49.8005,Kotak Bluechip,120841
24-05-2017,49.1609,Kotak Bluechip,120841
23-05-2017,49.3919,Kotak Bluechip,120841
22-05-2017,49.9904,Kotak Bluechip,120841
19-05-2017,50.0984,Kotak Bluechip,120841
18-05-2017,50.2709,Kotak Bluechip,120841
17-05-2017,50.7513,Kotak Bluechip,120841
16-05-2017,50.8546,Kotak Bluechip,120841
15-05-2017,50.6543,Kotak Bluechip,120841
12-05-2017,50.2195,Kotak Bluechip,120841
11-05-2017,50.3709,Kotak Bluechip,120841
10-05-2017,50.3488,Kotak Bluechip,120841
09-05-2017,50.185,Kotak Bluechip,120841
08-05-2017,49.9032,Kotak Bluechip,120841
05-05-2017,49.5022,Kotak Bluechip,120841
04-05-2017,49.5693,Kotak Bluechip,120841
03-05-2017,49.208,Kotak Bluechip,120841
02-05-2017,49.2748,Kotak Bluechip,120841
28-04-2017,49.2122,Kotak Bluechip,120841
27-04-2017,49.3447,Kotak Bluechip,120841
26-04-2017,49.3174,Kotak Bluechip,120841
25-04-2017,49.4499,Kotak Bluechip,120841
24-04-2017,49.0819,Kotak Bluechip,120841
21-04-2017,48.7205,Kotak Bluechip,120841
20-04-2017,48.8744,Kotak Bluechip,120841
19-04-2017,48.7705,Kotak Bluechip,120841
18-04-2017,48.5394,Kotak Bluechip,120841
17-04-2017,48.8076,Kotak Bluechip,120841
13-04-2017,48.7427,Kotak Bluechip,120841
12-04-2017,48.8076,Kotak Bluechip,120841
11-04-2017,48.9793,Kotak Bluechip,120841
10-04-2017,48.7858,Kotak Bluechip,120841
07-04-2017,48.6746,Kotak Bluechip,120841
06-04-2017,48.8463,Kotak Bluechip,120841
05-04-2017,48.8466,Kotak Bluechip,120841
03-04-2017,48.6439,Kotak Bluechip,120841
31-03-2017,48.4738,Kotak Bluechip,120841
30-03-2017,48.4946,Kotak Bluechip,120841
29-03-2017,48.1492,Kotak Bluechip,120841
28-03-2017,48.2353,Kotak Bluechip,120841
27-03-2017,48.0176,Kotak Bluechip,120841
24-03-2017,47.974,Kotak Bluechip,120841
23-03-2017,47.9662,Kotak Bluechip,120841
22-03-2017,47.7387,Kotak Bluechip,120841
21-03-2017,48.0443,Kotak Bluechip,120841
20-03-2017,48.1478,Kotak Bluechip,120841
17-03-2017,47.9569,Kotak Bluechip,120841
16-03-2017,47.8785,Kotak Bluechip,120841
15-03-2017,47.6148,Kotak Bluechip,120841
14-03-2017,47.5888,Kotak Bluechip,120841
10-03-2017,47.2595,Kotak Bluechip,120841
09-03-2017,47.3759,Kotak Bluechip,120841
08-03-2017,47.4553,Kotak Bluechip,120841
07-03-2017,47.5058,Kotak Bluechip,120841
06-03-2017,47.3499,Kotak Bluechip,120841
03-03-2017,47.2031,Kotak Bluechip,120841
02-03-2017,46.725,Kotak Bluechip,120841
01-03-2017,47.0151,Kotak Bluechip,120841
28-02-2017,46.6798,Kotak Bluechip,120841
27-02-2017,46.8116,Kotak Bluechip,120841
23-02-2017,46.8451,Kotak Bluechip,120841
22-02-2017,46.7794,Kotak Bluechip,120841
21-02-2017,46.8724,Kotak Bluechip,120841
20-02-2017,46.7,Kotak Bluechip,120841
17-02-2017,46.5361,Kotak Bluechip,120841
16-02-2017,46.3536,Kotak Bluechip,120841
15-02-2017,45.9069,Kotak Bluechip,120841
14-02-2017,46.1923,Kotak Bluechip,120841
13-02-2017,46.2084,Kotak Bluechip,120841
10-02-2017,46.1021,Kotak Bluechip,120841
09-02-2017,46.1113,Kotak Bluechip,120841
08-02-2017,46.1045,Kotak Bluechip,120841
07-02-2017,46.1615,Kotak Bluechip,120841
06-02-2017,46.4307,Kotak Bluechip,120841
03-02-2017,46.0294,Kotak Bluechip,120841
02-02-2017,46.135,Kotak Bluechip,120841
01-02-2017,45.6344,Kotak Bluechip,120841
31-01-2017,45.3401,Kotak Bluechip,120841
30-01-2017,45.6634,Kotak Bluechip,120841
27-01-2017,45.3839,Kotak Bluechip,120841
25-01-2017,44.9529,Kotak Bluechip,120841
24-01-2017,44.7528,Kotak Bluechip,120841
23-01-2017,44.5136,Kotak Bluechip,120841
20-01-2017,44.4805,Kotak Bluechip,120841
19-01-2017,44.8812,Kotak Bluechip,120841
18-01-2017,44.8719,Kotak Bluechip,120841
17-01-2017,44.8612,Kotak Bluechip,120841
16-01-2017,44.8403,Kotak Bluechip,120841
13-01-2017,44.9041,Kotak Bluechip,120841
12-01-2017,44.7539,Kotak Bluechip,120841
11-01-2017,44.7656,Kotak Bluechip,120841
10-01-2017,44.604,Kotak Bluechip,120841
09-01-2017,44.6436,Kotak Bluechip,120841
06-01-2017,44.6518,Kotak Bluechip,120841
05-01-2017,44.893,Kotak Bluechip,120841
04-01-2017,44.5042,Kotak Bluechip,120841
03-01-2017,44.4973,Kotak Bluechip,120841
02-01-2017,44.2947,Kotak Bluechip,120841
30-12-2016,44.2716,Kotak Bluechip,120841
29-12-2016,43.8966,Kotak Bluechip,120841
28-12-2016,43.6725,Kotak Bluechip,120841
27-12-2016,43.5595,Kotak Bluechip,120841
26-12-2016,43.3163,Kotak Bluechip,120841
23-12-2016,43.6648,Kotak Bluechip,120841
22-12-2016,43.7165,Kotak Bluechip,120841
21-12-2016,44.0413,Kotak Bluechip,120841
20-12-2016,44.2162,Kotak Bluechip,120841
19-12-2016,44.5271,Kotak Bluechip,120841
16-12-2016,44.7426,Kotak Bluechip,120841
15-12-2016,44.6701,Kotak Bluechip,120841
14-12-2016,44.7197,Kotak Bluechip,120841
13-12-2016,44.9278,Kotak Bluechip,120841
12-12-2016,44.7589,Kotak Bluechip,120841
09-12-2016,44.9309,Kotak Bluechip,120841
08-12-2016,44.7777,Kotak Bluechip,120841
07-12-2016,44.2018,Kotak Bluechip,120841
06-12-2016,44.4492,Kotak Bluechip,120841
05-12-2016,44.4293,Kotak Bluechip,120841
02-12-2016,44.3674,Kotak Bluechip,120841
01-12-2016,44.6774,Kotak Bluechip,120841
30-11-2016,44.7168,Kotak Bluechip,120841
29-11-2016,44.6202,Kotak Bluechip,120841
28-11-2016,44.7225,Kotak Bluechip,120841
25-11-2016,44.774,Kotak Bluechip,120841
24-11-2016,44.3228,Kotak Bluechip,120841
23-11-2016,44.318,Kotak Bluechip,120841
22-11-2016,44.0172,Kotak Bluechip,120841
21-11-2016,43.8571,Kotak Bluechip,120841
18-11-2016,44.4224,Kotak Bluechip,120841
17-11-2016,44.2919,Kotak Bluechip,120841
16-11-2016,44.2087,Kotak Bluechip,120841
15-11-2016,44.2038,Kotak Bluechip,120841
11-11-2016,45.2801,Kotak Bluechip,120841
10-11-2016,45.8432,Kotak Bluechip,120841
09-11-2016,45.4669,Kotak Bluechip,120841
08-11-2016,45.8786,Kotak Bluechip,120841
07-11-2016,45.9982,Kotak Bluechip,120841
04-11-2016,45.583,Kotak Bluechip,120841
03-11-2016,46.1553,Kotak Bluechip,120841
02-11-2016,46.4307,Kotak Bluechip,120841
01-11-2016,46.714,Kotak Bluechip,120841
28-10-2016,46.6386,Kotak Bluechip,120841
27-10-2016,46.581,Kotak Bluechip,120841
26-10-2016,46.6357,Kotak Bluechip,120841
25-10-2016,47.111,Kotak Bluechip,120841
24-10-2016,46.9967,Kotak Bluechip,120841
21-10-2016,46.8826,Kotak Bluechip,120841
20-10-2016,47.1875,Kotak Bluechip,120841
19-10-2016,47.0649,Kotak Bluechip,120841
18-10-2016,46.9436,Kotak Bluechip,120841
17-10-2016,46.4484,Kotak Bluechip,120841
14-10-2016,46.1983,Kotak Bluechip,120841
13-10-2016,45.9896,Kotak Bluechip,120841
10-10-2016,46.6929,Kotak Bluechip,120841
07-10-2016,46.4383,Kotak Bluechip,120841
06-10-2016,46.4291,Kotak Bluechip,120841
05-10-2016,46.5896,Kotak Bluechip,120841
04-10-2016,46.5193,Kotak Bluechip,120841
03-10-2016,46.5561,Kotak Bluechip,120841
30-09-2016,46.0515,Kotak Bluechip,120841
29-09-2016,45.7798,Kotak Bluechip,120841
28-09-2016,46.4962,Kotak Bluechip,120841
27-09-2016,46.306,Kotak Bluechip,120841
26-09-2016,46.3804,Kotak Bluechip,120841
23-09-2016,46.6784,Kotak Bluechip,120841
22-09-2016,46.727,Kotak Bluechip,120841
21-09-2016,46.4944,Kotak Bluechip,120841
20-09-2016,46.4957,Kotak Bluechip,120841
19-09-2016,46.5887,Kotak Bluechip,120841
16-09-2016,46.4991,Kotak Bluechip,120841
15-09-2016,46.3212,Kotak Bluechip,120841
14-09-2016,46.3593,Kotak Bluechip,120841
12-09-2016,46.183,Kotak Bluechip,120841
09-09-2016,46.7809,Kotak Bluechip,120841
08-09-2016,46.9793,Kotak Bluechip,120841
07-09-2016,46.8986,Kotak Bluechip,120841
06-09-2016,46.8287,Kotak Bluechip,120841
02-09-2016,46.6252,Kotak Bluechip,120841
01-09-2016,46.4749,Kotak Bluechip,120841
31-08-2016,46.7573,Kotak Bluechip,120841
30-08-2016,46.8265,Kotak Bluechip,120841
29-08-2016,46.5897,Kotak Bluechip,120841
26-08-2016,46.5909,Kotak Bluechip,120841
25-08-2016,46.7728,Kotak Bluechip,120841
24-08-2016,46.9027,Kotak Bluechip,120841
23-08-2016,46.5501,Kotak Bluechip,120841
22-08-2016,46.6548,Kotak Bluechip,120841
19-08-2016,46.8997,Kotak Bluechip,120841
18-08-2016,46.7615,Kotak Bluechip,120841
17-08-2016,46.7313,Kotak Bluechip,120841
16-08-2016,46.1133,Kotak Bluechip,120841
12-08-2016,46.2355,Kotak Bluechip,120841
11-08-2016,46.2581,Kotak Bluechip,120841
10-08-2016,46.2506,Kotak Bluechip,120841
09-08-2016,46.7295,Kotak Bluechip,120841
08-08-2016,47.0299,Kotak Bluechip,120841
05-08-2016,46.6448,Kotak Bluechip,120841
04-08-2016,45.6577,Kotak Bluechip,120841
03-08-2016,45.6467,Kotak Bluechip,120841
02-08-2016,45.8112,Kotak Bluechip,120841
01-08-2016,46.1563,Kotak Bluechip,120841
29-07-2016,46.0838,Kotak Bluechip,120841
28-07-2016,46.2087,Kotak Bluechip,120841
27-07-2016,46.2059,Kotak Bluechip,120841
26-07-2016,46.1495,Kotak Bluechip,120841
25-07-2016,46.28,Kotak Bluechip,120841
22-07-2016,46.0221,Kotak Bluechip,120841
21-07-2016,45.9055,Kotak Bluechip,120841
20-07-2016,46.0671,Kotak Bluechip,120841
19-07-2016,46.0677,Kotak Bluechip,120841
18-07-2016,46.0924,Kotak Bluechip,120841
15-07-2016,46.2723,Kotak Bluechip,120841
14-07-2016,46.5461,Kotak Bluechip,120841
13-07-2016,46.4546,Kotak Bluechip,120841
12-07-2016,46.7207,Kotak Bluechip,120841
11-07-2016,47.0822,Kotak Bluechip,120841
08-07-2016,46.8158,Kotak Bluechip,120841
07-07-2016,46.8895,Kotak Bluechip,120841
05-07-2016,46.8559,Kotak Bluechip,120841
04-07-2016,46.68,Kotak Bluechip,120841
01-07-2016,46.6441,Kotak Bluechip,120841
30-06-2016,46.6178,Kotak Bluechip,120841
29-06-2016,46.3677,Kotak Bluechip,120841
28-06-2016,46.274,Kotak Bluechip,120841
27-06-2016,46.6667,Kotak Bluechip,120841
24-06-2016,46.3518,Kotak Bluechip,120841
23-06-2016,46.7506,Kotak Bluechip,120841
22-06-2016,46.3291,Kotak Bluechip,120841
21-06-2016,46.0443,Kotak Bluechip,120841
20-06-2016,45.9361,Kotak Bluechip,120841
17-06-2016,46.0859,Kotak Bluechip,120841
16-06-2016,46.076,Kotak Bluechip,120841
15-06-2016,46.2784,Kotak Bluechip,120841
14-06-2016,46.0534,Kotak Bluechip,120841
13-06-2016,45.9779,Kotak Bluechip,120841
10-06-2016,46.0846,Kotak Bluechip,120841
09-06-2016,46.1665,Kotak Bluechip,120841
08-06-2016,46.1363,Kotak Bluechip,120841
07-06-2016,45.9444,Kotak Bluechip,120841
06-06-2016,45.9507,Kotak Bluechip,120841
03-06-2016,46.0204,Kotak Bluechip,120841
02-06-2016,45.8856,Kotak Bluechip,120841
01-06-2016,45.9132,Kotak Bluechip,120841
31-05-2016,45.7905,Kotak Bluechip,120841
30-05-2016,45.9932,Kotak Bluechip,120841
27-05-2016,46.1269,Kotak Bluechip,120841
26-05-2016,45.7658,Kotak Bluechip,120841
25-05-2016,45.6852,Kotak Bluechip,120841
24-05-2016,45.2422,Kotak Bluechip,120841
23-05-2016,45.2863,Kotak Bluechip,120841
20-05-2016,45.456,Kotak Bluechip,120841
19-05-2016,45.9576,Kotak Bluechip,120841
18-05-2016,46.2503,Kotak Bluechip,120841
17-05-2016,45.991,Kotak Bluechip,120841
16-05-2016,45.9558,Kotak Bluechip,120841
13-05-2016,46.1965,Kotak Bluechip,120841
12-05-2016,46.361,Kotak Bluechip,120841
11-05-2016,46.103,Kotak Bluechip,120841
10-05-2016,45.8958,Kotak Bluechip,120841
09-05-2016,45.8245,Kotak Bluechip,120841
06-05-2016,45.2183,Kotak Bluechip,120841
05-05-2016,44.7328,Kotak Bluechip,120841
04-05-2016,45.0089,Kotak Bluechip,120841
03-05-2016,45.2541,Kotak Bluechip,120841
02-05-2016,45.4856,Kotak Bluechip,120841
29-04-2016,45.2944,Kotak Bluechip,120841
28-04-2016,45.131,Kotak Bluechip,120841
27-04-2016,45.4187,Kotak Bluechip,120841
26-04-2016,45.493,Kotak Bluechip,120841
25-04-2016,45.3364,Kotak Bluechip,120841
22-04-2016,45.4468,Kotak Bluechip,120841
21-04-2016,45.4675,Kotak Bluechip,120841
20-04-2016,45.5324,Kotak Bluechip,120841
18-04-2016,45.5604,Kotak Bluechip,120841
13-04-2016,45.259,Kotak Bluechip,120841
12-04-2016,44.8656,Kotak Bluechip,120841
11-04-2016,44.7769,Kotak Bluechip,120841
08-04-2016,44.622,Kotak Bluechip,120841
07-04-2016,44.5633,Kotak Bluechip,120841
06-04-2016,44.7046,Kotak Bluechip,120841
05-04-2016,44.5675,Kotak Bluechip,120841
04-04-2016,44.8367,Kotak Bluechip,120841
01-04-2016,44.909,Kotak Bluechip,120841
31-03-2016,44.9562,Kotak Bluechip,120841
30-03-2016,44.7303,Kotak Bluechip,120841
29-03-2016,44.3582,Kotak Bluechip,120841
28-03-2016,44.4202,Kotak Bluechip,120841
23-03-2016,45.1516,Kotak Bluechip,120841
22-03-2016,45.0016,Kotak Bluechip,120841
21-03-2016,44.731,Kotak Bluechip,120841
18-03-2016,44.4373,Kotak Bluechip,120841
17-03-2016,44.37,Kotak Bluechip,120841
16-03-2016,44.2036,Kotak Bluechip,120841
15-03-2016,43.8922,Kotak Bluechip,120841
14-03-2016,44.2556,Kotak Bluechip,120841
11-03-2016,44.2162,Kotak Bluechip,120841
10-03-2016,44.3317,Kotak Bluechip,120841
09-03-2016,44.4453,Kotak Bluechip,120841
08-03-2016,44.3815,Kotak Bluechip,120841
04-03-2016,44.3695,Kotak Bluechip,120841
03-03-2016,44.222,Kotak Bluechip,120841
02-03-2016,43.6878,Kotak Bluechip,120841
01-03-2016,43.3789,Kotak Bluechip,120841
29-02-2016,42.6259,Kotak Bluechip,120841
26-02-2016,42.7921,Kotak Bluechip,120841
25-02-2016,42.7945,Kotak Bluechip,120841
24-02-2016,42.8792,Kotak Bluechip,120841
23-02-2016,43.25,Kotak Bluechip,120841
22-02-2016,43.5553,Kotak Bluechip,120841
19-02-2016,43.2208,Kotak Bluechip,120841
18-02-2016,43.3155,Kotak Bluechip,120841
17-02-2016,43.2199,Kotak Bluechip,120841
16-02-2016,43.0777,Kotak Bluechip,120841
15-02-2016,43.5587,Kotak Bluechip,120841
12-02-2016,42.8915,Kotak Bluechip,120841
11-02-2016,42.9294,Kotak Bluechip,120841
10-02-2016,43.773,Kotak Bluechip,120841
09-02-2016,43.8215,Kotak Bluechip,120841
08-02-2016,44.0482,Kotak Bluechip,120841
05-02-2016,44.0239,Kotak Bluechip,120841
04-02-2016,43.5567,Kotak Bluechip,120841
03-02-2016,43.6238,Kotak Bluechip,120841
02-02-2016,44.0882,Kotak Bluechip,120841
01-02-2016,44.4463,Kotak Bluechip,120841
29-01-2016,44.524,Kotak Bluechip,120841
28-01-2016,44.0616,Kotak Bluechip,120841
27-01-2016,44.2096,Kotak Bluechip,120841
25-01-2016,44.1217,Kotak Bluechip,120841
22-01-2016,43.7916,Kotak Bluechip,120841
21-01-2016,43.3958,Kotak Bluechip,120841
20-01-2016,43.3523,Kotak Bluechip,120841
19-01-2016,43.9695,Kotak Bluechip,120841
18-01-2016,43.4943,Kotak Bluechip,120841
15-01-2016,43.8217,Kotak Bluechip,120841
14-01-2016,44.4203,Kotak Bluechip,120841
13-01-2016,44.6923,Kotak Bluechip,120841
12-01-2016,45.0379,Kotak Bluechip,120841
11-01-2016,45.4949,Kotak Bluechip,120841
08-01-2016,45.9423,Kotak Bluechip,120841
07-01-2016,45.6282,Kotak Bluechip,120841
06-01-2016,45.5699,Kotak Bluechip,120841
05-01-2016,45.5268,Kotak Bluechip,120841
04-01-2016,45.2516,Kotak Bluechip,120841
01-01-2016,45.5737,Kotak Bluechip,120841
31-12-2015,45.4427,Kotak Bluechip,120841
30-12-2015,45.1147,Kotak Bluechip,120841
29-12-2015,45.1986,Kotak Bluechip,120841
28-12-2015,45.1978,Kotak Bluechip,120841
24-12-2015,45.0668,Kotak Bluechip,120841
23-12-2015,45.0817,Kotak Bluechip,120841
22-12-2015,44.9345,Kotak Bluechip,120841
21-12-2015,44.8511,Kotak Bluechip,120841
18-12-2015,44.7304,Kotak Bluechip,120841
17-12-2015,44.9241,Kotak Bluechip,120841
16-12-2015,44.7086,Kotak Bluechip,120841
15-12-2015,44.1356,Kotak Bluechip,120841
14-12-2015,44.0177,Kotak Bluechip,120841
11-12-2015,44.0887,Kotak Bluechip,120841
10-12-2015,44.3488,Kotak Bluechip,120841
09-12-2015,43.9016,Kotak Bluechip,120841
08-12-2015,44.6029,Kotak Bluechip,120841
07-12-2015,44.875,Kotak Bluechip,120841
04-12-2015,44.8993,Kotak Bluechip,120841
03-12-2015,44.8663,Kotak Bluechip,120841
02-12-2015,44.8814,Kotak Bluechip,120841
01-12-2015,44.8963,Kotak Bluechip,120841
30-11-2015,44.8851,Kotak Bluechip,120841
27-11-2015,44.7518,Kotak Bluechip,120841
26-11-2015,44.7056,Kotak Bluechip,120841
24-11-2015,44.6079,Kotak Bluechip,120841
23-11-2015,44.5719,Kotak Bluechip,120841
20-11-2015,44.6006,Kotak Bluechip,120841
19-11-2015,44.5686,Kotak Bluechip,120841
18-11-2015,44.3369,Kotak Bluechip,120841
17-11-2015,44.3976,Kotak Bluechip,120841
16-11-2015,44.3086,Kotak Bluechip,120841
13-11-2015,44.4947,Kotak Bluechip,120841
10-11-2015,44.2844,Kotak Bluechip,120841
09-11-2015,44.5404,Kotak Bluechip,120841
06-11-2015,44.5155,Kotak Bluechip,120841
05-11-2015,44.4522,Kotak Bluechip,120841
04-11-2015,44.4368,Kotak Bluechip,120841
03-11-2015,44.4502,Kotak Bluechip,120841
02-11-2015,44.3965,Kotak Bluechip,120841
30-10-2015,44.5302,Kotak Bluechip,120841
28-10-2015,44.8136,Kotak Bluechip,120841
27-10-2015,45.0271,Kotak Bluechip,120841
26-10-2015,44.9807,Kotak Bluechip,120841
23-10-2015,45.0661,Kotak Bluechip,120841
21-10-2015,45.0324,Kotak Bluechip,120841
20-10-2015,45.1077,Kotak Bluechip,120841
19-10-2015,44.922,Kotak Bluechip,120841
16-10-2015,44.838,Kotak Bluechip,120841
15-10-2015,44.667,Kotak Bluechip,120841
14-10-2015,44.5964,Kotak Bluechip,120841
13-10-2015,44.8045,Kotak Bluechip,120841
12-10-2015,44.825,Kotak Bluechip,120841
09-10-2015,44.9104,Kotak Bluechip,120841
08-10-2015,44.8145,Kotak Bluechip,120841
07-10-2015,44.9819,Kotak Bluechip,120841
06-10-2015,45.1132,Kotak Bluechip,120841
05-10-2015,45.0293,Kotak Bluechip,120841
01-10-2015,44.6241,Kotak Bluechip,120841
30-09-2015,44.3665,Kotak Bluechip,120841
29-09-2015,44.1961,Kotak Bluechip,120841
28-09-2015,44.3226,Kotak Bluechip,120841
24-09-2015,44.3923,Kotak Bluechip,120841
23-09-2015,44.4909,Kotak Bluechip,120841
22-09-2015,44.4494,Kotak Bluechip,120841
21-09-2015,44.6135,Kotak Bluechip,120841
18-09-2015,44.5479,Kotak Bluechip,120841
16-09-2015,44.237,Kotak Bluechip,120841
15-09-2015,44.3774,Kotak Bluechip,120841
14-09-2015,44.7141,Kotak Bluechip,120841
11-09-2015,44.2894,Kotak Bluechip,120841
10-09-2015,44.1792,Kotak Bluechip,120841
09-09-2015,44.2422,Kotak Bluechip,120841
08-09-2015,43.8319,Kotak Bluechip,120841
07-09-2015,43.5462,Kotak Bluechip,120841
04-09-2015,44.2901,Kotak Bluechip,120841
03-09-2015,44.8316,Kotak Bluechip,120841
02-09-2015,44.6353,Kotak Bluechip,120841
01-09-2015,44.8299,Kotak Bluechip,120841
31-08-2015,45.5376,Kotak Bluechip,120841
28-08-2015,45.6951,Kotak Bluechip,120841
27-08-2015,45.2391,Kotak Bluechip,120841
26-08-2015,44.702,Kotak Bluechip,120841
25-08-2015,44.6726,Kotak Bluechip,120841
24-08-2015,44.5233,Kotak Bluechip,120841
21-08-2015,46.8112,Kotak Bluechip,120841
20-08-2015,46.9203,Kotak Bluechip,120841
19-08-2015,47.1937,Kotak Bluechip,120841
18-08-2015,47.1036,Kotak Bluechip,120841
17-08-2015,47.1359,Kotak Bluechip,120841
14-08-2015,47.0322,Kotak Bluechip,120841
13-08-2015,46.8814,Kotak Bluechip,120841
12-08-2015,46.8326,Kotak Bluechip,120841
11-08-2015,47.1728,Kotak Bluechip,120841
10-08-2015,47.2341,Kotak Bluechip,120841
07-08-2015,47.2899,Kotak Bluechip,120841
06-08-2015,47.273,Kotak Bluechip,120841
05-08-2015,47.4126,Kotak Bluechip,120841
04-08-2015,47.4579,Kotak Bluechip,120841
03-08-2015,47.2923,Kotak Bluechip,120841
31-07-2015,47.2648,Kotak Bluechip,120841
30-07-2015,46.9749,Kotak Bluechip,120841
29-07-2015,46.9588,Kotak Bluechip,120841
28-07-2015,46.7418,Kotak Bluechip,120841
27-07-2015,46.6649,Kotak Bluechip,120841
24-07-2015,46.8783,Kotak Bluechip,120841
23-07-2015,46.9692,Kotak Bluechip,120841
22-07-2015,46.9556,Kotak Bluechip,120841
21-07-2015,46.7045,Kotak Bluechip,120841
20-07-2015,47.3233,Kotak Bluechip,120841
17-07-2015,47.4565,Kotak Bluechip,120841
16-07-2015,47.5014,Kotak Bluechip,120841
15-07-2015,47.1169,Kotak Bluechip,120841
14-07-2015,47.0765,Kotak Bluechip,120841
13-07-2015,47.0181,Kotak Bluechip,120841
10-07-2015,46.7161,Kotak Bluechip,120841
09-07-2015,46.5648,Kotak Bluechip,120841
08-07-2015,46.5091,Kotak Bluechip,120841
07-07-2015,47.0003,Kotak Bluechip,120841
06-07-2015,46.9771,Kotak Bluechip,120841
03-07-2015,46.9281,Kotak Bluechip,120841
02-07-2015,46.75,Kotak Bluechip,120841
01-07-2015,46.7598,Kotak Bluechip,120841
30-06-2015,46.4944,Kotak Bluechip,120841
29-06-2015,46.3877,Kotak Bluechip,120841
26-06-2015,46.6247,Kotak Bluechip,120841
25-06-2015,46.6303,Kotak Bluechip,120841
24-06-2015,46.6983,Kotak Bluechip,120841
23-06-2015,46.7231,Kotak Bluechip,120841
22-06-2015,46.7138,Kotak Bluechip,120841
19-06-2015,46.3519,Kotak Bluechip,120841
18-06-2015,46.288,Kotak Bluechip,120841
17-06-2015,46.1466,Kotak Bluechip,120841
16-06-2015,46.0275,Kotak Bluechip,120841
15-06-2015,45.9768,Kotak Bluechip,120841
12-06-2015,46.042,Kotak Bluechip,120841
11-06-2015,45.8397,Kotak Bluechip,120841
10-06-2015,46.4116,Kotak Bluechip,120841
09-06-2015,45.844,Kotak Bluechip,120841
08-06-2015,46.2913,Kotak Bluechip,120841
05-06-2015,46.5337,Kotak Bluechip,120841
04-06-2015,46.4376,Kotak Bluechip,120841
03-06-2015,46.306,Kotak Bluechip,120841
02-06-2015,46.7161,Kotak Bluechip,120841
01-06-2015,47.2125,Kotak Bluechip,120841
29-05-2015,47.2812,Kotak Bluechip,120841
28-05-2015,47.0061,Kotak Bluechip,120841
27-05-2015,46.8735,Kotak Bluechip,120841
26-05-2015,46.7688,Kotak Bluechip,120841
25-05-2015,46.7232,Kotak Bluechip,120841
22-05-2015,46.8631,Kotak Bluechip,120841
21-05-2015,46.8116,Kotak Bluechip,120841
20-05-2015,46.756,Kotak Bluechip,120841
19-05-2015,46.6403,Kotak Bluechip,120841
18-05-2015,46.5611,Kotak Bluechip,120841
15-05-2015,46.433,Kotak Bluechip,120841
14-05-2015,46.1093,Kotak Bluechip,120841
13-05-2015,46.19,Kotak Bluechip,120841
12-05-2015,45.8605,Kotak Bluechip,120841
11-05-2015,46.2114,Kotak Bluechip,120841
08-05-2015,45.7721,Kotak Bluechip,120841
07-05-2015,45.5237,Kotak Bluechip,120841
06-05-2015,45.8819,Kotak Bluechip,120841
05-05-2015,46.5402,Kotak Bluechip,120841
04-05-2015,46.3984,Kotak Bluechip,120841
30-04-2015,46.1647,Kotak Bluechip,120841
29-04-2015,46.4326,Kotak Bluechip,120841
28-04-2015,45.9896,Kotak Bluechip,120841
27-04-2015,45.4246,Kotak Bluechip,120841
24-04-2015,46.145,Kotak Bluechip,120841
23-04-2015,46.7161,Kotak Bluechip,120841
22-04-2015,46.7639,Kotak Bluechip,120841
21-04-2015,46.6495,Kotak Bluechip,120841
20-04-2015,46.8014,Kotak Bluechip,120841
17-04-2015,46.9038,Kotak Bluechip,120841
16-04-2015,47.308,Kotak Bluechip,120841
15-04-2015,47.3503,Kotak Bluechip,120841
13-04-2015,47.1096,Kotak Bluechip,120841
10-04-2015,46.7435,Kotak Bluechip,120841
09-04-2015,46.6422,Kotak Bluechip,120841
08-04-2015,46.5189,Kotak Bluechip,120841
07-04-2015,46.6399,Kotak Bluechip,120841
06-04-2015,46.6118,Kotak Bluechip,120841
31-03-2015,45.8432,Kotak Bluechip,120841
30-03-2015,45.7778,Kotak Bluechip,120841
27-03-2015,45.4589,Kotak Bluechip,120841
26-03-2015,45.4437,Kotak Bluechip,120841
25-03-2015,45.8806,Kotak Bluechip,120841
24-03-2015,45.6127,Kotak Bluechip,120841
23-03-2015,45.2108,Kotak Bluechip,120841
20-03-2015,45.3497,Kotak Bluechip,120841
19-03-2015,45.5074,Kotak Bluechip,120841
18-03-2015,45.2129,Kotak Bluechip,120841
17-03-2015,44.8675,Kotak Bluechip,120841
16-03-2015,44.7028,Kotak Bluechip,120841
13-03-2015,44.7963,Kotak Bluechip,120841
12-03-2015,45.1561,Kotak Bluechip,120841
11-03-2015,44.9324,Kotak Bluechip,120841
10-03-2015,44.8872,Kotak Bluechip,120841
09-03-2015,44.8287,Kotak Bluechip,120841
05-03-2015,44.9791,Kotak Bluechip,120841
04-03-2015,44.7062,Kotak Bluechip,120841
03-03-2015,44.835,Kotak Bluechip,120841
02-03-2015,44.8413,Kotak Bluechip,120841
27-02-2015,44.5852,Kotak Bluechip,120841
26-02-2015,44.2141,Kotak Bluechip,120841
25-02-2015,44.5169,Kotak Bluechip,120841
24-02-2015,44.3655,Kotak Bluechip,120841
23-02-2015,44.2119,Kotak Bluechip,120841
20-02-2015,44.1967,Kotak Bluechip,120841
19-02-2015,43.954,Kotak Bluechip,120841
18-02-2015,43.8536,Kotak Bluechip,120841
16-02-2015,43.6674,Kotak Bluechip,120841
13-02-2015,43.5809,Kotak Bluechip,120841
12-02-2015,43.3558,Kotak Bluechip,120841
11-02-2015,43.0751,Kotak Bluechip,120841
10-02-2015,42.7744,Kotak Bluechip,120841
09-02-2015,42.6551,Kotak Bluechip,120841
06-02-2015,42.9024,Kotak Bluechip,120841
05-02-2015,43.1618,Kotak Bluechip,120841
04-02-2015,43.3804,Kotak Bluechip,120841
03-02-2015,43.6408,Kotak Bluechip,120841
02-02-2015,43.8334,Kotak Bluechip,120841
30-01-2015,43.3838,Kotak Bluechip,120841
29-01-2015,43.6312,Kotak Bluechip,120841
28-01-2015,43.3233,Kotak Bluechip,120841
27-01-2015,43.5299,Kotak Bluechip,120841
23-01-2015,43.3195,Kotak Bluechip,120841
22-01-2015,43.336,Kotak Bluechip,120841
21-01-2015,43.5297,Kotak Bluechip,120841
20-01-2015,43.2958,Kotak Bluechip,120841
19-01-2015,43.3996,Kotak Bluechip,120841
16-01-2015,43.3962,Kotak Bluechip,120841
15-01-2015,43.3244,Kotak Bluechip,120841
14-01-2015,43.0518,Kotak Bluechip,120841
13-01-2015,43.0722,Kotak Bluechip,120841
12-01-2015,42.7468,Kotak Bluechip,120841
09-01-2015,42.3017,Kotak Bluechip,120841
08-01-2015,42.1954,Kotak Bluechip,120841
07-01-2015,41.8746,Kotak Bluechip,120841
06-01-2015,41.9532,Kotak Bluechip,120841
05-01-2015,42.5467,Kotak Bluechip,120841
02-01-2015,42.5325,Kotak Bluechip,120841
01-01-2015,42.4985,Kotak Bluechip,120841
31-12-2014,42.2877,Kotak Bluechip,120841
30-12-2014,42.1408,Kotak Bluechip,120841
29-12-2014,42.102,Kotak Bluechip,120841
26-12-2014,42.0191,Kotak Bluechip,120841
24-12-2014,42.0098,Kotak Bluechip,120841
23-12-2014,42.038,Kotak Bluechip,120841
22-12-2014,42.2996,Kotak Bluechip,120841
19-12-2014,42.0515,Kotak Bluechip,120841
18-12-2014,41.9608,Kotak Bluechip,120841
17-12-2014,41.5318,Kotak Bluechip,120841
16-12-2014,41.7876,Kotak Bluechip,120841
15-12-2014,42.1695,Kotak Bluechip,120841
12-12-2014,42.3191,Kotak Bluechip,120841
11-12-2014,42.5564,Kotak Bluechip,120841
10-12-2014,42.7592,Kotak Bluechip,120841
09-12-2014,42.8366,Kotak Bluechip,120841
08-12-2014,43.158,Kotak Bluechip,120841
05-12-2014,43.1095,Kotak Bluechip,120841
04-12-2014,42.8363,Kotak Bluechip,120841
03-12-2014,42.1938,Kotak Bluechip,120841
02-12-2014,42.0164,Kotak Bluechip,120841
01-12-2014,41.6301,Kotak Bluechip,120841
28-11-2014,41.5949,Kotak Bluechip,120841
27-11-2014,41.458,Kotak Bluechip,120841
26-11-2014,41.4171,Kotak Bluechip,120841
25-11-2014,41.4122,Kotak Bluechip,120841
24-11-2014,41.7115,Kotak Bluechip,120841
21-11-2014,41.6807,Kotak Bluechip,120841
20-11-2014,41.6964,Kotak Bluechip,120841
19-11-2014,41.5746,Kotak Bluechip,120841
18-11-2014,41.6985,Kotak Bluechip,120841
17-11-2014,41.5882,Kotak Bluechip,120841
14-11-2014,41.4928,Kotak Bluechip,120841
13-11-2014,41.4428,Kotak Bluechip,120841
12-11-2014,41.5689,Kotak Bluechip,120841
11-11-2014,41.2873,Kotak Bluechip,120841
10-11-2014,41.189,Kotak Bluechip,120841
07-11-2014,41.2118,Kotak Bluechip,120841
05-11-2014,41.1598,Kotak Bluechip,120841
03-11-2014,40.8047,Kotak Bluechip,120841
31-10-2014,40.8608,Kotak Bluechip,120841
30-10-2014,40.6577,Kotak Bluechip,120841
29-10-2014,40.7219,Kotak Bluechip,120841
28-10-2014,40.5753,Kotak Bluechip,120841
27-10-2014,40.3569,Kotak Bluechip,120841
22-10-2014,40.243,Kotak Bluechip,120841
21-10-2014,40.2162,Kotak Bluechip,120841
20-10-2014,40.0595,Kotak Bluechip,120841
17-10-2014,39.82,Kotak Bluechip,120841
16-10-2014,39.8599,Kotak Bluechip,120841
14-10-2014,40.0185,Kotak Bluechip,120841
13-10-2014,39.8658,Kotak Bluechip,120841
10-10-2014,39.8034,Kotak Bluechip,120841
09-10-2014,40.0505,Kotak Bluechip,120841
08-10-2014,39.8984,Kotak Bluechip,120841
07-10-2014,39.993,Kotak Bluechip,120841
01-10-2014,40.0008,Kotak Bluechip,120841
30-09-2014,39.8683,Kotak Bluechip,120841
29-09-2014,39.8013,Kotak Bluechip,120841
26-09-2014,39.662,Kotak Bluechip,120841
25-09-2014,39.7424,Kotak Bluechip,120841
24-09-2014,39.9335,Kotak Bluechip,120841
23-09-2014,39.8477,Kotak Bluechip,120841
22-09-2014,40.2295,Kotak Bluechip,120841
19-09-2014,40.1908,Kotak Bluechip,120841
18-09-2014,40.055,Kotak Bluechip,120841
17-09-2014,39.6167,Kotak Bluechip,120841
16-09-2014,39.6792,Kotak Bluechip,120841
15-09-2014,40.1784,Kotak Bluechip,120841
12-09-2014,39.9154,Kotak Bluechip,120841
11-09-2014,40.0504,Kotak Bluechip,120841
10-09-2014,40.079,Kotak Bluechip,120841
09-09-2014,39.9404,Kotak Bluechip,120841
08-09-2014,39.8876,Kotak Bluechip,120841
05-09-2014,39.4447,Kotak Bluechip,120841
04-09-2014,39.3929,Kotak Bluechip,120841
03-09-2014,39.1931,Kotak Bluechip,120841
02-09-2014,38.8758,Kotak Bluechip,120841
01-09-2014,38.822,Kotak Bluechip,120841
28-08-2014,38.6759,Kotak Bluechip,120841
27-08-2014,38.7438,Kotak Bluechip,120841
26-08-2014,38.5566,Kotak Bluechip,120841
25-08-2014,38.5089,Kotak Bluechip,120841
22-08-2014,38.229,Kotak Bluechip,120841
21-08-2014,37.9101,Kotak Bluechip,120841
20-08-2014,37.9221,Kotak Bluechip,120841
19-08-2014,37.8322,Kotak Bluechip,120841
18-08-2014,37.7987,Kotak Bluechip,120841
14-08-2014,37.4988,Kotak Bluechip,120841
13-08-2014,37.2429,Kotak Bluechip,120841
12-08-2014,37.3673,Kotak Bluechip,120841
11-08-2014,37.2669,Kotak Bluechip,120841
08-08-2014,37.2728,Kotak Bluechip,120841
07-08-2014,37.3269,Kotak Bluechip,120841
06-08-2014,37.3793,Kotak Bluechip,120841
05-08-2014,37.4906,Kotak Bluechip,120841
04-08-2014,37.4721,Kotak Bluechip,120841
01-08-2014,37.3011,Kotak Bluechip,120841
31-07-2014,37.2912,Kotak Bluechip,120841
30-07-2014,37.4191,Kotak Bluechip,120841
28-07-2014,37.2808,Kotak Bluechip,120841
25-07-2014,37.3283,Kotak Bluechip,120841
24-07-2014,37.3938,Kotak Bluechip,120841
23-07-2014,37.5776,Kotak Bluechip,120841
22-07-2014,37.6725,Kotak Bluechip,120841
21-07-2014,37.6895,Kotak Bluechip,120841
18-07-2014,37.6211,Kotak Bluechip,120841
17-07-2014,37.6555,Kotak Bluechip,120841
16-07-2014,37.5456,Kotak Bluechip,120841
15-07-2014,37.0449,Kotak Bluechip,120841
14-07-2014,36.7263,Kotak Bluechip,120841
11-07-2014,36.7241,Kotak Bluechip,120841
10-07-2014,37.0771,Kotak Bluechip,120841
09-07-2014,36.9564,Kotak Bluechip,120841
08-07-2014,37.1313,Kotak Bluechip,120841
07-07-2014,37.5056,Kotak Bluechip,120841
04-07-2014,37.496,Kotak Bluechip,120841
03-07-2014,37.3962,Kotak Bluechip,120841
02-07-2014,37.4514,Kotak Bluechip,120841
01-07-2014,36.9762,Kotak Bluechip,120841
30-06-2014,36.9414,Kotak Bluechip,120841
27-06-2014,36.7123,Kotak Bluechip,120841
26-06-2014,36.6332,Kotak Bluechip,120841
25-06-2014,36.6885,Kotak Bluechip,120841
24-06-2014,36.5613,Kotak Bluechip,120841
23-06-2014,36.4175,Kotak Bluechip,120841
20-06-2014,36.557,Kotak Bluechip,120841
19-06-2014,36.5263,Kotak Bluechip,120841
18-06-2014,36.65,Kotak Bluechip,120841
17-06-2014,36.621,Kotak Bluechip,120841
16-06-2014,36.5217,Kotak Bluechip,120841
13-06-2014,36.4924,Kotak Bluechip,120841
12-06-2014,36.7601,Kotak Bluechip,120841
11-06-2014,36.8234,Kotak Bluechip,120841
10-06-2014,36.9468,Kotak Bluechip,120841
09-06-2014,36.8518,Kotak Bluechip,120841
06-06-2014,36.5904,Kotak Bluechip,120841
05-06-2014,36.399,Kotak Bluechip,120841
04-06-2014,36.2579,Kotak Bluechip,120841
03-06-2014,36.1302,Kotak Bluechip,120841
02-06-2014,36.0403,Kotak Bluechip,120841
30-05-2014,35.808,Kotak Bluechip,120841
29-05-2014,35.7832,Kotak Bluechip,120841
28-05-2014,35.8232,Kotak Bluechip,120841
27-05-2014,35.6921,Kotak Bluechip,120841
26-05-2014,35.7583,Kotak Bluechip,120841
23-05-2014,35.962,Kotak Bluechip,120841
22-05-2014,35.9131,Kotak Bluechip,120841
21-05-2014,35.7331,Kotak Bluechip,120841
20-05-2014,35.5816,Kotak Bluechip,120841
19-05-2014,35.3626,Kotak Bluechip,120841
16-05-2014,35.2264,Kotak Bluechip,120841
15-05-2014,35.1011,Kotak Bluechip,120841
13-05-2014,35.1825,Kotak Bluechip,120841
12-05-2014,35.0663,Kotak Bluechip,120841
09-05-2014,35.1143,Kotak Bluechip,120841
08-05-2014,34.9568,Kotak Bluechip,120841
07-05-2014,34.9808,Kotak Bluechip,120841
06-05-2014,35.0292,Kotak Bluechip,120841
05-05-2014,35.0838,Kotak Bluechip,120841
02-05-2014,35.0865,Kotak Bluechip,120841
30-04-2014,35.1457,Kotak Bluechip,120841
29-04-2014,35.3096,Kotak Bluechip,120841
28-04-2014,35.4212,Kotak Bluechip,120841
25-04-2014,35.3158,Kotak Bluechip,120841
23-04-2014,35.277,Kotak Bluechip,120841
22-04-2014,35.2249,Kotak Bluechip,120841
21-04-2014,35.2201,Kotak Bluechip,120841
17-04-2014,35.0202,Kotak Bluechip,120841
16-04-2014,34.8088,Kotak Bluechip,120841
15-04-2014,34.8415,Kotak Bluechip,120841
11-04-2014,34.8263,Kotak Bluechip,120841
10-04-2014,34.6955,Kotak Bluechip,120841
09-04-2014,34.6294,Kotak Bluechip,120841
07-04-2014,34.5081,Kotak Bluechip,120841
04-04-2014,34.5208,Kotak Bluechip,120841
03-04-2014,34.4587,Kotak Bluechip,120841
02-04-2014,34.4663,Kotak Bluechip,120841
01-04-2014,34.4386,Kotak Bluechip,120841
31-03-2014,34.3716,Kotak Bluechip,120841
28-03-2014,34.2524,Kotak Bluechip,120841
27-03-2014,34.1115,Kotak Bluechip,120841
26-03-2014,33.998,Kotak Bluechip,120841
25-03-2014,33.9937,Kotak Bluechip,120841
24-03-2014,34.0039,Kotak Bluechip,120841
21-03-2014,33.9409,Kotak Bluechip,120841
20-03-2014,33.9027,Kotak Bluechip,120841
19-03-2014,33.908,Kotak Bluechip,120841
18-03-2014,33.8637,Kotak Bluechip,120841
14-03-2014,33.8191,Kotak Bluechip,120841
13-03-2014,33.8708,Kotak Bluechip,120841
12-03-2014,33.918,Kotak Bluechip,120841
11-03-2014,33.9443,Kotak Bluechip,120841
10-03-2014,33.8479,Kotak Bluechip,120841
07-03-2014,33.8733,Kotak Bluechip,120841
06-03-2014,33.822,Kotak Bluechip,120841
05-03-2014,33.72,Kotak Bluechip,120841
04-03-2014,33.6518,Kotak Bluechip,120841
03-03-2014,33.4822,Kotak Bluechip,120841
28-02-2014,33.4958,Kotak Bluechip,120841
26-02-2014,33.5375,Kotak Bluechip,120841
25-02-2014,33.443,Kotak Bluechip,120841
24-02-2014,33.4027,Kotak Bluechip,120841
21-02-2014,33.2961,Kotak Bluechip,120841
20-02-2014,33.2042,Kotak Bluechip,120841
19-02-2014,33.2091,Kotak Bluechip,120841
18-02-2014,33.2698,Kotak Bluechip,120841
17-02-2014,33.1427,Kotak Bluechip,120841
14-02-2014,33.0458,Kotak Bluechip,120841
13-02-2014,33.0386,Kotak Bluechip,120841
12-02-2014,33.0892,Kotak Bluechip,120841
11-02-2014,33.0822,Kotak Bluechip,120841
10-02-2014,33.1096,Kotak Bluechip,120841
07-02-2014,33.0979,Kotak Bluechip,120841
06-02-2014,33.0351,Kotak Bluechip,120841
05-02-2014,33.0271,Kotak Bluechip,120841
04-02-2014,32.9965,Kotak Bluechip,120841
03-02-2014,33.0118,Kotak Bluechip,120841
31-01-2014,33.0176,Kotak Bluechip,120841
30-01-2014,32.9481,Kotak Bluechip,120841
29-01-2014,33.059,Kotak Bluechip,120841
28-01-2014,33.0627,Kotak Bluechip,120841
27-01-2014,33.1357,Kotak Bluechip,120841
24-01-2014,33.2323,Kotak Bluechip,120841
23-01-2014,33.2825,Kotak Bluechip,120841
22-01-2014,33.271,Kotak Bluechip,120841
21-01-2014,33.2731,Kotak Bluechip,120841
20-01-2014,33.2606,Kotak Bluechip,120841
17-01-2014,33.1938,Kotak Bluechip,120841
16-01-2014,33.2535,Kotak Bluechip,120841
15-01-2014,33.2341,Kotak Bluechip,120841
14-01-2014,33.185,Kotak Bluechip,120841
13-01-2014,33.1891,Kotak Bluechip,120841
10-01-2014,33.1133,Kotak Bluechip,120841
09-01-2014,33.1135,Kotak Bluechip,120841
08-01-2014,33.1048,Kotak Bluechip,120841
07-01-2014,33.1179,Kotak Bluechip,120841
06-01-2014,33.1183,Kotak Bluechip,120841
03-01-2014,33.2596,Kotak Bluechip,120841
02-01-2014,33.2215,Kotak Bluechip,120841
01-01-2014,33.2578,Kotak Bluechip,120841
31-12-2013,33.267,Kotak Bluechip,120841
30-12-2013,33.2426,Kotak Bluechip,120841
27-12-2013,33.2216,Kotak Bluechip,120841
26-12-2013,33.1844,Kotak Bluechip,120841
24-12-2013,33.1496,Kotak Bluechip,120841
23-12-2013,33.1548,Kotak Bluechip,120841
21-12-2013,33.09,Kotak Bluechip,120841
20-12-2013,33.0843,Kotak Bluechip,120841
19-12-2013,33.0031,Kotak Bluechip,120841
18-12-2013,32.9813,Kotak Bluechip,120841
17-12-2013,32.834,Kotak Bluechip,120841
16-12-2013,32.8574,Kotak Bluechip,120841
13-12-2013,32.807,Kotak Bluechip,120841
12-12-2013,32.8431,Kotak Bluechip,120841
11-12-2013,32.8339,Kotak Bluechip,120841
10-12-2013,32.8561,Kotak Bluechip,120841
09-12-2013,32.8598,Kotak Bluechip,120841
06-12-2013,32.8026,Kotak Bluechip,120841
05-12-2013,32.8103,Kotak Bluechip,120841
04-12-2013,32.7606,Kotak Bluechip,120841
03-12-2013,32.7924,Kotak Bluechip,120841
02-12-2013,32.7932,Kotak Bluechip,120841
29-11-2013,32.7537,Kotak Bluechip,120841
28-11-2013,32.7085,Kotak Bluechip,120841
27-11-2013,32.6643,Kotak Bluechip,120841
26-11-2013,32.5796,Kotak Bluechip,120841
25-11-2013,32.5583,Kotak Bluechip,120841
22-11-2013,32.5096,Kotak Bluechip,120841
21-11-2013,32.488,Kotak Bluechip,120841
20-11-2013,32.5391,Kotak Bluechip,120841
19-11-2013,32.5017,Kotak Bluechip,120841
18-11-2013,32.4751,Kotak Bluechip,120841
15-11-2013,32.4474,Kotak Bluechip,120841
14-11-2013,32.4418,Kotak Bluechip,120841
13-11-2013,32.4322,Kotak Bluechip,120841
12-11-2013,32.3947,Kotak Bluechip,120841
11-11-2013,32.4955,Kotak Bluechip,120841
08-11-2013,32.5316,Kotak Bluechip,120841
07-11-2013,32.5983,Kotak Bluechip,120841
06-11-2013,32.6265,Kotak Bluechip,120841
05-11-2013,32.7174,Kotak Bluechip,120841
04-11-2013,32.6618,Kotak Bluechip,120841
01-11-2013,32.6454,Kotak Bluechip,120841
31-10-2013,32.6518,Kotak Bluechip,120841
30-10-2013,32.6125,Kotak Bluechip,120841
29-10-2013,32.6515,Kotak Bluechip,120841
28-10-2013,32.5484,Kotak Bluechip,120841
25-10-2013,32.5173,Kotak Bluechip,120841
24-10-2013,32.5346,Kotak Bluechip,120841
23-10-2013,32.5233,Kotak Bluechip,120841
22-10-2013,32.4872,Kotak Bluechip,120841
21-10-2013,32.4775,Kotak Bluechip,120841
18-10-2013,32.4268,Kotak Bluechip,120841
17-10-2013,32.3189,Kotak Bluechip,120841
16-10-2013,32.2938,Kotak Bluechip,120841
15-10-2013,32.2883,Kotak Bluechip,120841
14-10-2013,32.3093,Kotak Bluechip,120841
11-10-2013,32.3317,Kotak Bluechip,120841
10-10-2013,32.301,Kotak Bluechip,120841
09-10-2013,32.3213,Kotak Bluechip,120841
08-10-2013,32.2513,Kotak Bluechip,120841
07-10-2013,32.1285,Kotak Bluechip,120841
04-10-2013,32.0989,Kotak Bluechip,120841
03-10-2013,32.0673,Kotak Bluechip,120841
02-10-2013,31.974,Kotak Bluechip,120841
01-10-2013,31.9686,Kotak Bluechip,120841
30-09-2013,31.9301,Kotak Bluechip,120841
27-09-2013,31.9532,Kotak Bluechip,120841
26-09-2013,31.916,Kotak Bluechip,120841
25-09-2013,31.8851,Kotak Bluechip,120841
24-09-2013,31.8426,Kotak Bluechip,120841
23-09-2013,31.8585,Kotak Bluechip,120841
20-09-2013,31.934,Kotak Bluechip,120841
19-09-2013,32.0075,Kotak Bluechip,120841
18-09-2013,31.8899,Kotak Bluechip,120841
17-09-2013,31.8351,Kotak Bluechip,120841
16-09-2013,31.8692,Kotak Bluechip,120841
13-09-2013,31.8004,Kotak Bluechip,120841
12-09-2013,31.7783,Kotak Bluechip,120841
11-09-2013,31.7662,Kotak Bluechip,120841
10-09-2013,31.733,Kotak Bluechip,120841
06-09-2013,31.6505,Kotak Bluechip,120841
05-09-2013,31.6593,Kotak Bluechip,120841
04-09-2013,31.5182,Kotak Bluechip,120841
03-09-2013,31.4503,Kotak Bluechip,120841
02-09-2013,31.5122,Kotak Bluechip,120841
30-08-2013,31.4007,Kotak Bluechip,120841
29-08-2013,31.3412,Kotak Bluechip,120841
28-08-2013,31.3056,Kotak Bluechip,120841
27-08-2013,31.403,Kotak Bluechip,120841
26-08-2013,31.5711,Kotak Bluechip,120841
23-08-2013,31.5853,Kotak Bluechip,120841
22-08-2013,31.477,Kotak Bluechip,120841
21-08-2013,31.4778,Kotak Bluechip,120841
20-08-2013,31.2916,Kotak Bluechip,120841
19-08-2013,31.2745,Kotak Bluechip,120841
16-08-2013,31.4561,Kotak Bluechip,120841
14-08-2013,31.5721,Kotak Bluechip,120841
13-08-2013,31.6179,Kotak Bluechip,120841
12-08-2013,31.6104,Kotak Bluechip,120841
08-08-2013,31.6269,Kotak Bluechip,120841
07-08-2013,31.5634,Kotak Bluechip,120841
06-08-2013,31.5344,Kotak Bluechip,120841
05-08-2013,31.5483,Kotak Bluechip,120841
02-08-2013,31.5368,Kotak Bluechip,120841
01-08-2013,31.5515,Kotak Bluechip,120841
31-07-2013,31.463,Kotak Bluechip,120841
30-07-2013,31.5287,Kotak Bluechip,120841
29-07-2013,31.5584,Kotak Bluechip,120841
26-07-2013,31.591,Kotak Bluechip,120841
25-07-2013,31.5939,Kotak Bluechip,120841
24-07-2013,31.3712,Kotak Bluechip,120841
23-07-2013,31.5579,Kotak Bluechip,120841
22-07-2013,31.5924,Kotak Bluechip,120841
19-07-2013,31.6159,Kotak Bluechip,120841
18-07-2013,31.6192,Kotak Bluechip,120841
17-07-2013,31.5346,Kotak Bluechip,120841
16-07-2013,31.5549,Kotak Bluechip,120841
15-07-2013,31.8193,Kotak Bluechip,120841
12-07-2013,31.8051,Kotak Bluechip,120841
11-07-2013,31.757,Kotak Bluechip,120841
10-07-2013,31.7128,Kotak Bluechip,120841
09-07-2013,31.7138,Kotak Bluechip,120841
08-07-2013,31.6958,Kotak Bluechip,120841
05-07-2013,31.7308,Kotak Bluechip,120841
04-07-2013,31.7005,Kotak Bluechip,120841
03-07-2013,31.6149,Kotak Bluechip,120841
02-07-2013,31.6447,Kotak Bluechip,120841
01-07-2013,31.6354,Kotak Bluechip,120841
28-06-2013,31.6061,Kotak Bluechip,120841
27-06-2013,31.551,Kotak Bluechip,120841
26-06-2013,31.5682,Kotak Bluechip,120841
25-06-2013,31.5983,Kotak Bluechip,120841
24-06-2013,31.5935,Kotak Bluechip,120841
21-06-2013,31.5604,Kotak Bluechip,120841
20-06-2013,30.9819,Kotak Bluechip,120841
19-06-2013,31.6167,Kotak Bluechip,120841
18-06-2013,31.6199,Kotak Bluechip,120841
17-06-2013,31.6026,Kotak Bluechip,120841
14-06-2013,31.5823,Kotak Bluechip,120841
13-06-2013,31.5726,Kotak Bluechip,120841
12-06-2013,31.5693,Kotak Bluechip,120841
11-06-2013,31.5828,Kotak Bluechip,120841
10-06-2013,31.6326,Kotak Bluechip,120841
07-06-2013,31.6497,Kotak Bluechip,120841
06-06-2013,31.6568,Kotak Bluechip,120841
05-06-2013,31.6295,Kotak Bluechip,120841
04-06-2013,31.6364,Kotak Bluechip,120841
03-06-2013,31.5998,Kotak Bluechip,120841
31-05-2013,31.6046,Kotak Bluechip,120841
30-05-2013,31.6382,Kotak Bluechip,120841
29-05-2013,31.6166,Kotak Bluechip,120841
28-05-2013,31.6184,Kotak Bluechip,120841
27-05-2013,31.6336,Kotak Bluechip,120841
24-05-2013,31.6135,Kotak Bluechip,120841
23-05-2013,31.6113,Kotak Bluechip,120841
22-05-2013,31.5981,Kotak Bluechip,120841
21-05-2013,31.5881,Kotak Bluechip,120841
20-05-2013,31.5989,Kotak Bluechip,120841
17-05-2013,31.5851,Kotak Bluechip,120841
16-05-2013,31.5827,Kotak Bluechip,120841
15-05-2013,31.5899,Kotak Bluechip,120841
14-05-2013,31.5705,Kotak Bluechip,120841
13-05-2013,31.4879,Kotak Bluechip,120841
10-05-2013,31.4982,Kotak Bluechip,120841
09-05-2013,31.4968,Kotak Bluechip,120841
08-05-2013,31.4751,Kotak Bluechip,120841
07-05-2013,31.4319,Kotak Bluechip,120841
06-05-2013,31.3995,Kotak Bluechip,120841
03-05-2013,31.3656,Kotak Bluechip,120841
02-05-2013,31.3834,Kotak Bluechip,120841
30-04-2013,31.3503,Kotak Bluechip,120841
29-04-2013,31.3398,Kotak Bluechip,120841
26-04-2013,31.3278,Kotak Bluechip,120841
25-04-2013,31.3033,Kotak Bluechip,120841
24-04-2013,31.2657,Kotak Bluechip,120841
23-04-2013,31.2609,Kotak Bluechip,120841
22-04-2013,31.2718,Kotak Bluechip,120841
19-04-2013,31.2458,Kotak Bluechip,120841
18-04-2013,31.2408,Kotak Bluechip,120841
17-04-2013,31.1958,Kotak Bluechip,120841
16-04-2013,31.1787,Kotak Bluechip,120841
15-04-2013,31.1685,Kotak Bluechip,120841
12-04-2013,31.1464,Kotak Bluechip,120841
11-04-2013,31.1374,Kotak Bluechip,120841
10-04-2013,31.1225,Kotak Bluechip,120841
09-04-2013,31.1389,Kotak Bluechip,120841
08-04-2013,31.1187,Kotak Bluechip,120841
05-04-2013,31.0949,Kotak Bluechip,120841
04-04-2013,31.0996,Kotak Bluechip,120841
03-04-2013,31.0919,Kotak Bluechip,120841
02-04-2013,31.0775,Kotak Bluechip,120841
01-04-2013,31.055,Kotak Bluechip,120841
29-03-2013,31.0185,Kotak Bluechip,120841
28-03-2013,31.0136,Kotak Bluechip,120841
26-03-2013,30.9902,Kotak Bluechip,120841
25-03-2013,30.9981,Kotak Bluechip,120841
22-03-2013,30.9812,Kotak Bluechip,120841
21-03-2013,30.9869,Kotak Bluechip,120841
20-03-2013,30.9819,Kotak Bluechip,120841
19-03-2013,30.9834,Kotak Bluechip,120841
18-03-2013,30.9884,Kotak Bluechip,120841
15-03-2013,30.9911,Kotak Bluechip,120841
14-03-2013,30.9591,Kotak Bluechip,120841
13-03-2013,30.9439,Kotak Bluechip,120841
12-03-2013,30.9494,Kotak Bluechip,120841
11-03-2013,30.9535,Kotak Bluechip,120841
08-03-2013,30.9455,Kotak Bluechip,120841
07-03-2013,30.9351,Kotak Bluechip,120841
06-03-2013,30.9339,Kotak Bluechip,120841
05-03-2013,30.9255,Kotak Bluechip,120841
04-03-2013,30.9006,Kotak Bluechip,120841
01-03-2013,30.8771,Kotak Bluechip,120841
28-02-2013,30.8823,Kotak Bluechip,120841
27-02-2013,30.8692,Kotak Bluechip,120841
26-02-2013,30.8517,Kotak Bluechip,120841
25-02-2013,30.8655,Kotak Bluechip,120841
22-02-2013,30.6784,Kotak Bluechip,120841
21-02-2013,30.6841,Kotak Bluechip,120841
20-02-2013,30.7038,Kotak Bluechip,120841
19-02-2013,30.6778,Kotak Bluechip,120841
18-02-2013,30.6588,Kotak Bluechip,120841
15-02-2013,30.6442,Kotak Bluechip,120841
14-02-2013,30.648,Kotak Bluechip,120841
13-02-2013,30.693,Kotak Bluechip,120841
12-02-2013,30.6846,Kotak Bluechip,120841
11-02-2013,30.5643,Kotak Bluechip,120841
08-02-2013,30.6813,Kotak Bluechip,120841
07-02-2013,30.6882,Kotak Bluechip,120841
06-02-2013,30.7067,Kotak Bluechip,120841
05-02-2013,30.6673,Kotak Bluechip,120841
04-02-2013,30.7231,Kotak Bluechip,120841
01-02-2013,30.7201,Kotak Bluechip,120841
31-01-2013,30.6763,Kotak Bluechip,120841
30-01-2013,30.6441,Kotak Bluechip,120841
29-01-2013,30.674,Kotak Bluechip,120841
28-01-2013,30.6878,Kotak Bluechip,120841
25-01-2013,30.6611,Kotak Bluechip,120841
24-01-2013,30.6574,Kotak Bluechip,120841
23-01-2013,30.6688,Kotak Bluechip,120841
22-01-2013,30.6627,Kotak Bluechip,120841
21-01-2013,30.6574,Kotak Bluechip,120841
18-01-2013,30.658,Kotak Bluechip,120841
17-01-2013,30.6565,Kotak Bluechip,120841
16-01-2013,30.6804,Kotak Bluechip,120841
15-01-2013,30.6993,Kotak Bluechip,120841
14-01-2013,30.6862,Kotak Bluechip,120841
11-01-2013,30.6305,Kotak Bluechip,120841
10-01-2013,30.6784,Kotak Bluechip,120841
09-01-2013,30.6492,Kotak Bluechip,120841
08-01-2013,30.6239,Kotak Bluechip,120841
07-01-2013,30.6076,Kotak Bluechip,120841
