date,nav,scheme_name,amfi_code
03-09-2026,100.2974,Nippon Large Cap,118632
02-09-2026,100.4299,Nippon Large Cap,118632
01-09-2026,100.8756,Nippon Large Cap,118632
31-08-2026,101.4885,Nippon Large Cap,118632
28-08-2026,101.3819,Nippon Large Cap,118632
27-08-2026,101.1854,Nippon Large Cap,118632
26-08-2026,101.6749,Nippon Large Cap,118632
25-08-2026,101.9656,Nippon Large Cap,118632
24-08-2026,101.5907,Nippon Large Cap,118632
21-08-2026,101.5885,Nippon Large Cap,118632
20-08-2026,101.6201,Nippon Large Cap,118632
19-08-2026,100.9375,Nippon Large Cap,118632
18-08-2026,101.2084,Nippon Large Cap,118632
17-08-2026,101.6405,Nippon Large Cap,118632
14-08-2026,101.9903,Nippon Large Cap,118632
13-08-2026,102.2233,Nippon Large Cap,118632
12-08-2026,102.3415,Nippon Large Cap,118632
11-08-2026,102.7344,Nippon Large Cap,118632
10-08-2026,102.8922,Nippon Large Cap,118632
07-08-2026,102.763,Nippon Large Cap,118632
06-08-2026,102.9777,Nippon Large Cap,118632
05-08-2026,103.0443,Nippon Large Cap,118632
04-08-2026,102.9909,Nippon Large Cap,118632
03-08-2026,103.6631,Nippon Large Cap,118632
31-07-2026,101.8133,Nippon Large Cap,118632
30-07-2026,101.5563,Nippon Large Cap,118632
29-07-2026,101.4265,Nippon Large Cap,118632
28-07-2026,100.2374,Nippon Large Cap,118632
27-07-2026,100.4498,Nippon Large Cap,118632
24-07-2026,99.3273,Nippon Large Cap,118632
23-07-2026,99.7294,Nippon Large Cap,118632
22-07-2026,100.0997,Nippon Large Cap,118632
21-07-2026,101.0669,Nippon Large Cap,118632
20-07-2026,101.3229,Nippon Large Cap,118632
17-07-2026,101.802,Nippon Large Cap,118632
16-07-2026,101.0586,Nippon Large Cap,118632
15-07-2026,101.0231,Nippon Large Cap,118632
14-07-2026,100.5326,Nippon Large Cap,118632
13-07-2026,101.2495,Nippon Large Cap,118632
10-07-2026,101.3203,Nippon Large Cap,118632
09-07-2026,100.3086,Nippon Large Cap,118632
08-07-2026,99.81,Nippon Large Cap,118632
07-07-2026,101.9321,Nippon Large Cap,118632
06-07-2026,102.1267,Nippon Large Cap,118632
03-07-2026,101.3599,Nippon Large Cap,118632
02-07-2026,101.4442,Nippon Large Cap,118632
01-07-2026,100.8965,Nippon Large Cap,118632
30-06-2026,100.4828,Nippon Large Cap,118632
29-06-2026,100.7184,Nippon Large Cap,118632
25-06-2026,101.1917,Nippon Large Cap,118632
24-06-2026,101.0387,Nippon Large Cap,118632
23-06-2026,100.4605,Nippon Large Cap,118632
22-06-2026,101.3654,Nippon Large Cap,118632
19-06-2026,100.7824,Nippon Large Cap,118632
18-06-2026,100.9901,Nippon Large Cap,118632
17-06-2026,100.604,Nippon Large Cap,118632
16-06-2026,100.0048,Nippon Large Cap,118632
15-06-2026,99.3506,Nippon Large Cap,118632
12-06-2026,98.1776,Nippon Large Cap,118632
11-06-2026,96.1712,Nippon Large Cap,118632
10-06-2026,96.5862,Nippon Large Cap,118632
09-06-2026,96.6849,Nippon Large Cap,118632
08-06-2026,95.8952,Nippon Large Cap,118632
05-06-2026,97.2456,Nippon Large Cap,118632
04-06-2026,97.2621,Nippon Large Cap,118632
03-06-2026,97.2167,Nippon Large Cap,118632
02-06-2026,97.4783,Nippon Large Cap,118632
01-06-2026,97.1944,Nippon Large Cap,118632
29-05-2026,98.4656,Nippon Large Cap,118632
27-05-2026,99.8092,Nippon Large Cap,118632
26-05-2026,99.4356,Nippon Large Cap,118632
25-05-2026,99.8047,Nippon Large Cap,118632
22-05-2026,98.7497,Nippon Large Cap,118632
21-05-2026,98.3781,Nippon Large Cap,118632
20-05-2026,98.3933,Nippon Large Cap,118632
19-05-2026,98.1289,Nippon Large Cap,118632
18-05-2026,97.9372,Nippon Large Cap,118632
15-05-2026,98.0059,Nippon Large Cap,118632
14-05-2026,98.0606,Nippon Large Cap,118632
13-05-2026,97.169,Nippon Large Cap,118632
12-05-2026,97.1846,Nippon Large Cap,118632
11-05-2026,99.2007,Nippon Large Cap,118632
08-05-2026,100.4981,Nippon Large Cap,118632
07-05-2026,101.2917,Nippon Large Cap,118632
06-05-2026,101.1725,Nippon Large Cap,118632
05-05-2026,99.9072,Nippon Large Cap,118632
04-05-2026,100.0932,Nippon Large Cap,118632
30-04-2026,99.5502,Nippon Large Cap,118632
29-04-2026,100.3928,Nippon Large Cap,118632
28-04-2026,99.9782,Nippon Large Cap,118632
27-04-2026,100.6093,Nippon Large Cap,118632
24-04-2026,99.76,Nippon Large Cap,118632
23-04-2026,100.8016,Nippon Large Cap,118632
22-04-2026,101.5803,Nippon Large Cap,118632
21-04-2026,101.9645,Nippon Large Cap,118632
20-04-2026,100.9566,Nippon Large Cap,118632
17-04-2026,100.7903,Nippon Large Cap,118632
16-04-2026,99.9263,Nippon Large Cap,118632
15-04-2026,99.8843,Nippon Large Cap,118632
13-04-2026,98.1851,Nippon Large Cap,118632
10-04-2026,98.8886,Nippon Large Cap,118632
09-04-2026,97.4948,Nippon Large Cap,118632
08-04-2026,98.1861,Nippon Large Cap,118632
07-04-2026,94.7584,Nippon Large Cap,118632
06-04-2026,94.353,Nippon Large Cap,118632
02-04-2026,93.2361,Nippon Large Cap,118632
01-04-2026,92.9211,Nippon Large Cap,118632
31-03-2026,91.4539,Nippon Large Cap,118632
30-03-2026,91.455,Nippon Large Cap,118632
27-03-2026,93.579,Nippon Large Cap,118632
25-03-2026,95.6217,Nippon Large Cap,118632
24-03-2026,93.8354,Nippon Large Cap,118632
23-03-2026,92.1523,Nippon Large Cap,118632
20-03-2026,94.8276,Nippon Large Cap,118632
19-03-2026,94.5458,Nippon Large Cap,118632
18-03-2026,97.5488,Nippon Large Cap,118632
17-03-2026,96.6146,Nippon Large Cap,118632
16-03-2026,95.9441,Nippon Large Cap,118632
13-03-2026,95.1844,Nippon Large Cap,118632
12-03-2026,97.31,Nippon Large Cap,118632
11-03-2026,98.1139,Nippon Large Cap,118632
10-03-2026,99.4725,Nippon Large Cap,118632
09-03-2026,98.2895,Nippon Large Cap,118632
06-03-2026,100.0829,Nippon Large Cap,118632
05-03-2026,101.1422,Nippon Large Cap,118632
04-03-2026,99.951,Nippon Large Cap,118632
02-03-2026,101.8541,Nippon Large Cap,118632
27-02-2026,103.3052,Nippon Large Cap,118632
26-02-2026,104.5075,Nippon Large Cap,118632
25-02-2026,104.4641,Nippon Large Cap,118632
24-02-2026,103.9564,Nippon Large Cap,118632
23-02-2026,104.8203,Nippon Large Cap,118632
20-02-2026,104.2351,Nippon Large Cap,118632
19-02-2026,103.5918,Nippon Large Cap,118632
18-02-2026,105.2559,Nippon Large Cap,118632
17-02-2026,104.7084,Nippon Large Cap,118632
16-02-2026,104.5361,Nippon Large Cap,118632
13-02-2026,103.8148,Nippon Large Cap,118632
12-02-2026,104.9922,Nippon Large Cap,118632
11-02-2026,105.5426,Nippon Large Cap,118632
10-02-2026,105.3572,Nippon Large Cap,118632
09-02-2026,104.8998,Nippon Large Cap,118632
06-02-2026,103.9204,Nippon Large Cap,118632
05-02-2026,103.759,Nippon Large Cap,118632
04-02-2026,104.0764,Nippon Large Cap,118632
03-02-2026,103.8538,Nippon Large Cap,118632
02-02-2026,101.2456,Nippon Large Cap,118632
30-01-2026,102.2355,Nippon Large Cap,118632
29-01-2026,102.3949,Nippon Large Cap,118632
28-01-2026,101.8416,Nippon Large Cap,118632
27-01-2026,100.8952,Nippon Large Cap,118632
23-01-2026,100.5127,Nippon Large Cap,118632
22-01-2026,101.5393,Nippon Large Cap,118632
21-01-2026,100.8963,Nippon Large Cap,118632
20-01-2026,101.2908,Nippon Large Cap,118632
19-01-2026,102.9226,Nippon Large Cap,118632
16-01-2026,103.2136,Nippon Large Cap,118632
14-01-2026,103.3177,Nippon Large Cap,118632
13-01-2026,103.3735,Nippon Large Cap,118632
12-01-2026,103.6218,Nippon Large Cap,118632
09-01-2026,103.4654,Nippon Large Cap,118632
08-01-2026,104.3327,Nippon Large Cap,118632
07-01-2026,105.6078,Nippon Large Cap,118632
06-01-2026,105.7006,Nippon Large Cap,118632
05-01-2026,105.7109,Nippon Large Cap,118632
02-01-2026,106.1272,Nippon Large Cap,118632
01-01-2026,105.4001,Nippon Large Cap,118632
31-12-2025,105.3421,Nippon Large Cap,118632
30-12-2025,104.5935,Nippon Large Cap,118632
29-12-2025,104.7188,Nippon Large Cap,118632
26-12-2025,104.9912,Nippon Large Cap,118632
24-12-2025,105.3548,Nippon Large Cap,118632
23-12-2025,105.5381,Nippon Large Cap,118632
22-12-2025,105.338,Nippon Large Cap,118632
19-12-2025,104.7495,Nippon Large Cap,118632
18-12-2025,104.0678,Nippon Large Cap,118632
17-12-2025,104.1918,Nippon Large Cap,118632
16-12-2025,104.4782,Nippon Large Cap,118632
15-12-2025,105.1821,Nippon Large Cap,118632
12-12-2025,105.2738,Nippon Large Cap,118632
11-12-2025,104.659,Nippon Large Cap,118632
10-12-2025,104.014,Nippon Large Cap,118632
09-12-2025,104.2635,Nippon Large Cap,118632
08-12-2025,104.3721,Nippon Large Cap,118632
05-12-2025,105.4142,Nippon Large Cap,118632
04-12-2025,105.0426,Nippon Large Cap,118632
03-12-2025,105.0214,Nippon Large Cap,118632
02-12-2025,105.2367,Nippon Large Cap,118632
01-12-2025,105.5389,Nippon Large Cap,118632
28-11-2025,105.6844,Nippon Large Cap,118632
27-11-2025,105.684,Nippon Large Cap,118632
26-11-2025,105.5755,Nippon Large Cap,118632
25-11-2025,104.1712,Nippon Large Cap,118632
24-11-2025,104.323,Nippon Large Cap,118632
21-11-2025,104.8664,Nippon Large Cap,118632
20-11-2025,105.6047,Nippon Large Cap,118632
19-11-2025,105.1392,Nippon Large Cap,118632
18-11-2025,104.6087,Nippon Large Cap,118632
17-11-2025,105.1203,Nippon Large Cap,118632
14-11-2025,104.6864,Nippon Large Cap,118632
13-11-2025,104.6624,Nippon Large Cap,118632
12-11-2025,104.6829,Nippon Large Cap,118632
11-11-2025,104.1242,Nippon Large Cap,118632
10-11-2025,103.8912,Nippon Large Cap,118632
07-11-2025,103.6712,Nippon Large Cap,118632
06-11-2025,103.6683,Nippon Large Cap,118632
04-11-2025,104.296,Nippon Large Cap,118632
03-11-2025,104.8494,Nippon Large Cap,118632
31-10-2025,104.5102,Nippon Large Cap,118632
30-10-2025,105.2376,Nippon Large Cap,118632
29-10-2025,105.7985,Nippon Large Cap,118632
28-10-2025,105.143,Nippon Large Cap,118632
27-10-2025,105.1974,Nippon Large Cap,118632
24-10-2025,104.6441,Nippon Large Cap,118632
23-10-2025,105.0429,Nippon Large Cap,118632
20-10-2025,104.88,Nippon Large Cap,118632
17-10-2025,104.4673,Nippon Large Cap,118632
16-10-2025,104.1594,Nippon Large Cap,118632
15-10-2025,103.2825,Nippon Large Cap,118632
14-10-2025,102.5439,Nippon Large Cap,118632
13-10-2025,102.968,Nippon Large Cap,118632
10-10-2025,103.236,Nippon Large Cap,118632
09-10-2025,102.7968,Nippon Large Cap,118632
08-10-2025,102.3564,Nippon Large Cap,118632
07-10-2025,102.7883,Nippon Large Cap,118632
06-10-2025,102.8296,Nippon Large Cap,118632
03-10-2025,102.3835,Nippon Large Cap,118632
01-10-2025,102.0581,Nippon Large Cap,118632
30-09-2025,101.3,Nippon Large Cap,118632
26-09-2025,101.3125,Nippon Large Cap,118632
25-09-2025,102.4742,Nippon Large Cap,118632
24-09-2025,103.3338,Nippon Large Cap,118632
23-09-2025,103.8134,Nippon Large Cap,118632
22-09-2025,103.8105,Nippon Large Cap,118632
19-09-2025,104.3509,Nippon Large Cap,118632
18-09-2025,104.5531,Nippon Large Cap,118632
17-09-2025,104.2438,Nippon Large Cap,118632
16-09-2025,103.9014,Nippon Large Cap,118632
15-09-2025,103.15,Nippon Large Cap,118632
12-09-2025,102.9764,Nippon Large Cap,118632
11-09-2025,102.4033,Nippon Large Cap,118632
10-09-2025,102.3512,Nippon Large Cap,118632
09-09-2025,101.9677,Nippon Large Cap,118632
08-09-2025,101.6765,Nippon Large Cap,118632
05-09-2025,101.5517,Nippon Large Cap,118632
04-09-2025,101.4965,Nippon Large Cap,118632
03-09-2025,101.5909,Nippon Large Cap,118632
02-09-2025,100.9907,Nippon Large Cap,118632
01-09-2025,101.1664,Nippon Large Cap,118632
29-08-2025,100.3496,Nippon Large Cap,118632
28-08-2025,100.5523,Nippon Large Cap,118632
26-08-2025,101.34,Nippon Large Cap,118632
25-08-2025,102.3387,Nippon Large Cap,118632
22-08-2025,102.052,Nippon Large Cap,118632
21-08-2025,102.728,Nippon Large Cap,118632
20-08-2025,102.6558,Nippon Large Cap,118632
19-08-2025,102.2421,Nippon Large Cap,118632
18-08-2025,101.6867,Nippon Large Cap,118632
14-08-2025,100.5741,Nippon Large Cap,118632
13-08-2025,100.5914,Nippon Large Cap,118632
12-08-2025,99.7536,Nippon Large Cap,118632
11-08-2025,99.916,Nippon Large Cap,118632
08-08-2025,98.9884,Nippon Large Cap,118632
07-08-2025,99.9091,Nippon Large Cap,118632
06-08-2025,99.7886,Nippon Large Cap,118632
05-08-2025,100.1112,Nippon Large Cap,118632
04-08-2025,100.2779,Nippon Large Cap,118632
01-08-2025,99.9113,Nippon Large Cap,118632
31-07-2025,100.5941,Nippon Large Cap,118632
30-07-2025,100.6886,Nippon Large Cap,118632
29-07-2025,100.2101,Nippon Large Cap,118632
28-07-2025,99.6981,Nippon Large Cap,118632
25-07-2025,100.2598,Nippon Large Cap,118632
24-07-2025,101.3281,Nippon Large Cap,118632
23-07-2025,101.7894,Nippon Large Cap,118632
22-07-2025,101.3272,Nippon Large Cap,118632
21-07-2025,101.3735,Nippon Large Cap,118632
18-07-2025,100.9286,Nippon Large Cap,118632
17-07-2025,101.4318,Nippon Large Cap,118632
16-07-2025,101.623,Nippon Large Cap,118632
15-07-2025,101.4168,Nippon Large Cap,118632
14-07-2025,101.0587,Nippon Large Cap,118632
11-07-2025,101.2686,Nippon Large Cap,118632
10-07-2025,101.799,Nippon Large Cap,118632
09-07-2025,102.039,Nippon Large Cap,118632
08-07-2025,102.0364,Nippon Large Cap,118632
07-07-2025,101.754,Nippon Large Cap,118632
04-07-2025,101.7883,Nippon Large Cap,118632
03-07-2025,101.5231,Nippon Large Cap,118632
02-07-2025,101.8391,Nippon Large Cap,118632
01-07-2025,102.2738,Nippon Large Cap,118632
30-06-2025,102.3501,Nippon Large Cap,118632
27-06-2025,102.6148,Nippon Large Cap,118632
26-06-2025,102.1458,Nippon Large Cap,118632
25-06-2025,101.2439,Nippon Large Cap,118632
24-06-2025,100.5325,Nippon Large Cap,118632
23-06-2025,99.9129,Nippon Large Cap,118632
20-06-2025,100.4075,Nippon Large Cap,118632
19-06-2025,99.3123,Nippon Large Cap,118632
18-06-2025,99.7448,Nippon Large Cap,118632
17-06-2025,99.7999,Nippon Large Cap,118632
16-06-2025,100.0818,Nippon Large Cap,118632
13-06-2025,99.3528,Nippon Large Cap,118632
12-06-2025,100.0453,Nippon Large Cap,118632
11-06-2025,101.3151,Nippon Large Cap,118632
10-06-2025,101.2256,Nippon Large Cap,118632
09-06-2025,101.3481,Nippon Large Cap,118632
06-06-2025,100.6269,Nippon Large Cap,118632
05-06-2025,99.6617,Nippon Large Cap,118632
04-06-2025,99.1551,Nippon Large Cap,118632
03-06-2025,98.7161,Nippon Large Cap,118632
02-06-2025,99.2736,Nippon Large Cap,118632
30-05-2025,99.1611,Nippon Large Cap,118632
29-05-2025,99.4341,Nippon Large Cap,118632
28-05-2025,99.1118,Nippon Large Cap,118632
27-05-2025,99.2431,Nippon Large Cap,118632
26-05-2025,99.6536,Nippon Large Cap,118632
23-05-2025,98.8611,Nippon Large Cap,118632
22-05-2025,97.9101,Nippon Large Cap,118632
21-05-2025,98.6038,Nippon Large Cap,118632
20-05-2025,97.9113,Nippon Large Cap,118632
19-05-2025,99.1325,Nippon Large Cap,118632
16-05-2025,99.2225,Nippon Large Cap,118632
15-05-2025,98.9453,Nippon Large Cap,118632
14-05-2025,97.6473,Nippon Large Cap,118632
13-05-2025,97.054,Nippon Large Cap,118632
12-05-2025,97.9099,Nippon Large Cap,118632
09-05-2025,94.3482,Nippon Large Cap,118632
08-05-2025,95.1487,Nippon Large Cap,118632
07-05-2025,96.0208,Nippon Large Cap,118632
06-05-2025,95.5648,Nippon Large Cap,118632
05-05-2025,96.5552,Nippon Large Cap,118632
02-05-2025,95.9389,Nippon Large Cap,118632
30-04-2025,95.8147,Nippon Large Cap,118632
29-04-2025,96.0929,Nippon Large Cap,118632
28-04-2025,96.0282,Nippon Large Cap,118632
25-04-2025,94.8844,Nippon Large Cap,118632
24-04-2025,96.0597,Nippon Large Cap,118632
23-04-2025,96.1708,Nippon Large Cap,118632
22-04-2025,95.6204,Nippon Large Cap,118632
21-04-2025,95.3869,Nippon Large Cap,118632
17-04-2025,94.1055,Nippon Large Cap,118632
16-04-2025,92.8983,Nippon Large Cap,118632
15-04-2025,92.3268,Nippon Large Cap,118632
11-04-2025,90.0693,Nippon Large Cap,118632
09-04-2025,88.641,Nippon Large Cap,118632
08-04-2025,89.2409,Nippon Large Cap,118632
07-04-2025,87.7802,Nippon Large Cap,118632
04-04-2025,90.4333,Nippon Large Cap,118632
03-04-2025,92.2243,Nippon Large Cap,118632
02-04-2025,92.4165,Nippon Large Cap,118632
01-04-2025,91.6629,Nippon Large Cap,118632
31-03-2025,92.8702,Nippon Large Cap,118632
28-03-2025,92.8735,Nippon Large Cap,118632
27-03-2025,93.3884,Nippon Large Cap,118632
26-03-2025,92.657,Nippon Large Cap,118632
25-03-2025,93.5158,Nippon Large Cap,118632
24-03-2025,93.8123,Nippon Large Cap,118632
21-03-2025,92.543,Nippon Large Cap,118632
20-03-2025,91.6767,Nippon Large Cap,118632
19-03-2025,90.9711,Nippon Large Cap,118632
18-03-2025,90.2544,Nippon Large Cap,118632
17-03-2025,88.6746,Nippon Large Cap,118632
13-03-2025,88.0656,Nippon Large Cap,118632
12-03-2025,88.3738,Nippon Large Cap,118632
11-03-2025,88.5042,Nippon Large Cap,118632
10-03-2025,88.5879,Nippon Large Cap,118632
07-03-2025,89.1195,Nippon Large Cap,118632
06-03-2025,89.174,Nippon Large Cap,118632
05-03-2025,88.2535,Nippon Large Cap,118632
04-03-2025,87.1643,Nippon Large Cap,118632
03-03-2025,86.983,Nippon Large Cap,118632
28-02-2025,86.9222,Nippon Large Cap,118632
27-02-2025,88.4321,Nippon Large Cap,118632
25-02-2025,88.7605,Nippon Large Cap,118632
24-02-2025,88.9334,Nippon Large Cap,118632
21-02-2025,89.8495,Nippon Large Cap,118632
20-02-2025,90.3489,Nippon Large Cap,118632
19-02-2025,90.0404,Nippon Large Cap,118632
18-02-2025,89.5354,Nippon Large Cap,118632
17-02-2025,89.5693,Nippon Large Cap,118632
14-02-2025,89.5741,Nippon Large Cap,118632
13-02-2025,90.3684,Nippon Large Cap,118632
12-02-2025,90.3408,Nippon Large Cap,118632
11-02-2025,90.5443,Nippon Large Cap,118632
10-02-2025,92.1773,Nippon Large Cap,118632
07-02-2025,93.319,Nippon Large Cap,118632
06-02-2025,93.4896,Nippon Large Cap,118632
05-02-2025,93.8883,Nippon Large Cap,118632
04-02-2025,93.9231,Nippon Large Cap,118632
03-02-2025,92.4237,Nippon Large Cap,118632
31-01-2025,92.8772,Nippon Large Cap,118632
30-01-2025,91.7379,Nippon Large Cap,118632
29-01-2025,91.4688,Nippon Large Cap,118632
28-01-2025,90.2227,Nippon Large Cap,118632
27-01-2025,89.9694,Nippon Large Cap,118632
24-01-2025,91.4588,Nippon Large Cap,118632
23-01-2025,92.2667,Nippon Large Cap,118632
22-01-2025,91.9229,Nippon Large Cap,118632
21-01-2025,91.9008,Nippon Large Cap,118632
20-01-2025,93.6339,Nippon Large Cap,118632
17-01-2025,93.4158,Nippon Large Cap,118632
16-01-2025,93.5764,Nippon Large Cap,118632
15-01-2025,92.9463,Nippon Large Cap,118632
14-01-2025,92.5951,Nippon Large Cap,118632
13-01-2025,91.922,Nippon Large Cap,118632
10-01-2025,93.7271,Nippon Large Cap,118632
09-01-2025,94.581,Nippon Large Cap,118632
08-01-2025,95.4138,Nippon Large Cap,118632
07-01-2025,95.7436,Nippon Large Cap,118632
06-01-2025,95.3266,Nippon Large Cap,118632
03-01-2025,97.1671,Nippon Large Cap,118632
02-01-2025,97.5681,Nippon Large Cap,118632
01-01-2025,96.1113,Nippon Large Cap,118632
31-12-2024,95.6932,Nippon Large Cap,118632
30-12-2024,95.6777,Nippon Large Cap,118632
27-12-2024,96.1819,Nippon Large Cap,118632
26-12-2024,96.1901,Nippon Large Cap,118632
24-12-2024,96.1467,Nippon Large Cap,118632
23-12-2024,96.1694,Nippon Large Cap,118632
20-12-2024,95.8415,Nippon Large Cap,118632
19-12-2024,97.4275,Nippon Large Cap,118632
18-12-2024,98.1827,Nippon Large Cap,118632
17-12-2024,98.876,Nippon Large Cap,118632
16-12-2024,99.805,Nippon Large Cap,118632
13-12-2024,99.7847,Nippon Large Cap,118632
12-12-2024,99.2226,Nippon Large Cap,118632
11-12-2024,99.6289,Nippon Large Cap,118632
10-12-2024,99.546,Nippon Large Cap,118632
09-12-2024,99.5074,Nippon Large Cap,118632
06-12-2024,99.6509,Nippon Large Cap,118632
05-12-2024,99.4147,Nippon Large Cap,118632
04-12-2024,98.6536,Nippon Large Cap,118632
03-12-2024,98.2022,Nippon Large Cap,118632
02-12-2024,97.1205,Nippon Large Cap,118632
29-11-2024,96.7197,Nippon Large Cap,118632
28-11-2024,96.1824,Nippon Large Cap,118632
27-11-2024,97.2127,Nippon Large Cap,118632
26-11-2024,96.7895,Nippon Large Cap,118632
25-11-2024,96.8798,Nippon Large Cap,118632
22-11-2024,95.4297,Nippon Large Cap,118632
21-11-2024,93.5182,Nippon Large Cap,118632
19-11-2024,94.0998,Nippon Large Cap,118632
18-11-2024,93.7894,Nippon Large Cap,118632
14-11-2024,93.9927,Nippon Large Cap,118632
13-11-2024,93.9405,Nippon Large Cap,118632
12-11-2024,95.3799,Nippon Large Cap,118632
11-11-2024,96.5738,Nippon Large Cap,118632
08-11-2024,96.4406,Nippon Large Cap,118632
07-11-2024,96.8112,Nippon Large Cap,118632
06-11-2024,97.5614,Nippon Large Cap,118632
05-11-2024,96.3891,Nippon Large Cap,118632
04-11-2024,95.6366,Nippon Large Cap,118632
31-10-2024,96.3789,Nippon Large Cap,118632
30-10-2024,96.533,Nippon Large Cap,118632
29-10-2024,96.8881,Nippon Large Cap,118632
28-10-2024,96.0172,Nippon Large Cap,118632
25-10-2024,95.6705,Nippon Large Cap,118632
24-10-2024,96.5901,Nippon Large Cap,118632
23-10-2024,96.7928,Nippon Large Cap,118632
22-10-2024,96.8263,Nippon Large Cap,118632
21-10-2024,98.4247,Nippon Large Cap,118632
18-10-2024,98.9248,Nippon Large Cap,118632
17-10-2024,98.6003,Nippon Large Cap,118632
16-10-2024,99.5525,Nippon Large Cap,118632
15-10-2024,99.6355,Nippon Large Cap,118632
14-10-2024,99.6839,Nippon Large Cap,118632
11-10-2024,99.139,Nippon Large Cap,118632
10-10-2024,99.2685,Nippon Large Cap,118632
09-10-2024,98.9923,Nippon Large Cap,118632
08-10-2024,98.6381,Nippon Large Cap,118632
07-10-2024,97.3987,Nippon Large Cap,118632
04-10-2024,98.7098,Nippon Large Cap,118632
03-10-2024,99.4889,Nippon Large Cap,118632
01-10-2024,101.4323,Nippon Large Cap,118632
30-09-2024,101.4475,Nippon Large Cap,118632
27-09-2024,102.7061,Nippon Large Cap,118632
26-09-2024,102.6658,Nippon Large Cap,118632
25-09-2024,102.0413,Nippon Large Cap,118632
24-09-2024,101.7456,Nippon Large Cap,118632
23-09-2024,101.6433,Nippon Large Cap,118632
20-09-2024,100.9598,Nippon Large Cap,118632
19-09-2024,99.8842,Nippon Large Cap,118632
18-09-2024,99.968,Nippon Large Cap,118632
17-09-2024,100.0653,Nippon Large Cap,118632
16-09-2024,100.114,Nippon Large Cap,118632
13-09-2024,100.089,Nippon Large Cap,118632
12-09-2024,100.2373,Nippon Large Cap,118632
11-09-2024,98.7724,Nippon Large Cap,118632
10-09-2024,99.2319,Nippon Large Cap,118632
09-09-2024,98.4675,Nippon Large Cap,118632
06-09-2024,98.076,Nippon Large Cap,118632
05-09-2024,99.3569,Nippon Large Cap,118632
04-09-2024,99.2067,Nippon Large Cap,118632
03-09-2024,99.6805,Nippon Large Cap,118632
02-09-2024,99.5227,Nippon Large Cap,118632
30-08-2024,99.3996,Nippon Large Cap,118632
29-08-2024,98.9127,Nippon Large Cap,118632
28-08-2024,98.7789,Nippon Large Cap,118632
27-08-2024,98.8747,Nippon Large Cap,118632
26-08-2024,98.6268,Nippon Large Cap,118632
23-08-2024,97.9385,Nippon Large Cap,118632
22-08-2024,97.9738,Nippon Large Cap,118632
21-08-2024,97.8326,Nippon Large Cap,118632
20-08-2024,97.6125,Nippon Large Cap,118632
19-08-2024,97.0611,Nippon Large Cap,118632
16-08-2024,96.8796,Nippon Large Cap,118632
14-08-2024,95.3783,Nippon Large Cap,118632
13-08-2024,95.363,Nippon Large Cap,118632
12-08-2024,96.4431,Nippon Large Cap,118632
09-08-2024,96.6915,Nippon Large Cap,118632
08-08-2024,95.9036,Nippon Large Cap,118632
07-08-2024,96.5617,Nippon Large Cap,118632
06-08-2024,95.1642,Nippon Large Cap,118632
05-08-2024,95.6995,Nippon Large Cap,118632
02-08-2024,98.3992,Nippon Large Cap,118632
01-08-2024,99.1905,Nippon Large Cap,118632
31-07-2024,99.038,Nippon Large Cap,118632
30-07-2024,98.6802,Nippon Large Cap,118632
29-07-2024,98.4839,Nippon Large Cap,118632
26-07-2024,98.3111,Nippon Large Cap,118632
25-07-2024,96.7323,Nippon Large Cap,118632
24-07-2024,96.7617,Nippon Large Cap,118632
23-07-2024,96.5445,Nippon Large Cap,118632
22-07-2024,96.7013,Nippon Large Cap,118632
19-07-2024,96.409,Nippon Large Cap,118632
18-07-2024,97.7055,Nippon Large Cap,118632
16-07-2024,97.4713,Nippon Large Cap,118632
15-07-2024,97.7671,Nippon Large Cap,118632
12-07-2024,97.3785,Nippon Large Cap,118632
11-07-2024,97.096,Nippon Large Cap,118632
10-07-2024,96.9845,Nippon Large Cap,118632
09-07-2024,97.3311,Nippon Large Cap,118632
08-07-2024,96.8647,Nippon Large Cap,118632
05-07-2024,96.8297,Nippon Large Cap,118632
04-07-2024,96.6688,Nippon Large Cap,118632
03-07-2024,96.3988,Nippon Large Cap,118632
02-07-2024,95.5824,Nippon Large Cap,118632
01-07-2024,95.6996,Nippon Large Cap,118632
28-06-2024,94.9416,Nippon Large Cap,118632
27-06-2024,95.1237,Nippon Large Cap,118632
26-06-2024,94.643,Nippon Large Cap,118632
25-06-2024,94.3814,Nippon Large Cap,118632
24-06-2024,93.7392,Nippon Large Cap,118632
21-06-2024,93.5537,Nippon Large Cap,118632
20-06-2024,93.8753,Nippon Large Cap,118632
19-06-2024,93.5849,Nippon Large Cap,118632
18-06-2024,93.803,Nippon Large Cap,118632
14-06-2024,93.6567,Nippon Large Cap,118632
13-06-2024,93.04,Nippon Large Cap,118632
12-06-2024,92.5612,Nippon Large Cap,118632
11-06-2024,92.1206,Nippon Large Cap,118632
10-06-2024,92.0097,Nippon Large Cap,118632
07-06-2024,91.8562,Nippon Large Cap,118632
06-06-2024,90.1267,Nippon Large Cap,118632
05-06-2024,89.1172,Nippon Large Cap,118632
04-06-2024,86.3042,Nippon Large Cap,118632
03-06-2024,92.4271,Nippon Large Cap,118632
31-05-2024,89.4481,Nippon Large Cap,118632
30-05-2024,88.9933,Nippon Large Cap,118632
29-05-2024,89.6503,Nippon Large Cap,118632
28-05-2024,90.4202,Nippon Large Cap,118632
27-05-2024,90.7877,Nippon Large Cap,118632
24-05-2024,90.914,Nippon Large Cap,118632
23-05-2024,90.9572,Nippon Large Cap,118632
22-05-2024,89.864,Nippon Large Cap,118632
21-05-2024,89.5067,Nippon Large Cap,118632
17-05-2024,89.1256,Nippon Large Cap,118632
16-05-2024,88.7259,Nippon Large Cap,118632
15-05-2024,87.8377,Nippon Large Cap,118632
14-05-2024,87.6274,Nippon Large Cap,118632
13-05-2024,87.174,Nippon Large Cap,118632
10-05-2024,86.9891,Nippon Large Cap,118632
09-05-2024,86.3547,Nippon Large Cap,118632
08-05-2024,87.904,Nippon Large Cap,118632
07-05-2024,87.7561,Nippon Large Cap,118632
06-05-2024,88.3316,Nippon Large Cap,118632
03-05-2024,88.739,Nippon Large Cap,118632
02-05-2024,89.3246,Nippon Large Cap,118632
30-04-2024,89.0926,Nippon Large Cap,118632
29-04-2024,89.083,Nippon Large Cap,118632
26-04-2024,88.1658,Nippon Large Cap,118632
25-04-2024,88.6125,Nippon Large Cap,118632
24-04-2024,87.7308,Nippon Large Cap,118632
23-04-2024,87.5655,Nippon Large Cap,118632
22-04-2024,87.4154,Nippon Large Cap,118632
19-04-2024,86.5741,Nippon Large Cap,118632
18-04-2024,85.9544,Nippon Large Cap,118632
16-04-2024,86.4844,Nippon Large Cap,118632
15-04-2024,86.7351,Nippon Large Cap,118632
12-04-2024,87.8748,Nippon Large Cap,118632
10-04-2024,88.6487,Nippon Large Cap,118632
09-04-2024,88.3609,Nippon Large Cap,118632
08-04-2024,88.4212,Nippon Large Cap,118632
05-04-2024,87.8656,Nippon Large Cap,118632
04-04-2024,87.5846,Nippon Large Cap,118632
03-04-2024,87.3591,Nippon Large Cap,118632
02-04-2024,87.1671,Nippon Large Cap,118632
01-04-2024,87.1447,Nippon Large Cap,118632
31-03-2024,86.2324,Nippon Large Cap,118632
28-03-2024,86.2356,Nippon Large Cap,118632
27-03-2024,85.4068,Nippon Large Cap,118632
26-03-2024,85.0202,Nippon Large Cap,118632
22-03-2024,84.8535,Nippon Large Cap,118632
21-03-2024,84.4561,Nippon Large Cap,118632
20-03-2024,83.3538,Nippon Large Cap,118632
19-03-2024,83.1639,Nippon Large Cap,118632
18-03-2024,83.9851,Nippon Large Cap,118632
15-03-2024,83.6902,Nippon Large Cap,118632
14-03-2024,84.0568,Nippon Large Cap,118632
13-03-2024,83.42,Nippon Large Cap,118632
12-03-2024,85.1058,Nippon Large Cap,118632
11-03-2024,85.4384,Nippon Large Cap,118632
07-03-2024,86.2429,Nippon Large Cap,118632
06-03-2024,85.81,Nippon Large Cap,118632
05-03-2024,85.8536,Nippon Large Cap,118632
04-03-2024,85.8389,Nippon Large Cap,118632
01-03-2024,85.3718,Nippon Large Cap,118632
29-02-2024,84.0569,Nippon Large Cap,118632
28-02-2024,83.6231,Nippon Large Cap,118632
27-02-2024,84.5543,Nippon Large Cap,118632
26-02-2024,84.4802,Nippon Large Cap,118632
23-02-2024,84.6745,Nippon Large Cap,118632
22-02-2024,84.4739,Nippon Large Cap,118632
21-02-2024,83.7597,Nippon Large Cap,118632
20-02-2024,84.0611,Nippon Large Cap,118632
19-02-2024,83.7003,Nippon Large Cap,118632
16-02-2024,83.5478,Nippon Large Cap,118632
15-02-2024,83.1557,Nippon Large Cap,118632
14-02-2024,82.8433,Nippon Large Cap,118632
13-02-2024,82.1878,Nippon Large Cap,118632
12-02-2024,81.6287,Nippon Large Cap,118632
09-02-2024,82.8752,Nippon Large Cap,118632
08-02-2024,82.5897,Nippon Large Cap,118632
07-02-2024,83.0313,Nippon Large Cap,118632
06-02-2024,82.272,Nippon Large Cap,118632
05-02-2024,81.5416,Nippon Large Cap,118632
02-02-2024,81.7841,Nippon Large Cap,118632
01-02-2024,81.3917,Nippon Large Cap,118632
31-01-2024,81.5148,Nippon Large Cap,118632
30-01-2024,80.7813,Nippon Large Cap,118632
29-01-2024,81.478,Nippon Large Cap,118632
25-01-2024,80.1233,Nippon Large Cap,118632
24-01-2024,80.3079,Nippon Large Cap,118632
23-01-2024,79.3097,Nippon Large Cap,118632
19-01-2024,81.0521,Nippon Large Cap,118632
18-01-2024,80.2485,Nippon Large Cap,118632
17-01-2024,80.4761,Nippon Large Cap,118632
16-01-2024,82.0535,Nippon Large Cap,118632
15-01-2024,82.2457,Nippon Large Cap,118632
12-01-2024,81.7745,Nippon Large Cap,118632
11-01-2024,81.1364,Nippon Large Cap,118632
10-01-2024,80.8502,Nippon Large Cap,118632
09-01-2024,80.6145,Nippon Large Cap,118632
08-01-2024,80.3728,Nippon Large Cap,118632
05-01-2024,81.059,Nippon Large Cap,118632
04-01-2024,80.9262,Nippon Large Cap,118632
03-01-2024,80.1318,Nippon Large Cap,118632
02-01-2024,80.3585,Nippon Large Cap,118632
01-01-2024,80.3877,Nippon Large Cap,118632
29-12-2023,80.2143,Nippon Large Cap,118632
28-12-2023,80.057,Nippon Large Cap,118632
27-12-2023,79.6145,Nippon Large Cap,118632
26-12-2023,78.9312,Nippon Large Cap,118632
22-12-2023,78.7363,Nippon Large Cap,118632
21-12-2023,78.4313,Nippon Large Cap,118632
20-12-2023,77.874,Nippon Large Cap,118632
19-12-2023,79.6031,Nippon Large Cap,118632
18-12-2023,79.4904,Nippon Large Cap,118632
15-12-2023,79.423,Nippon Large Cap,118632
14-12-2023,78.5552,Nippon Large Cap,118632
13-12-2023,77.7474,Nippon Large Cap,118632
12-12-2023,77.3349,Nippon Large Cap,118632
11-12-2023,77.584,Nippon Large Cap,118632
08-12-2023,77.2576,Nippon Large Cap,118632
07-12-2023,77.1094,Nippon Large Cap,118632
06-12-2023,76.7791,Nippon Large Cap,118632
05-12-2023,76.3652,Nippon Large Cap,118632
04-12-2023,76.0297,Nippon Large Cap,118632
01-12-2023,74.703,Nippon Large Cap,118632
30-11-2023,73.9678,Nippon Large Cap,118632
29-11-2023,73.7259,Nippon Large Cap,118632
28-11-2023,73.0792,Nippon Large Cap,118632
24-11-2023,72.6677,Nippon Large Cap,118632
23-11-2023,72.6659,Nippon Large Cap,118632
22-11-2023,72.6229,Nippon Large Cap,118632
21-11-2023,72.7049,Nippon Large Cap,118632
20-11-2023,72.4675,Nippon Large Cap,118632
17-11-2023,72.556,Nippon Large Cap,118632
16-11-2023,72.7496,Nippon Large Cap,118632
15-11-2023,72.4739,Nippon Large Cap,118632
13-11-2023,71.9087,Nippon Large Cap,118632
10-11-2023,71.6976,Nippon Large Cap,118632
09-11-2023,71.6223,Nippon Large Cap,118632
08-11-2023,71.8582,Nippon Large Cap,118632
07-11-2023,71.692,Nippon Large Cap,118632
06-11-2023,71.6717,Nippon Large Cap,118632
03-11-2023,70.9984,Nippon Large Cap,118632
02-11-2023,70.5127,Nippon Large Cap,118632
01-11-2023,69.8843,Nippon Large Cap,118632
31-10-2023,70.1022,Nippon Large Cap,118632
30-10-2023,70.2094,Nippon Large Cap,118632
27-10-2023,70.0343,Nippon Large Cap,118632
26-10-2023,69.2151,Nippon Large Cap,118632
25-10-2023,70.0111,Nippon Large Cap,118632
23-10-2023,70.5159,Nippon Large Cap,118632
20-10-2023,71.7026,Nippon Large Cap,118632
19-10-2023,72.2182,Nippon Large Cap,118632
18-10-2023,72.3949,Nippon Large Cap,118632
17-10-2023,73.0238,Nippon Large Cap,118632
16-10-2023,72.7253,Nippon Large Cap,118632
13-10-2023,72.6009,Nippon Large Cap,118632
12-10-2023,72.8206,Nippon Large Cap,118632
11-10-2023,72.6358,Nippon Large Cap,118632
10-10-2023,72.2501,Nippon Large Cap,118632
09-10-2023,71.523,Nippon Large Cap,118632
06-10-2023,72.2666,Nippon Large Cap,118632
05-10-2023,71.8691,Nippon Large Cap,118632
04-10-2023,71.4828,Nippon Large Cap,118632
03-10-2023,72.158,Nippon Large Cap,118632
29-09-2023,72.2725,Nippon Large Cap,118632
27-09-2023,72.2487,Nippon Large Cap,118632
26-09-2023,71.9923,Nippon Large Cap,118632
25-09-2023,71.8946,Nippon Large Cap,118632
22-09-2023,72.0196,Nippon Large Cap,118632
21-09-2023,72.0463,Nippon Large Cap,118632
20-09-2023,72.7731,Nippon Large Cap,118632
18-09-2023,73.4681,Nippon Large Cap,118632
15-09-2023,73.6158,Nippon Large Cap,118632
14-09-2023,73.3808,Nippon Large Cap,118632
13-09-2023,73.1441,Nippon Large Cap,118632
12-09-2023,73.0049,Nippon Large Cap,118632
11-09-2023,73.7256,Nippon Large Cap,118632
08-09-2023,73.1125,Nippon Large Cap,118632
07-09-2023,72.6174,Nippon Large Cap,118632
06-09-2023,72.046,Nippon Large Cap,118632
05-09-2023,71.8802,Nippon Large Cap,118632
04-09-2023,71.717,Nippon Large Cap,118632
01-09-2023,71.3664,Nippon Large Cap,118632
31-08-2023,70.7276,Nippon Large Cap,118632
30-08-2023,70.9019,Nippon Large Cap,118632
29-08-2023,70.6185,Nippon Large Cap,118632
28-08-2023,70.4455,Nippon Large Cap,118632
25-08-2023,70.2294,Nippon Large Cap,118632
24-08-2023,70.8594,Nippon Large Cap,118632
23-08-2023,70.942,Nippon Large Cap,118632
22-08-2023,70.5786,Nippon Large Cap,118632
21-08-2023,70.284,Nippon Large Cap,118632
18-08-2023,69.9331,Nippon Large Cap,118632
17-08-2023,70.0785,Nippon Large Cap,118632
16-08-2023,70.2973,Nippon Large Cap,118632
14-08-2023,70.11,Nippon Large Cap,118632
11-08-2023,70.33,Nippon Large Cap,118632
10-08-2023,70.5498,Nippon Large Cap,118632
09-08-2023,70.6852,Nippon Large Cap,118632
08-08-2023,70.2574,Nippon Large Cap,118632
07-08-2023,70.2492,Nippon Large Cap,118632
04-08-2023,70.0645,Nippon Large Cap,118632
03-08-2023,69.5471,Nippon Large Cap,118632
02-08-2023,69.9106,Nippon Large Cap,118632
01-08-2023,70.8398,Nippon Large Cap,118632
31-07-2023,70.8107,Nippon Large Cap,118632
28-07-2023,70.3768,Nippon Large Cap,118632
27-07-2023,70.1686,Nippon Large Cap,118632
26-07-2023,70.4141,Nippon Large Cap,118632
25-07-2023,70.1493,Nippon Large Cap,118632
24-07-2023,70.0057,Nippon Large Cap,118632
21-07-2023,70.0801,Nippon Large Cap,118632
20-07-2023,70.5303,Nippon Large Cap,118632
19-07-2023,70.0835,Nippon Large Cap,118632
18-07-2023,69.622,Nippon Large Cap,118632
17-07-2023,69.6452,Nippon Large Cap,118632
14-07-2023,69.1092,Nippon Large Cap,118632
13-07-2023,68.6128,Nippon Large Cap,118632
12-07-2023,68.7079,Nippon Large Cap,118632
11-07-2023,68.6673,Nippon Large Cap,118632
10-07-2023,68.2229,Nippon Large Cap,118632
07-07-2023,68.2028,Nippon Large Cap,118632
06-07-2023,68.5885,Nippon Large Cap,118632
05-07-2023,68.231,Nippon Large Cap,118632
04-07-2023,68.092,Nippon Large Cap,118632
03-07-2023,68.0211,Nippon Large Cap,118632
30-06-2023,67.5552,Nippon Large Cap,118632
28-06-2023,66.822,Nippon Large Cap,118632
27-06-2023,66.2575,Nippon Large Cap,118632
26-06-2023,65.7673,Nippon Large Cap,118632
23-06-2023,65.6157,Nippon Large Cap,118632
22-06-2023,66.0767,Nippon Large Cap,118632
21-06-2023,66.5774,Nippon Large Cap,118632
20-06-2023,66.528,Nippon Large Cap,118632
19-06-2023,66.2177,Nippon Large Cap,118632
16-06-2023,66.4095,Nippon Large Cap,118632
15-06-2023,65.8556,Nippon Large Cap,118632
14-06-2023,66.1179,Nippon Large Cap,118632
13-06-2023,66.0458,Nippon Large Cap,118632
12-06-2023,65.5378,Nippon Large Cap,118632
09-06-2023,65.3566,Nippon Large Cap,118632
08-06-2023,65.5102,Nippon Large Cap,118632
07-06-2023,65.8209,Nippon Large Cap,118632
06-06-2023,65.2544,Nippon Large Cap,118632
05-06-2023,65.1536,Nippon Large Cap,118632
02-06-2023,64.8709,Nippon Large Cap,118632
01-06-2023,64.62,Nippon Large Cap,118632
31-05-2023,64.6705,Nippon Large Cap,118632
30-05-2023,64.7799,Nippon Large Cap,118632
29-05-2023,64.536,Nippon Large Cap,118632
26-05-2023,64.2631,Nippon Large Cap,118632
25-05-2023,63.5885,Nippon Large Cap,118632
24-05-2023,63.3853,Nippon Large Cap,118632
23-05-2023,63.4799,Nippon Large Cap,118632
22-05-2023,63.4405,Nippon Large Cap,118632
19-05-2023,63.419,Nippon Large Cap,118632
18-05-2023,63.3171,Nippon Large Cap,118632
17-05-2023,63.3543,Nippon Large Cap,118632
16-05-2023,63.5284,Nippon Large Cap,118632
15-05-2023,63.6571,Nippon Large Cap,118632
12-05-2023,63.281,Nippon Large Cap,118632
11-05-2023,63.2204,Nippon Large Cap,118632
10-05-2023,63.1904,Nippon Large Cap,118632
09-05-2023,62.9979,Nippon Large Cap,118632
08-05-2023,63.0419,Nippon Large Cap,118632
05-05-2023,62.233,Nippon Large Cap,118632
04-05-2023,62.6908,Nippon Large Cap,118632
03-05-2023,62.1695,Nippon Large Cap,118632
02-05-2023,62.2082,Nippon Large Cap,118632
28-04-2023,61.8378,Nippon Large Cap,118632
27-04-2023,61.2076,Nippon Large Cap,118632
26-04-2023,60.8636,Nippon Large Cap,118632
25-04-2023,60.5932,Nippon Large Cap,118632
24-04-2023,60.4513,Nippon Large Cap,118632
21-04-2023,60.0348,Nippon Large Cap,118632
20-04-2023,60.0665,Nippon Large Cap,118632
19-04-2023,59.9873,Nippon Large Cap,118632
18-04-2023,60.0999,Nippon Large Cap,118632
17-04-2023,60.1619,Nippon Large Cap,118632
13-04-2023,60.3609,Nippon Large Cap,118632
12-04-2023,60.3205,Nippon Large Cap,118632
11-04-2023,60.0753,Nippon Large Cap,118632
10-04-2023,59.9027,Nippon Large Cap,118632
06-04-2023,59.8319,Nippon Large Cap,118632
05-04-2023,59.6706,Nippon Large Cap,118632
03-04-2023,59.1936,Nippon Large Cap,118632
31-03-2023,59.0553,Nippon Large Cap,118632
29-03-2023,58.1541,Nippon Large Cap,118632
28-03-2023,57.6287,Nippon Large Cap,118632
27-03-2023,57.7058,Nippon Large Cap,118632
24-03-2023,57.7885,Nippon Large Cap,118632
23-03-2023,58.2979,Nippon Large Cap,118632
22-03-2023,58.5299,Nippon Large Cap,118632
21-03-2023,58.3986,Nippon Large Cap,118632
20-03-2023,57.9134,Nippon Large Cap,118632
17-03-2023,58.3714,Nippon Large Cap,118632
16-03-2023,58.0008,Nippon Large Cap,118632
15-03-2023,57.9036,Nippon Large Cap,118632
14-03-2023,58.1564,Nippon Large Cap,118632
13-03-2023,58.4031,Nippon Large Cap,118632
10-03-2023,59.342,Nippon Large Cap,118632
09-03-2023,59.8804,Nippon Large Cap,118632
08-03-2023,60.262,Nippon Large Cap,118632
06-03-2023,59.9573,Nippon Large Cap,118632
03-03-2023,59.6132,Nippon Large Cap,118632
02-03-2023,58.8032,Nippon Large Cap,118632
01-03-2023,59.1352,Nippon Large Cap,118632
28-02-2023,58.6303,Nippon Large Cap,118632
27-02-2023,58.8267,Nippon Large Cap,118632
24-02-2023,59.1105,Nippon Large Cap,118632
23-02-2023,59.3036,Nippon Large Cap,118632
22-02-2023,59.2641,Nippon Large Cap,118632
21-02-2023,60.1318,Nippon Large Cap,118632
20-02-2023,60.1557,Nippon Large Cap,118632
17-02-2023,60.3654,Nippon Large Cap,118632
16-02-2023,60.6047,Nippon Large Cap,118632
15-02-2023,60.5621,Nippon Large Cap,118632
14-02-2023,60.3002,Nippon Large Cap,118632
13-02-2023,59.9403,Nippon Large Cap,118632
10-02-2023,60.2259,Nippon Large Cap,118632
09-02-2023,60.2739,Nippon Large Cap,118632
08-02-2023,60.1886,Nippon Large Cap,118632
07-02-2023,59.7885,Nippon Large Cap,118632
06-02-2023,59.9718,Nippon Large Cap,118632
03-02-2023,60.0787,Nippon Large Cap,118632
02-02-2023,59.4591,Nippon Large Cap,118632
01-02-2023,59.4179,Nippon Large Cap,118632
31-01-2023,59.33,Nippon Large Cap,118632
30-01-2023,58.9542,Nippon Large Cap,118632
27-01-2023,58.8704,Nippon Large Cap,118632
25-01-2023,59.7049,Nippon Large Cap,118632
24-01-2023,60.6472,Nippon Large Cap,118632
23-01-2023,60.6805,Nippon Large Cap,118632
20-01-2023,60.3714,Nippon Large Cap,118632
19-01-2023,60.5459,Nippon Large Cap,118632
18-01-2023,60.5831,Nippon Large Cap,118632
17-01-2023,60.2145,Nippon Large Cap,118632
16-01-2023,59.8648,Nippon Large Cap,118632
13-01-2023,60.0927,Nippon Large Cap,118632
12-01-2023,59.9049,Nippon Large Cap,118632
11-01-2023,59.9785,Nippon Large Cap,118632
10-01-2023,59.9286,Nippon Large Cap,118632
09-01-2023,60.3555,Nippon Large Cap,118632
06-01-2023,59.6299,Nippon Large Cap,118632
05-01-2023,59.9027,Nippon Large Cap,118632
04-01-2023,59.942,Nippon Large Cap,118632
03-01-2023,60.6308,Nippon Large Cap,118632
02-01-2023,60.5329,Nippon Large Cap,118632
30-12-2022,60.2066,Nippon Large Cap,118632
29-12-2022,60.3423,Nippon Large Cap,118632
28-12-2022,60.2411,Nippon Large Cap,118632
27-12-2022,60.1591,Nippon Large Cap,118632
26-12-2022,59.7394,Nippon Large Cap,118632
23-12-2022,58.7086,Nippon Large Cap,118632
22-12-2022,59.9458,Nippon Large Cap,118632
21-12-2022,60.3715,Nippon Large Cap,118632
20-12-2022,61.1708,Nippon Large Cap,118632
19-12-2022,61.3839,Nippon Large Cap,118632
16-12-2022,60.9743,Nippon Large Cap,118632
15-12-2022,61.5309,Nippon Large Cap,118632
14-12-2022,62.2139,Nippon Large Cap,118632
13-12-2022,61.9566,Nippon Large Cap,118632
12-12-2022,61.7656,Nippon Large Cap,118632
09-12-2022,61.5993,Nippon Large Cap,118632
08-12-2022,61.965,Nippon Large Cap,118632
07-12-2022,61.6493,Nippon Large Cap,118632
06-12-2022,61.7369,Nippon Large Cap,118632
05-12-2022,61.9412,Nippon Large Cap,118632
02-12-2022,61.9567,Nippon Large Cap,118632
01-12-2022,62.1939,Nippon Large Cap,118632
30-11-2022,62.0074,Nippon Large Cap,118632
29-11-2022,61.5472,Nippon Large Cap,118632
28-11-2022,61.4737,Nippon Large Cap,118632
25-11-2022,61.3614,Nippon Large Cap,118632
24-11-2022,61.0913,Nippon Large Cap,118632
23-11-2022,60.3964,Nippon Large Cap,118632
22-11-2022,60.2946,Nippon Large Cap,118632
21-11-2022,60.0089,Nippon Large Cap,118632
18-11-2022,60.4063,Nippon Large Cap,118632
17-11-2022,60.6965,Nippon Large Cap,118632
16-11-2022,60.9049,Nippon Large Cap,118632
15-11-2022,60.9913,Nippon Large Cap,118632
14-11-2022,60.8177,Nippon Large Cap,118632
11-11-2022,61.031,Nippon Large Cap,118632
10-11-2022,60.1695,Nippon Large Cap,118632
09-11-2022,60.6581,Nippon Large Cap,118632
07-11-2022,60.7799,Nippon Large Cap,118632
04-11-2022,60.3565,Nippon Large Cap,118632
03-11-2022,60.3416,Nippon Large Cap,118632
02-11-2022,60.4681,Nippon Large Cap,118632
01-11-2022,60.4832,Nippon Large Cap,118632
31-10-2022,60.0929,Nippon Large Cap,118632
28-10-2022,59.3351,Nippon Large Cap,118632
27-10-2022,59.4758,Nippon Large Cap,118632
25-10-2022,59.1957,Nippon Large Cap,118632
21-10-2022,58.7779,Nippon Large Cap,118632
20-10-2022,58.9149,Nippon Large Cap,118632
19-10-2022,58.8804,Nippon Large Cap,118632
18-10-2022,58.7943,Nippon Large Cap,118632
17-10-2022,58.0779,Nippon Large Cap,118632
14-10-2022,57.6903,Nippon Large Cap,118632
13-10-2022,57.3017,Nippon Large Cap,118632
12-10-2022,57.76,Nippon Large Cap,118632
11-10-2022,57.2407,Nippon Large Cap,118632
10-10-2022,58.0159,Nippon Large Cap,118632
07-10-2022,58.3747,Nippon Large Cap,118632
06-10-2022,58.4078,Nippon Large Cap,118632
04-10-2022,58.0773,Nippon Large Cap,118632
03-10-2022,56.8006,Nippon Large Cap,118632
30-09-2022,57.2955,Nippon Large Cap,118632
29-09-2022,56.3687,Nippon Large Cap,118632
28-09-2022,56.3003,Nippon Large Cap,118632
27-09-2022,56.8673,Nippon Large Cap,118632
26-09-2022,56.7917,Nippon Large Cap,118632
23-09-2022,58.0424,Nippon Large Cap,118632
22-09-2022,59.0847,Nippon Large Cap,118632
21-09-2022,59.3053,Nippon Large Cap,118632
20-09-2022,59.4954,Nippon Large Cap,118632
19-09-2022,58.8468,Nippon Large Cap,118632
16-09-2022,58.5408,Nippon Large Cap,118632
15-09-2022,59.8214,Nippon Large Cap,118632
14-09-2022,59.9678,Nippon Large Cap,118632
13-09-2022,60.0168,Nippon Large Cap,118632
12-09-2022,59.5275,Nippon Large Cap,118632
09-09-2022,59.2261,Nippon Large Cap,118632
08-09-2022,59.143,Nippon Large Cap,118632
07-09-2022,58.716,Nippon Large Cap,118632
06-09-2022,58.7072,Nippon Large Cap,118632
05-09-2022,58.8258,Nippon Large Cap,118632
02-09-2022,58.3472,Nippon Large Cap,118632
01-09-2022,58.1166,Nippon Large Cap,118632
30-08-2022,58.3873,Nippon Large Cap,118632
29-08-2022,57.0299,Nippon Large Cap,118632
26-08-2022,57.835,Nippon Large Cap,118632
25-08-2022,57.6711,Nippon Large Cap,118632
24-08-2022,57.8701,Nippon Large Cap,118632
23-08-2022,57.6726,Nippon Large Cap,118632
22-08-2022,57.305,Nippon Large Cap,118632
19-08-2022,58.113,Nippon Large Cap,118632
18-08-2022,58.8693,Nippon Large Cap,118632
17-08-2022,58.8383,Nippon Large Cap,118632
16-08-2022,58.4553,Nippon Large Cap,118632
12-08-2022,57.8835,Nippon Large Cap,118632
11-08-2022,57.7547,Nippon Large Cap,118632
10-08-2022,57.141,Nippon Large Cap,118632
08-08-2022,57.1191,Nippon Large Cap,118632
05-08-2022,56.6969,Nippon Large Cap,118632
04-08-2022,56.6734,Nippon Large Cap,118632
03-08-2022,56.7417,Nippon Large Cap,118632
02-08-2022,56.7489,Nippon Large Cap,118632
01-08-2022,56.694,Nippon Large Cap,118632
29-07-2022,56.0689,Nippon Large Cap,118632
28-07-2022,55.5448,Nippon Large Cap,118632
27-07-2022,54.7223,Nippon Large Cap,118632
26-07-2022,54.1738,Nippon Large Cap,118632
25-07-2022,54.6553,Nippon Large Cap,118632
22-07-2022,54.701,Nippon Large Cap,118632
21-07-2022,54.4328,Nippon Large Cap,118632
20-07-2022,53.9525,Nippon Large Cap,118632
19-07-2022,53.3869,Nippon Large Cap,118632
18-07-2022,53.1627,Nippon Large Cap,118632
15-07-2022,52.456,Nippon Large Cap,118632
14-07-2022,52.1586,Nippon Large Cap,118632
13-07-2022,52.3834,Nippon Large Cap,118632
12-07-2022,52.5995,Nippon Large Cap,118632
11-07-2022,53.1047,Nippon Large Cap,118632
08-07-2022,53.0855,Nippon Large Cap,118632
07-07-2022,52.812,Nippon Large Cap,118632
06-07-2022,52.1807,Nippon Large Cap,118632
05-07-2022,51.558,Nippon Large Cap,118632
04-07-2022,51.5891,Nippon Large Cap,118632
01-07-2022,51.062,Nippon Large Cap,118632
30-06-2022,50.8161,Nippon Large Cap,118632
29-06-2022,50.9696,Nippon Large Cap,118632
28-06-2022,51.1004,Nippon Large Cap,118632
27-06-2022,50.894,Nippon Large Cap,118632
24-06-2022,50.3956,Nippon Large Cap,118632
23-06-2022,49.9249,Nippon Large Cap,118632
22-06-2022,49.3373,Nippon Large Cap,118632
21-06-2022,50.0441,Nippon Large Cap,118632
20-06-2022,48.831,Nippon Large Cap,118632
17-06-2022,48.8704,Nippon Large Cap,118632
16-06-2022,49.0656,Nippon Large Cap,118632
15-06-2022,50.1985,Nippon Large Cap,118632
14-06-2022,50.1911,Nippon Large Cap,118632
13-06-2022,50.2444,Nippon Large Cap,118632
10-06-2022,51.6231,Nippon Large Cap,118632
09-06-2022,52.3177,Nippon Large Cap,118632
08-06-2022,52.1342,Nippon Large Cap,118632
07-06-2022,52.1924,Nippon Large Cap,118632
06-06-2022,52.5736,Nippon Large Cap,118632
03-06-2022,52.7132,Nippon Large Cap,118632
02-06-2022,53.0168,Nippon Large Cap,118632
01-06-2022,52.8958,Nippon Large Cap,118632
31-05-2022,52.9128,Nippon Large Cap,118632
30-05-2022,52.9636,Nippon Large Cap,118632
27-05-2022,51.8461,Nippon Large Cap,118632
26-05-2022,51.1683,Nippon Large Cap,118632
25-05-2022,50.6071,Nippon Large Cap,118632
24-05-2022,51.0128,Nippon Large Cap,118632
23-05-2022,51.2103,Nippon Large Cap,118632
20-05-2022,51.3877,Nippon Large Cap,118632
19-05-2022,50.0608,Nippon Large Cap,118632
18-05-2022,51.348,Nippon Large Cap,118632
17-05-2022,51.6228,Nippon Large Cap,118632
16-05-2022,50.3452,Nippon Large Cap,118632
13-05-2022,50.0751,Nippon Large Cap,118632
12-05-2022,50.2057,Nippon Large Cap,118632
11-05-2022,51.1851,Nippon Large Cap,118632
10-05-2022,51.4411,Nippon Large Cap,118632
09-05-2022,51.7456,Nippon Large Cap,118632
06-05-2022,52.1522,Nippon Large Cap,118632
05-05-2022,52.8648,Nippon Large Cap,118632
04-05-2022,52.716,Nippon Large Cap,118632
02-05-2022,53.9804,Nippon Large Cap,118632
29-04-2022,54.0345,Nippon Large Cap,118632
28-04-2022,54.449,Nippon Large Cap,118632
27-04-2022,53.7566,Nippon Large Cap,118632
26-04-2022,54.1408,Nippon Large Cap,118632
25-04-2022,53.4328,Nippon Large Cap,118632
22-04-2022,54.2467,Nippon Large Cap,118632
21-04-2022,54.8144,Nippon Large Cap,118632
20-04-2022,54.1133,Nippon Large Cap,118632
19-04-2022,53.9044,Nippon Large Cap,118632
18-04-2022,54.7058,Nippon Large Cap,118632
13-04-2022,55.633,Nippon Large Cap,118632
12-04-2022,55.6751,Nippon Large Cap,118632
11-04-2022,56.2116,Nippon Large Cap,118632
08-04-2022,56.5618,Nippon Large Cap,118632
07-04-2022,56.1015,Nippon Large Cap,118632
06-04-2022,56.4694,Nippon Large Cap,118632
05-04-2022,56.5848,Nippon Large Cap,118632
04-04-2022,56.8326,Nippon Large Cap,118632
01-04-2022,55.7151,Nippon Large Cap,118632
31-03-2022,54.959,Nippon Large Cap,118632
30-03-2022,55.0212,Nippon Large Cap,118632
29-03-2022,54.5227,Nippon Large Cap,118632
28-03-2022,54.1012,Nippon Large Cap,118632
25-03-2022,53.8267,Nippon Large Cap,118632
24-03-2022,53.9304,Nippon Large Cap,118632
23-03-2022,53.9523,Nippon Large Cap,118632
22-03-2022,53.9773,Nippon Large Cap,118632
21-03-2022,53.3653,Nippon Large Cap,118632
17-03-2022,53.9074,Nippon Large Cap,118632
16-03-2022,53.1544,Nippon Large Cap,118632
15-03-2022,52.1763,Nippon Large Cap,118632
14-03-2022,52.6659,Nippon Large Cap,118632
11-03-2022,51.9161,Nippon Large Cap,118632
10-03-2022,51.7675,Nippon Large Cap,118632
09-03-2022,51.1626,Nippon Large Cap,118632
08-03-2022,50.1075,Nippon Large Cap,118632
07-03-2022,49.4198,Nippon Large Cap,118632
04-03-2022,50.5231,Nippon Large Cap,118632
03-03-2022,51.257,Nippon Large Cap,118632
02-03-2022,51.4979,Nippon Large Cap,118632
28-02-2022,52.1261,Nippon Large Cap,118632
25-02-2022,51.9245,Nippon Large Cap,118632
24-02-2022,50.5103,Nippon Large Cap,118632
23-02-2022,53.1129,Nippon Large Cap,118632
22-02-2022,53.1845,Nippon Large Cap,118632
21-02-2022,53.7433,Nippon Large Cap,118632
18-02-2022,53.9536,Nippon Large Cap,118632
17-02-2022,54.0568,Nippon Large Cap,118632
16-02-2022,54.128,Nippon Large Cap,118632
15-02-2022,54.2458,Nippon Large Cap,118632
14-02-2022,52.6686,Nippon Large Cap,118632
11-02-2022,54.5917,Nippon Large Cap,118632
10-02-2022,55.4149,Nippon Large Cap,118632
09-02-2022,55.0412,Nippon Large Cap,118632
08-02-2022,54.5086,Nippon Large Cap,118632
07-02-2022,54.5047,Nippon Large Cap,118632
04-02-2022,55.2995,Nippon Large Cap,118632
03-02-2022,55.544,Nippon Large Cap,118632
02-02-2022,56.0001,Nippon Large Cap,118632
01-02-2022,55.3735,Nippon Large Cap,118632
31-01-2022,54.7458,Nippon Large Cap,118632
28-01-2022,53.7749,Nippon Large Cap,118632
27-01-2022,53.7011,Nippon Large Cap,118632
25-01-2022,54.0577,Nippon Large Cap,118632
24-01-2022,53.1466,Nippon Large Cap,118632
21-01-2022,54.656,Nippon Large Cap,118632
20-01-2022,55.2412,Nippon Large Cap,118632
19-01-2022,55.6133,Nippon Large Cap,118632
18-01-2022,55.9155,Nippon Large Cap,118632
17-01-2022,56.5581,Nippon Large Cap,118632
14-01-2022,56.628,Nippon Large Cap,118632
13-01-2022,56.5521,Nippon Large Cap,118632
12-01-2022,56.42,Nippon Large Cap,118632
11-01-2022,55.7781,Nippon Large Cap,118632
10-01-2022,55.5418,Nippon Large Cap,118632
07-01-2022,54.8875,Nippon Large Cap,118632
06-01-2022,54.8331,Nippon Large Cap,118632
05-01-2022,55.148,Nippon Large Cap,118632
04-01-2022,54.9154,Nippon Large Cap,118632
03-01-2022,54.3991,Nippon Large Cap,118632
31-12-2021,53.6105,Nippon Large Cap,118632
30-12-2021,53.1015,Nippon Large Cap,118632
29-12-2021,53.1347,Nippon Large Cap,118632
28-12-2021,53.2426,Nippon Large Cap,118632
27-12-2021,52.7089,Nippon Large Cap,118632
24-12-2021,52.588,Nippon Large Cap,118632
23-12-2021,52.8344,Nippon Large Cap,118632
22-12-2021,52.5914,Nippon Large Cap,118632
21-12-2021,51.9621,Nippon Large Cap,118632
20-12-2021,51.4184,Nippon Large Cap,118632
17-12-2021,52.7535,Nippon Large Cap,118632
16-12-2021,53.6826,Nippon Large Cap,118632
15-12-2021,53.8186,Nippon Large Cap,118632
14-12-2021,54.1071,Nippon Large Cap,118632
13-12-2021,54.2816,Nippon Large Cap,118632
10-12-2021,54.5616,Nippon Large Cap,118632
09-12-2021,54.5585,Nippon Large Cap,118632
08-12-2021,54.3811,Nippon Large Cap,118632
07-12-2021,53.4281,Nippon Large Cap,118632
06-12-2021,52.5657,Nippon Large Cap,118632
03-12-2021,53.399,Nippon Large Cap,118632
02-12-2021,53.7638,Nippon Large Cap,118632
01-12-2021,53.2262,Nippon Large Cap,118632
30-11-2021,52.6169,Nippon Large Cap,118632
29-11-2021,52.7408,Nippon Large Cap,118632
26-11-2021,52.9581,Nippon Large Cap,118632
25-11-2021,54.8638,Nippon Large Cap,118632
24-11-2021,54.5854,Nippon Large Cap,118632
23-11-2021,54.7064,Nippon Large Cap,118632
22-11-2021,54.0495,Nippon Large Cap,118632
18-11-2021,55.1957,Nippon Large Cap,118632
17-11-2021,55.7898,Nippon Large Cap,118632
16-11-2021,56.0445,Nippon Large Cap,118632
15-11-2021,56.5221,Nippon Large Cap,118632
12-11-2021,56.6546,Nippon Large Cap,118632
11-11-2021,56.0398,Nippon Large Cap,118632
10-11-2021,56.4731,Nippon Large Cap,118632
09-11-2021,56.5542,Nippon Large Cap,118632
08-11-2021,56.3817,Nippon Large Cap,118632
03-11-2021,55.5728,Nippon Large Cap,118632
02-11-2021,55.7095,Nippon Large Cap,118632
01-11-2021,55.6464,Nippon Large Cap,118632
29-10-2021,54.5479,Nippon Large Cap,118632
28-10-2021,55.0676,Nippon Large Cap,118632
27-10-2021,56.1918,Nippon Large Cap,118632
26-10-2021,56.315,Nippon Large Cap,118632
25-10-2021,55.9012,Nippon Large Cap,118632
22-10-2021,55.9366,Nippon Large Cap,118632
21-10-2021,56.2027,Nippon Large Cap,118632
20-10-2021,56.3476,Nippon Large Cap,118632
19-10-2021,56.4937,Nippon Large Cap,118632
18-10-2021,57.047,Nippon Large Cap,118632
14-10-2021,56.8622,Nippon Large Cap,118632
13-10-2021,56.2755,Nippon Large Cap,118632
12-10-2021,55.7014,Nippon Large Cap,118632
11-10-2021,55.6508,Nippon Large Cap,118632
08-10-2021,55.3313,Nippon Large Cap,118632
07-10-2021,55.1058,Nippon Large Cap,118632
06-10-2021,54.5693,Nippon Large Cap,118632
05-10-2021,55.2462,Nippon Large Cap,118632
04-10-2021,54.7566,Nippon Large Cap,118632
01-10-2021,53.9989,Nippon Large Cap,118632
30-09-2021,54.23,Nippon Large Cap,118632
29-09-2021,54.349,Nippon Large Cap,118632
28-09-2021,54.1376,Nippon Large Cap,118632
27-09-2021,54.5839,Nippon Large Cap,118632
24-09-2021,54.4681,Nippon Large Cap,118632
23-09-2021,54.5914,Nippon Large Cap,118632
22-09-2021,53.8415,Nippon Large Cap,118632
21-09-2021,53.5857,Nippon Large Cap,118632
20-09-2021,53.1463,Nippon Large Cap,118632
17-09-2021,53.7179,Nippon Large Cap,118632
16-09-2021,54.0656,Nippon Large Cap,118632
15-09-2021,53.7101,Nippon Large Cap,118632
14-09-2021,53.0232,Nippon Large Cap,118632
13-09-2021,52.8952,Nippon Large Cap,118632
09-09-2021,52.9306,Nippon Large Cap,118632
08-09-2021,52.6958,Nippon Large Cap,118632
07-09-2021,52.6217,Nippon Large Cap,118632
06-09-2021,52.6746,Nippon Large Cap,118632
03-09-2021,52.6263,Nippon Large Cap,118632
02-09-2021,52.4957,Nippon Large Cap,118632
01-09-2021,52.0683,Nippon Large Cap,118632
31-08-2021,52.0816,Nippon Large Cap,118632
30-08-2021,51.4278,Nippon Large Cap,118632
27-08-2021,50.6595,Nippon Large Cap,118632
26-08-2021,50.3502,Nippon Large Cap,118632
25-08-2021,50.3978,Nippon Large Cap,118632
24-08-2021,50.2808,Nippon Large Cap,118632
23-08-2021,49.833,Nippon Large Cap,118632
20-08-2021,49.6961,Nippon Large Cap,118632
18-08-2021,50.3397,Nippon Large Cap,118632
17-08-2021,50.5074,Nippon Large Cap,118632
16-08-2021,50.5176,Nippon Large Cap,118632
13-08-2021,50.4598,Nippon Large Cap,118632
12-08-2021,49.9821,Nippon Large Cap,118632
11-08-2021,49.6093,Nippon Large Cap,118632
10-08-2021,49.4644,Nippon Large Cap,118632
09-08-2021,49.5266,Nippon Large Cap,118632
06-08-2021,49.6375,Nippon Large Cap,118632
05-08-2021,49.8586,Nippon Large Cap,118632
04-08-2021,49.7887,Nippon Large Cap,118632
03-08-2021,49.5836,Nippon Large Cap,118632
02-08-2021,48.8843,Nippon Large Cap,118632
30-07-2021,48.6392,Nippon Large Cap,118632
29-07-2021,48.6844,Nippon Large Cap,118632
28-07-2021,48.2816,Nippon Large Cap,118632
27-07-2021,48.2348,Nippon Large Cap,118632
26-07-2021,48.3377,Nippon Large Cap,118632
23-07-2021,48.2621,Nippon Large Cap,118632
22-07-2021,48.0885,Nippon Large Cap,118632
20-07-2021,47.511,Nippon Large Cap,118632
19-07-2021,48.1744,Nippon Large Cap,118632
16-07-2021,48.5607,Nippon Large Cap,118632
15-07-2021,48.5473,Nippon Large Cap,118632
14-07-2021,48.3071,Nippon Large Cap,118632
13-07-2021,48.1585,Nippon Large Cap,118632
12-07-2021,47.7575,Nippon Large Cap,118632
09-07-2021,47.7858,Nippon Large Cap,118632
08-07-2021,47.8442,Nippon Large Cap,118632
07-07-2021,48.2858,Nippon Large Cap,118632
06-07-2021,47.9985,Nippon Large Cap,118632
05-07-2021,48.087,Nippon Large Cap,118632
02-07-2021,47.6878,Nippon Large Cap,118632
01-07-2021,47.5235,Nippon Large Cap,118632
30-06-2021,47.6383,Nippon Large Cap,118632
29-06-2021,47.7099,Nippon Large Cap,118632
28-06-2021,47.8369,Nippon Large Cap,118632
25-06-2021,47.9971,Nippon Large Cap,118632
24-06-2021,47.5491,Nippon Large Cap,118632
23-06-2021,47.2607,Nippon Large Cap,118632
22-06-2021,47.559,Nippon Large Cap,118632
21-06-2021,47.4709,Nippon Large Cap,118632
18-06-2021,47.1973,Nippon Large Cap,118632
17-06-2021,47.3949,Nippon Large Cap,118632
16-06-2021,47.7256,Nippon Large Cap,118632
15-06-2021,47.9897,Nippon Large Cap,118632
14-06-2021,47.8037,Nippon Large Cap,118632
11-06-2021,47.7655,Nippon Large Cap,118632
10-06-2021,47.6711,Nippon Large Cap,118632
09-06-2021,47.2611,Nippon Large Cap,118632
08-06-2021,47.4981,Nippon Large Cap,118632
07-06-2021,47.5131,Nippon Large Cap,118632
04-06-2021,47.254,Nippon Large Cap,118632
03-06-2021,47.2687,Nippon Large Cap,118632
02-06-2021,47.0119,Nippon Large Cap,118632
01-06-2021,46.8615,Nippon Large Cap,118632
31-05-2021,46.904,Nippon Large Cap,118632
28-05-2021,46.3905,Nippon Large Cap,118632
27-05-2021,46.2878,Nippon Large Cap,118632
26-05-2021,46.1005,Nippon Large Cap,118632
25-05-2021,45.9345,Nippon Large Cap,118632
24-05-2021,45.8781,Nippon Large Cap,118632
21-05-2021,45.6285,Nippon Large Cap,118632
20-05-2021,44.7848,Nippon Large Cap,118632
19-05-2021,45.0959,Nippon Large Cap,118632
18-05-2021,45.1787,Nippon Large Cap,118632
17-05-2021,44.7797,Nippon Large Cap,118632
14-05-2021,44.0648,Nippon Large Cap,118632
12-05-2021,44.3089,Nippon Large Cap,118632
11-05-2021,44.6715,Nippon Large Cap,118632
10-05-2021,44.6395,Nippon Large Cap,118632
07-05-2021,44.2139,Nippon Large Cap,118632
06-05-2021,43.8458,Nippon Large Cap,118632
05-05-2021,43.5666,Nippon Large Cap,118632
04-05-2021,43.1654,Nippon Large Cap,118632
03-05-2021,43.5025,Nippon Large Cap,118632
30-04-2021,43.37,Nippon Large Cap,118632
29-04-2021,43.8801,Nippon Large Cap,118632
28-04-2021,43.9291,Nippon Large Cap,118632
27-04-2021,43.3506,Nippon Large Cap,118632
26-04-2021,42.7973,Nippon Large Cap,118632
23-04-2021,42.3659,Nippon Large Cap,118632
22-04-2021,42.4038,Nippon Large Cap,118632
20-04-2021,42.0253,Nippon Large Cap,118632
19-04-2021,42.0838,Nippon Large Cap,118632
16-04-2021,42.8801,Nippon Large Cap,118632
15-04-2021,42.7598,Nippon Large Cap,118632
13-04-2021,42.5952,Nippon Large Cap,118632
12-04-2021,41.9881,Nippon Large Cap,118632
09-04-2021,43.8531,Nippon Large Cap,118632
08-04-2021,44.0046,Nippon Large Cap,118632
07-04-2021,43.9786,Nippon Large Cap,118632
06-04-2021,43.5747,Nippon Large Cap,118632
05-04-2021,43.5112,Nippon Large Cap,118632
01-04-2021,44.237,Nippon Large Cap,118632
31-03-2021,43.5807,Nippon Large Cap,118632
30-03-2021,43.7782,Nippon Large Cap,118632
26-03-2021,42.9967,Nippon Large Cap,118632
25-03-2021,42.3903,Nippon Large Cap,118632
24-03-2021,43.0084,Nippon Large Cap,118632
23-03-2021,43.9431,Nippon Large Cap,118632
22-03-2021,43.7908,Nippon Large Cap,118632
19-03-2021,43.7629,Nippon Large Cap,118632
18-03-2021,43.282,Nippon Large Cap,118632
17-03-2021,43.876,Nippon Large Cap,118632
16-03-2021,44.6818,Nippon Large Cap,118632
15-03-2021,44.7914,Nippon Large Cap,118632
12-03-2021,44.9961,Nippon Large Cap,118632
10-03-2021,45.4237,Nippon Large Cap,118632
09-03-2021,45.1929,Nippon Large Cap,118632
08-03-2021,45.2591,Nippon Large Cap,118632
05-03-2021,44.8532,Nippon Large Cap,118632
04-03-2021,45.564,Nippon Large Cap,118632
03-03-2021,46.0063,Nippon Large Cap,118632
02-03-2021,45.1308,Nippon Large Cap,118632
01-03-2021,44.6362,Nippon Large Cap,118632
26-02-2021,44.1192,Nippon Large Cap,118632
25-02-2021,45.4713,Nippon Large Cap,118632
24-02-2021,44.9125,Nippon Large Cap,118632
23-02-2021,44.0671,Nippon Large Cap,118632
22-02-2021,43.7422,Nippon Large Cap,118632
19-02-2021,44.6158,Nippon Large Cap,118632
18-02-2021,45.2545,Nippon Large Cap,118632
17-02-2021,45.1552,Nippon Large Cap,118632
16-02-2021,45.0736,Nippon Large Cap,118632
15-02-2021,45.1394,Nippon Large Cap,118632
12-02-2021,44.6208,Nippon Large Cap,118632
11-02-2021,44.7129,Nippon Large Cap,118632
10-02-2021,44.5049,Nippon Large Cap,118632
09-02-2021,44.5908,Nippon Large Cap,118632
08-02-2021,44.6087,Nippon Large Cap,118632
05-02-2021,44.0117,Nippon Large Cap,118632
04-02-2021,43.7496,Nippon Large Cap,118632
03-02-2021,43.3242,Nippon Large Cap,118632
02-02-2021,42.8596,Nippon Large Cap,118632
01-02-2021,41.8157,Nippon Large Cap,118632
29-01-2021,39.9285,Nippon Large Cap,118632
28-01-2021,40.3096,Nippon Large Cap,118632
27-01-2021,40.5252,Nippon Large Cap,118632
25-01-2021,41.3069,Nippon Large Cap,118632
22-01-2021,41.7735,Nippon Large Cap,118632
21-01-2021,42.3683,Nippon Large Cap,118632
20-01-2021,42.6989,Nippon Large Cap,118632
19-01-2021,42.3529,Nippon Large Cap,118632
18-01-2021,41.7673,Nippon Large Cap,118632
15-01-2021,42.3289,Nippon Large Cap,118632
14-01-2021,42.7469,Nippon Large Cap,118632
13-01-2021,42.6892,Nippon Large Cap,118632
12-01-2021,42.3527,Nippon Large Cap,118632
11-01-2021,41.9657,Nippon Large Cap,118632
08-01-2021,41.6488,Nippon Large Cap,118632
07-01-2021,41.2561,Nippon Large Cap,118632
06-01-2021,41.0522,Nippon Large Cap,118632
05-01-2021,41.091,Nippon Large Cap,118632
04-01-2021,40.9828,Nippon Large Cap,118632
01-01-2021,40.4005,Nippon Large Cap,118632
31-12-2020,40.1811,Nippon Large Cap,118632
30-12-2020,40.141,Nippon Large Cap,118632
29-12-2020,40.0964,Nippon Large Cap,118632
28-12-2020,39.9554,Nippon Large Cap,118632
24-12-2020,39.6489,Nippon Large Cap,118632
23-12-2020,39.1941,Nippon Large Cap,118632
22-12-2020,38.529,Nippon Large Cap,118632
21-12-2020,38.0794,Nippon Large Cap,118632
18-12-2020,39.6981,Nippon Large Cap,118632
17-12-2020,39.6127,Nippon Large Cap,118632
16-12-2020,39.5649,Nippon Large Cap,118632
15-12-2020,39.2438,Nippon Large Cap,118632
14-12-2020,39.3381,Nippon Large Cap,118632
11-12-2020,39.0473,Nippon Large Cap,118632
10-12-2020,38.8646,Nippon Large Cap,118632
09-12-2020,39.0437,Nippon Large Cap,118632
08-12-2020,38.7901,Nippon Large Cap,118632
07-12-2020,38.7575,Nippon Large Cap,118632
04-12-2020,38.245,Nippon Large Cap,118632
03-12-2020,37.821,Nippon Large Cap,118632
02-12-2020,37.5432,Nippon Large Cap,118632
01-12-2020,37.3095,Nippon Large Cap,118632
27-11-2020,36.7874,Nippon Large Cap,118632
26-11-2020,36.8286,Nippon Large Cap,118632
25-11-2020,36.3933,Nippon Large Cap,118632
24-11-2020,36.9157,Nippon Large Cap,118632
23-11-2020,36.5889,Nippon Large Cap,118632
20-11-2020,36.5221,Nippon Large Cap,118632
19-11-2020,36.3504,Nippon Large Cap,118632
18-11-2020,36.8277,Nippon Large Cap,118632
17-11-2020,36.5781,Nippon Large Cap,118632
13-11-2020,35.9169,Nippon Large Cap,118632
12-11-2020,35.7895,Nippon Large Cap,118632
11-11-2020,35.9428,Nippon Large Cap,118632
10-11-2020,35.5366,Nippon Large Cap,118632
09-11-2020,34.9766,Nippon Large Cap,118632
06-11-2020,34.3419,Nippon Large Cap,118632
05-11-2020,34.062,Nippon Large Cap,118632
04-11-2020,33.3429,Nippon Large Cap,118632
03-11-2020,33.1525,Nippon Large Cap,118632
02-11-2020,32.7807,Nippon Large Cap,118632
30-10-2020,32.4778,Nippon Large Cap,118632
29-10-2020,32.5079,Nippon Large Cap,118632
28-10-2020,32.7227,Nippon Large Cap,118632
27-10-2020,33.1139,Nippon Large Cap,118632
26-10-2020,32.9727,Nippon Large Cap,118632
23-10-2020,33.5848,Nippon Large Cap,118632
22-10-2020,33.3529,Nippon Large Cap,118632
21-10-2020,33.2768,Nippon Large Cap,118632
20-10-2020,33.0023,Nippon Large Cap,118632
19-10-2020,32.9438,Nippon Large Cap,118632
16-10-2020,32.5203,Nippon Large Cap,118632
15-10-2020,32.1632,Nippon Large Cap,118632
14-10-2020,32.938,Nippon Large Cap,118632
13-10-2020,32.9097,Nippon Large Cap,118632
12-10-2020,32.9711,Nippon Large Cap,118632
09-10-2020,33.0317,Nippon Large Cap,118632
08-10-2020,32.7154,Nippon Large Cap,118632
07-10-2020,32.5833,Nippon Large Cap,118632
06-10-2020,32.6001,Nippon Large Cap,118632
05-10-2020,32.3962,Nippon Large Cap,118632
01-10-2020,32.1394,Nippon Large Cap,118632
30-09-2020,31.7045,Nippon Large Cap,118632
29-09-2020,31.8695,Nippon Large Cap,118632
28-09-2020,32.1213,Nippon Large Cap,118632
25-09-2020,31.5077,Nippon Large Cap,118632
24-09-2020,30.6627,Nippon Large Cap,118632
23-09-2020,31.6872,Nippon Large Cap,118632
22-09-2020,31.9912,Nippon Large Cap,118632
21-09-2020,32.2026,Nippon Large Cap,118632
18-09-2020,33.1958,Nippon Large Cap,118632
17-09-2020,33.2161,Nippon Large Cap,118632
16-09-2020,33.4909,Nippon Large Cap,118632
15-09-2020,33.4069,Nippon Large Cap,118632
14-09-2020,33.136,Nippon Large Cap,118632
11-09-2020,32.9639,Nippon Large Cap,118632
10-09-2020,32.9323,Nippon Large Cap,118632
09-09-2020,32.5343,Nippon Large Cap,118632
08-09-2020,32.8204,Nippon Large Cap,118632
07-09-2020,33.2136,Nippon Large Cap,118632
04-09-2020,33.208,Nippon Large Cap,118632
03-09-2020,33.9705,Nippon Large Cap,118632
02-09-2020,34.0984,Nippon Large Cap,118632
01-09-2020,33.8474,Nippon Large Cap,118632
31-08-2020,33.6171,Nippon Large Cap,118632
28-08-2020,34.6885,Nippon Large Cap,118632
27-08-2020,34.3118,Nippon Large Cap,118632
26-08-2020,34.2236,Nippon Large Cap,118632
25-08-2020,34.0593,Nippon Large Cap,118632
24-08-2020,33.9332,Nippon Large Cap,118632
21-08-2020,33.7538,Nippon Large Cap,118632
20-08-2020,33.4968,Nippon Large Cap,118632
19-08-2020,33.4298,Nippon Large Cap,118632
18-08-2020,33.2615,Nippon Large Cap,118632
17-08-2020,32.8813,Nippon Large Cap,118632
14-08-2020,32.7296,Nippon Large Cap,118632
13-08-2020,33.1484,Nippon Large Cap,118632
12-08-2020,32.8053,Nippon Large Cap,118632
11-08-2020,32.6573,Nippon Large Cap,118632
10-08-2020,32.4045,Nippon Large Cap,118632
07-08-2020,31.9881,Nippon Large Cap,118632
06-08-2020,31.8681,Nippon Large Cap,118632
05-08-2020,31.6211,Nippon Large Cap,118632
04-08-2020,31.5038,Nippon Large Cap,118632
03-08-2020,31.1644,Nippon Large Cap,118632
31-07-2020,31.3942,Nippon Large Cap,118632
30-07-2020,31.3484,Nippon Large Cap,118632
29-07-2020,31.7587,Nippon Large Cap,118632
28-07-2020,31.8804,Nippon Large Cap,118632
27-07-2020,31.6541,Nippon Large Cap,118632
24-07-2020,31.9681,Nippon Large Cap,118632
23-07-2020,32.2036,Nippon Large Cap,118632
22-07-2020,31.9028,Nippon Large Cap,118632
21-07-2020,31.9174,Nippon Large Cap,118632
20-07-2020,31.5268,Nippon Large Cap,118632
17-07-2020,31.2684,Nippon Large Cap,118632
16-07-2020,30.7245,Nippon Large Cap,118632
15-07-2020,30.3927,Nippon Large Cap,118632
14-07-2020,30.5009,Nippon Large Cap,118632
13-07-2020,31.0347,Nippon Large Cap,118632
10-07-2020,30.9371,Nippon Large Cap,118632
09-07-2020,31.1314,Nippon Large Cap,118632
08-07-2020,30.9103,Nippon Large Cap,118632
07-07-2020,31.0631,Nippon Large Cap,118632
06-07-2020,31.0298,Nippon Large Cap,118632
03-07-2020,30.6066,Nippon Large Cap,118632
02-07-2020,30.4217,Nippon Large Cap,118632
01-07-2020,30.1676,Nippon Large Cap,118632
30-06-2020,29.7608,Nippon Large Cap,118632
29-06-2020,29.8369,Nippon Large Cap,118632
26-06-2020,30.3769,Nippon Large Cap,118632
25-06-2020,30.1346,Nippon Large Cap,118632
24-06-2020,30.127,Nippon Large Cap,118632
23-06-2020,30.7012,Nippon Large Cap,118632
22-06-2020,30.2699,Nippon Large Cap,118632
19-06-2020,29.8342,Nippon Large Cap,118632
18-06-2020,29.3334,Nippon Large Cap,118632
17-06-2020,28.7239,Nippon Large Cap,118632
16-06-2020,28.7353,Nippon Large Cap,118632
15-06-2020,28.7242,Nippon Large Cap,118632
12-06-2020,29.2344,Nippon Large Cap,118632
11-06-2020,29.0615,Nippon Large Cap,118632
10-06-2020,29.7963,Nippon Large Cap,118632
09-06-2020,29.7598,Nippon Large Cap,118632
08-06-2020,30.1996,Nippon Large Cap,118632
05-06-2020,29.8914,Nippon Large Cap,118632
04-06-2020,29.0746,Nippon Large Cap,118632
03-06-2020,29.0246,Nippon Large Cap,118632
02-06-2020,28.8451,Nippon Large Cap,118632
01-06-2020,28.6179,Nippon Large Cap,118632
29-05-2020,27.8111,Nippon Large Cap,118632
28-05-2020,27.3793,Nippon Large Cap,118632
27-05-2020,26.8846,Nippon Large Cap,118632
26-05-2020,26.2028,Nippon Large Cap,118632
22-05-2020,26.2503,Nippon Large Cap,118632
21-05-2020,26.5825,Nippon Large Cap,118632
20-05-2020,26.2835,Nippon Large Cap,118632
19-05-2020,25.7962,Nippon Large Cap,118632
18-05-2020,25.6605,Nippon Large Cap,118632
15-05-2020,26.757,Nippon Large Cap,118632
14-05-2020,26.8248,Nippon Large Cap,118632
13-05-2020,27.3614,Nippon Large Cap,118632
12-05-2020,26.7675,Nippon Large Cap,118632
11-05-2020,26.7118,Nippon Large Cap,118632
08-05-2020,26.7445,Nippon Large Cap,118632
07-05-2020,26.8711,Nippon Large Cap,118632
06-05-2020,27.1651,Nippon Large Cap,118632
05-05-2020,27.154,Nippon Large Cap,118632
04-05-2020,27.499,Nippon Large Cap,118632
30-04-2020,29.0772,Nippon Large Cap,118632
29-04-2020,28.1232,Nippon Large Cap,118632
28-04-2020,27.5841,Nippon Large Cap,118632
27-04-2020,27.4545,Nippon Large Cap,118632
24-04-2020,27.2358,Nippon Large Cap,118632
23-04-2020,27.7376,Nippon Large Cap,118632
22-04-2020,27.6074,Nippon Large Cap,118632
21-04-2020,27.3648,Nippon Large Cap,118632
20-04-2020,28.2958,Nippon Large Cap,118632
17-04-2020,28.2597,Nippon Large Cap,118632
16-04-2020,27.5178,Nippon Large Cap,118632
15-04-2020,27.1964,Nippon Large Cap,118632
13-04-2020,27.1091,Nippon Large Cap,118632
09-04-2020,27.2096,Nippon Large Cap,118632
08-04-2020,26.2099,Nippon Large Cap,118632
07-04-2020,26.1117,Nippon Large Cap,118632
03-04-2020,24.394,Nippon Large Cap,118632
01-04-2020,24.836,Nippon Large Cap,118632
31-03-2020,25.7754,Nippon Large Cap,118632
30-03-2020,24.722,Nippon Large Cap,118632
27-03-2020,25.6579,Nippon Large Cap,118632
26-03-2020,25.7611,Nippon Large Cap,118632
25-03-2020,24.8444,Nippon Large Cap,118632
24-03-2020,23.8439,Nippon Large Cap,118632
23-03-2020,23.4673,Nippon Large Cap,118632
20-03-2020,26.9588,Nippon Large Cap,118632
19-03-2020,25.8841,Nippon Large Cap,118632
18-03-2020,26.7113,Nippon Large Cap,118632
17-03-2020,27.9135,Nippon Large Cap,118632
16-03-2020,28.5456,Nippon Large Cap,118632
13-03-2020,30.5589,Nippon Large Cap,118632
12-03-2020,29.1242,Nippon Large Cap,118632
11-03-2020,32.0067,Nippon Large Cap,118632
09-03-2020,32.3964,Nippon Large Cap,118632
06-03-2020,33.8975,Nippon Large Cap,118632
05-03-2020,34.7965,Nippon Large Cap,118632
04-03-2020,34.7438,Nippon Large Cap,118632
03-03-2020,35.0947,Nippon Large Cap,118632
02-03-2020,34.5233,Nippon Large Cap,118632
28-02-2020,34.9635,Nippon Large Cap,118632
27-02-2020,36.2362,Nippon Large Cap,118632
26-02-2020,36.4536,Nippon Large Cap,118632
25-02-2020,36.8522,Nippon Large Cap,118632
24-02-2020,37.031,Nippon Large Cap,118632
20-02-2020,37.8452,Nippon Large Cap,118632
19-02-2020,37.7032,Nippon Large Cap,118632
18-02-2020,37.3789,Nippon Large Cap,118632
17-02-2020,37.4953,Nippon Large Cap,118632
14-02-2020,37.8171,Nippon Large Cap,118632
13-02-2020,38.0694,Nippon Large Cap,118632
12-02-2020,38.1116,Nippon Large Cap,118632
11-02-2020,38.1614,Nippon Large Cap,118632
10-02-2020,37.8178,Nippon Large Cap,118632
07-02-2020,38.2086,Nippon Large Cap,118632
06-02-2020,38.2093,Nippon Large Cap,118632
05-02-2020,37.8623,Nippon Large Cap,118632
04-02-2020,37.2406,Nippon Large Cap,118632
03-02-2020,36.3634,Nippon Large Cap,118632
31-01-2020,37.6321,Nippon Large Cap,118632
30-01-2020,37.8884,Nippon Large Cap,118632
29-01-2020,38.1615,Nippon Large Cap,118632
28-01-2020,37.9095,Nippon Large Cap,118632
27-01-2020,38.1205,Nippon Large Cap,118632
24-01-2020,38.5493,Nippon Large Cap,118632
23-01-2020,38.3177,Nippon Large Cap,118632
22-01-2020,37.9228,Nippon Large Cap,118632
21-01-2020,38.0925,Nippon Large Cap,118632
20-01-2020,38.2913,Nippon Large Cap,118632
17-01-2020,38.5397,Nippon Large Cap,118632
16-01-2020,38.5237,Nippon Large Cap,118632
15-01-2020,38.5216,Nippon Large Cap,118632
14-01-2020,38.5546,Nippon Large Cap,118632
13-01-2020,38.427,Nippon Large Cap,118632
10-01-2020,38.2168,Nippon Large Cap,118632
09-01-2020,38.064,Nippon Large Cap,118632
08-01-2020,37.3886,Nippon Large Cap,118632
07-01-2020,37.5129,Nippon Large Cap,118632
06-01-2020,37.4068,Nippon Large Cap,118632
03-01-2020,38.2715,Nippon Large Cap,118632
02-01-2020,38.4483,Nippon Large Cap,118632
01-01-2020,37.9668,Nippon Large Cap,118632
31-12-2019,37.9594,Nippon Large Cap,118632
30-12-2019,38.1381,Nippon Large Cap,118632
27-12-2019,38.0682,Nippon Large Cap,118632
26-12-2019,37.5389,Nippon Large Cap,118632
24-12-2019,37.7657,Nippon Large Cap,118632
23-12-2019,37.8912,Nippon Large Cap,118632
20-12-2019,37.9728,Nippon Large Cap,118632
19-12-2019,37.848,Nippon Large Cap,118632
18-12-2019,37.7713,Nippon Large Cap,118632
17-12-2019,37.8179,Nippon Large Cap,118632
16-12-2019,37.3559,Nippon Large Cap,118632
13-12-2019,37.5064,Nippon Large Cap,118632
12-12-2019,36.954,Nippon Large Cap,118632
11-12-2019,36.5698,Nippon Large Cap,118632
10-12-2019,36.4552,Nippon Large Cap,118632
09-12-2019,36.7694,Nippon Large Cap,118632
06-12-2019,36.7408,Nippon Large Cap,118632
05-12-2019,37.2128,Nippon Large Cap,118632
04-12-2019,37.4698,Nippon Large Cap,118632
03-12-2019,37.2069,Nippon Large Cap,118632
02-12-2019,37.5274,Nippon Large Cap,118632
29-11-2019,37.6232,Nippon Large Cap,118632
28-11-2019,37.8833,Nippon Large Cap,118632
27-11-2019,37.7095,Nippon Large Cap,118632
26-11-2019,37.5389,Nippon Large Cap,118632
25-11-2019,37.7165,Nippon Large Cap,118632
22-11-2019,37.2019,Nippon Large Cap,118632
21-11-2019,37.3604,Nippon Large Cap,118632
20-11-2019,37.5524,Nippon Large Cap,118632
19-11-2019,37.4003,Nippon Large Cap,118632
18-11-2019,37.1266,Nippon Large Cap,118632
15-11-2019,36.9168,Nippon Large Cap,118632
14-11-2019,36.6681,Nippon Large Cap,118632
13-11-2019,36.6968,Nippon Large Cap,118632
11-11-2019,37.0639,Nippon Large Cap,118632
08-11-2019,36.8802,Nippon Large Cap,118632
07-11-2019,37.3476,Nippon Large Cap,118632
06-11-2019,37.396,Nippon Large Cap,118632
05-11-2019,37.2677,Nippon Large Cap,118632
04-11-2019,37.4373,Nippon Large Cap,118632
01-11-2019,37.3083,Nippon Large Cap,118632
31-10-2019,37.2339,Nippon Large Cap,118632
30-10-2019,36.9824,Nippon Large Cap,118632
29-10-2019,36.6798,Nippon Large Cap,118632
25-10-2019,35.8285,Nippon Large Cap,118632
24-10-2019,35.625,Nippon Large Cap,118632
23-10-2019,35.9625,Nippon Large Cap,118632
22-10-2019,35.8852,Nippon Large Cap,118632
18-10-2019,35.9705,Nippon Large Cap,118632
17-10-2019,35.6993,Nippon Large Cap,118632
16-10-2019,35.2173,Nippon Large Cap,118632
15-10-2019,35.1765,Nippon Large Cap,118632
14-10-2019,34.9781,Nippon Large Cap,118632
11-10-2019,34.8641,Nippon Large Cap,118632
10-10-2019,34.6615,Nippon Large Cap,118632
09-10-2019,35.0899,Nippon Large Cap,118632
07-10-2019,34.4231,Nippon Large Cap,118632
04-10-2019,34.7243,Nippon Large Cap,118632
03-10-2019,35.233,Nippon Large Cap,118632
01-10-2019,35.232,Nippon Large Cap,118632
30-09-2019,35.6992,Nippon Large Cap,118632
27-09-2019,35.8985,Nippon Large Cap,118632
26-09-2019,36.0798,Nippon Large Cap,118632
25-09-2019,35.541,Nippon Large Cap,118632
24-09-2019,36.3133,Nippon Large Cap,118632
23-09-2019,36.5689,Nippon Large Cap,118632
20-09-2019,35.105,Nippon Large Cap,118632
19-09-2019,33.0899,Nippon Large Cap,118632
18-09-2019,33.5375,Nippon Large Cap,118632
17-09-2019,33.3565,Nippon Large Cap,118632
16-09-2019,34.1575,Nippon Large Cap,118632
13-09-2019,34.4118,Nippon Large Cap,118632
12-09-2019,34.1039,Nippon Large Cap,118632
11-09-2019,34.1812,Nippon Large Cap,118632
09-09-2019,33.9053,Nippon Large Cap,118632
06-09-2019,33.6463,Nippon Large Cap,118632
05-09-2019,33.3774,Nippon Large Cap,118632
04-09-2019,33.192,Nippon Large Cap,118632
03-09-2019,32.9684,Nippon Large Cap,118632
30-08-2019,33.5968,Nippon Large Cap,118632
29-08-2019,33.3824,Nippon Large Cap,118632
28-08-2019,33.7103,Nippon Large Cap,118632
27-08-2019,33.9802,Nippon Large Cap,118632
26-08-2019,33.6593,Nippon Large Cap,118632
23-08-2019,33.0437,Nippon Large Cap,118632
22-08-2019,32.7704,Nippon Large Cap,118632
21-08-2019,33.3619,Nippon Large Cap,118632
20-08-2019,33.8628,Nippon Large Cap,118632
19-08-2019,34.0837,Nippon Large Cap,118632
16-08-2019,34.0542,Nippon Large Cap,118632
14-08-2019,33.9639,Nippon Large Cap,118632
13-08-2019,33.5822,Nippon Large Cap,118632
09-08-2019,34.3629,Nippon Large Cap,118632
08-08-2019,34.2803,Nippon Large Cap,118632
07-08-2019,33.8466,Nippon Large Cap,118632
06-08-2019,34.3933,Nippon Large Cap,118632
05-08-2019,34.0276,Nippon Large Cap,118632
02-08-2019,34.4649,Nippon Large Cap,118632
01-08-2019,34.6488,Nippon Large Cap,118632
31-07-2019,35.3053,Nippon Large Cap,118632
30-07-2019,34.9848,Nippon Large Cap,118632
29-07-2019,35.585,Nippon Large Cap,118632
26-07-2019,35.9704,Nippon Large Cap,118632
25-07-2019,35.8082,Nippon Large Cap,118632
24-07-2019,35.8253,Nippon Large Cap,118632
23-07-2019,36.2009,Nippon Large Cap,118632
22-07-2019,36.3464,Nippon Large Cap,118632
19-07-2019,36.3675,Nippon Large Cap,118632
18-07-2019,36.9506,Nippon Large Cap,118632
17-07-2019,37.5002,Nippon Large Cap,118632
16-07-2019,37.4458,Nippon Large Cap,118632
15-07-2019,37.076,Nippon Large Cap,118632
12-07-2019,37.2259,Nippon Large Cap,118632
11-07-2019,37.21,Nippon Large Cap,118632
10-07-2019,36.8628,Nippon Large Cap,118632
09-07-2019,37.2295,Nippon Large Cap,118632
08-07-2019,36.9659,Nippon Large Cap,118632
05-07-2019,37.8995,Nippon Large Cap,118632
04-07-2019,38.4089,Nippon Large Cap,118632
03-07-2019,38.2732,Nippon Large Cap,118632
02-07-2019,38.1492,Nippon Large Cap,118632
01-07-2019,38.1294,Nippon Large Cap,118632
28-06-2019,38.0432,Nippon Large Cap,118632
27-06-2019,38.0638,Nippon Large Cap,118632
26-06-2019,37.8804,Nippon Large Cap,118632
25-06-2019,37.597,Nippon Large Cap,118632
24-06-2019,37.2818,Nippon Large Cap,118632
21-06-2019,37.2956,Nippon Large Cap,118632
20-06-2019,37.5214,Nippon Large Cap,118632
19-06-2019,36.9091,Nippon Large Cap,118632
18-06-2019,37.0431,Nippon Large Cap,118632
17-06-2019,36.9296,Nippon Large Cap,118632
14-06-2019,37.518,Nippon Large Cap,118632
13-06-2019,37.8104,Nippon Large Cap,118632
12-06-2019,37.7824,Nippon Large Cap,118632
11-06-2019,37.9905,Nippon Large Cap,118632
10-06-2019,37.824,Nippon Large Cap,118632
07-06-2019,37.7513,Nippon Large Cap,118632
06-06-2019,37.7242,Nippon Large Cap,118632
04-06-2019,38.5849,Nippon Large Cap,118632
03-06-2019,38.7646,Nippon Large Cap,118632
31-05-2019,38.5553,Nippon Large Cap,118632
30-05-2019,38.6557,Nippon Large Cap,118632
29-05-2019,38.4652,Nippon Large Cap,118632
28-05-2019,38.9715,Nippon Large Cap,118632
27-05-2019,39.0866,Nippon Large Cap,118632
24-05-2019,38.4286,Nippon Large Cap,118632
23-05-2019,37.3326,Nippon Large Cap,118632
22-05-2019,37.4346,Nippon Large Cap,118632
21-05-2019,37.3059,Nippon Large Cap,118632
20-05-2019,37.8009,Nippon Large Cap,118632
17-05-2019,36.1511,Nippon Large Cap,118632
16-05-2019,35.8849,Nippon Large Cap,118632
15-05-2019,35.5507,Nippon Large Cap,118632
14-05-2019,35.8303,Nippon Large Cap,118632
13-05-2019,35.3901,Nippon Large Cap,118632
10-05-2019,36.1112,Nippon Large Cap,118632
09-05-2019,36.1098,Nippon Large Cap,118632
08-05-2019,36.2878,Nippon Large Cap,118632
07-05-2019,36.7143,Nippon Large Cap,118632
06-05-2019,37.1291,Nippon Large Cap,118632
03-05-2019,37.396,Nippon Large Cap,118632
02-05-2019,37.2702,Nippon Large Cap,118632
30-04-2019,37.5606,Nippon Large Cap,118632
26-04-2019,37.6251,Nippon Large Cap,118632
25-04-2019,37.2307,Nippon Large Cap,118632
24-04-2019,37.4677,Nippon Large Cap,118632
23-04-2019,37.1199,Nippon Large Cap,118632
22-04-2019,37.1965,Nippon Large Cap,118632
18-04-2019,37.723,Nippon Large Cap,118632
16-04-2019,37.9269,Nippon Large Cap,118632
15-04-2019,37.7808,Nippon Large Cap,118632
12-04-2019,37.6532,Nippon Large Cap,118632
11-04-2019,37.4361,Nippon Large Cap,118632
10-04-2019,37.378,Nippon Large Cap,118632
09-04-2019,37.5077,Nippon Large Cap,118632
08-04-2019,37.2241,Nippon Large Cap,118632
05-04-2019,37.5191,Nippon Large Cap,118632
04-04-2019,37.3202,Nippon Large Cap,118632
03-04-2019,37.434,Nippon Large Cap,118632
02-04-2019,37.8738,Nippon Large Cap,118632
01-04-2019,37.7396,Nippon Large Cap,118632
29-03-2019,37.4949,Nippon Large Cap,118632
28-03-2019,37.2335,Nippon Large Cap,118632
27-03-2019,36.7212,Nippon Large Cap,118632
26-03-2019,36.7706,Nippon Large Cap,118632
25-03-2019,36.3979,Nippon Large Cap,118632
22-03-2019,36.6517,Nippon Large Cap,118632
20-03-2019,36.8944,Nippon Large Cap,118632
19-03-2019,37.0419,Nippon Large Cap,118632
18-03-2019,36.842,Nippon Large Cap,118632
15-03-2019,36.7007,Nippon Large Cap,118632
14-03-2019,36.4598,Nippon Large Cap,118632
13-03-2019,36.4739,Nippon Large Cap,118632
12-03-2019,36.4004,Nippon Large Cap,118632
11-03-2019,36.0421,Nippon Large Cap,118632
08-03-2019,35.4924,Nippon Large Cap,118632
07-03-2019,35.5907,Nippon Large Cap,118632
06-03-2019,35.5201,Nippon Large Cap,118632
05-03-2019,35.4016,Nippon Large Cap,118632
01-03-2019,34.7149,Nippon Large Cap,118632
28-02-2019,34.3414,Nippon Large Cap,118632
27-02-2019,34.2767,Nippon Large Cap,118632
26-02-2019,34.2692,Nippon Large Cap,118632
25-02-2019,34.3686,Nippon Large Cap,118632
22-02-2019,34.2343,Nippon Large Cap,118632
21-02-2019,34.028,Nippon Large Cap,118632
20-02-2019,33.7654,Nippon Large Cap,118632
19-02-2019,33.3508,Nippon Large Cap,118632
18-02-2019,33.22,Nippon Large Cap,118632
15-02-2019,33.4974,Nippon Large Cap,118632
14-02-2019,33.7264,Nippon Large Cap,118632
13-02-2019,33.8343,Nippon Large Cap,118632
12-02-2019,34.0735,Nippon Large Cap,118632
11-02-2019,34.1241,Nippon Large Cap,118632
08-02-2019,34.4331,Nippon Large Cap,118632
07-02-2019,35.0078,Nippon Large Cap,118632
06-02-2019,34.8702,Nippon Large Cap,118632
05-02-2019,34.4663,Nippon Large Cap,118632
04-02-2019,34.5859,Nippon Large Cap,118632
01-02-2019,34.7678,Nippon Large Cap,118632
31-01-2019,34.8539,Nippon Large Cap,118632
30-01-2019,34.3406,Nippon Large Cap,118632
29-01-2019,34.0023,Nippon Large Cap,118632
28-01-2019,33.8254,Nippon Large Cap,118632
25-01-2019,34.3971,Nippon Large Cap,118632
24-01-2019,34.5476,Nippon Large Cap,118632
23-01-2019,34.6741,Nippon Large Cap,118632
22-01-2019,34.868,Nippon Large Cap,118632
21-01-2019,34.8657,Nippon Large Cap,118632
18-01-2019,34.9364,Nippon Large Cap,118632
17-01-2019,35.3235,Nippon Large Cap,118632
16-01-2019,35.374,Nippon Large Cap,118632
15-01-2019,35.3664,Nippon Large Cap,118632
14-01-2019,35.0726,Nippon Large Cap,118632
11-01-2019,35.2316,Nippon Large Cap,118632
10-01-2019,35.3285,Nippon Large Cap,118632
09-01-2019,35.2384,Nippon Large Cap,118632
08-01-2019,35.1267,Nippon Large Cap,118632
07-01-2019,34.8727,Nippon Large Cap,118632
04-01-2019,34.7714,Nippon Large Cap,118632
03-01-2019,34.5153,Nippon Large Cap,118632
02-01-2019,34.8637,Nippon Large Cap,118632
01-01-2019,35.3061,Nippon Large Cap,118632
31-12-2018,35.0999,Nippon Large Cap,118632
28-12-2018,35.0331,Nippon Large Cap,118632
27-12-2018,34.6762,Nippon Large Cap,118632
26-12-2018,34.6407,Nippon Large Cap,118632
24-12-2018,34.467,Nippon Large Cap,118632
21-12-2018,34.7041,Nippon Large Cap,118632
20-12-2018,35.1521,Nippon Large Cap,118632
19-12-2018,35.2629,Nippon Large Cap,118632
18-12-2018,34.9366,Nippon Large Cap,118632
17-12-2018,34.8087,Nippon Large Cap,118632
14-12-2018,34.6099,Nippon Large Cap,118632
13-12-2018,34.5441,Nippon Large Cap,118632
12-12-2018,34.4292,Nippon Large Cap,118632
11-12-2018,33.7144,Nippon Large Cap,118632
10-12-2018,33.3958,Nippon Large Cap,118632
07-12-2018,33.8079,Nippon Large Cap,118632
06-12-2018,33.7422,Nippon Large Cap,118632
05-12-2018,34.1841,Nippon Large Cap,118632
04-12-2018,34.7341,Nippon Large Cap,118632
03-12-2018,34.6368,Nippon Large Cap,118632
30-11-2018,34.6195,Nippon Large Cap,118632
29-11-2018,34.5976,Nippon Large Cap,118632
28-11-2018,34.2506,Nippon Large Cap,118632
27-11-2018,34.4933,Nippon Large Cap,118632
26-11-2018,34.3768,Nippon Large Cap,118632
22-11-2018,34.1882,Nippon Large Cap,118632
21-11-2018,34.4915,Nippon Large Cap,118632
20-11-2018,34.3544,Nippon Large Cap,118632
19-11-2018,34.7194,Nippon Large Cap,118632
16-11-2018,34.6407,Nippon Large Cap,118632
15-11-2018,34.4793,Nippon Large Cap,118632
14-11-2018,34.1979,Nippon Large Cap,118632
13-11-2018,34.1687,Nippon Large Cap,118632
12-11-2018,33.9351,Nippon Large Cap,118632
09-11-2018,34.3811,Nippon Large Cap,118632
06-11-2018,34.1348,Nippon Large Cap,118632
05-11-2018,34.3161,Nippon Large Cap,118632
02-11-2018,34.3998,Nippon Large Cap,118632
01-11-2018,33.9584,Nippon Large Cap,118632
31-10-2018,33.7681,Nippon Large Cap,118632
30-10-2018,33.1305,Nippon Large Cap,118632
29-10-2018,33.0937,Nippon Large Cap,118632
26-10-2018,31.9937,Nippon Large Cap,118632
25-10-2018,32.141,Nippon Large Cap,118632
24-10-2018,32.3693,Nippon Large Cap,118632
23-10-2018,32.0403,Nippon Large Cap,118632
22-10-2018,32.3955,Nippon Large Cap,118632
19-10-2018,32.5449,Nippon Large Cap,118632
17-10-2018,32.7194,Nippon Large Cap,118632
16-10-2018,33.2969,Nippon Large Cap,118632
15-10-2018,32.9868,Nippon Large Cap,118632
12-10-2018,32.8517,Nippon Large Cap,118632
11-10-2018,32.2514,Nippon Large Cap,118632
10-10-2018,33.0232,Nippon Large Cap,118632
09-10-2018,32.2168,Nippon Large Cap,118632
08-10-2018,32.371,Nippon Large Cap,118632
05-10-2018,32.5654,Nippon Large Cap,118632
04-10-2018,33.5729,Nippon Large Cap,118632
03-10-2018,34.1188,Nippon Large Cap,118632
01-10-2018,34.388,Nippon Large Cap,118632
28-09-2018,34.2138,Nippon Large Cap,118632
27-09-2018,34.5134,Nippon Large Cap,118632
26-09-2018,34.9064,Nippon Large Cap,118632
25-09-2018,34.9495,Nippon Large Cap,118632
24-09-2018,34.6484,Nippon Large Cap,118632
21-09-2018,35.3925,Nippon Large Cap,118632
19-09-2018,35.6203,Nippon Large Cap,118632
18-09-2018,35.6478,Nippon Large Cap,118632
17-09-2018,36.2336,Nippon Large Cap,118632
14-09-2018,36.6182,Nippon Large Cap,118632
12-09-2018,36.1758,Nippon Large Cap,118632
11-09-2018,35.9588,Nippon Large Cap,118632
10-09-2018,36.4594,Nippon Large Cap,118632
07-09-2018,36.8595,Nippon Large Cap,118632
06-09-2018,36.5036,Nippon Large Cap,118632
05-09-2018,36.2032,Nippon Large Cap,118632
04-09-2018,36.2352,Nippon Large Cap,118632
03-09-2018,36.7355,Nippon Large Cap,118632
31-08-2018,37.0172,Nippon Large Cap,118632
30-08-2018,36.845,Nippon Large Cap,118632
29-08-2018,36.6525,Nippon Large Cap,118632
28-08-2018,36.5015,Nippon Large Cap,118632
27-08-2018,36.5961,Nippon Large Cap,118632
24-08-2018,36.1827,Nippon Large Cap,118632
23-08-2018,36.3233,Nippon Large Cap,118632
21-08-2018,36.2978,Nippon Large Cap,118632
20-08-2018,36.178,Nippon Large Cap,118632
17-08-2018,35.724,Nippon Large Cap,118632
16-08-2018,35.3442,Nippon Large Cap,118632
14-08-2018,35.3932,Nippon Large Cap,118632
13-08-2018,35.0787,Nippon Large Cap,118632
10-08-2018,35.3667,Nippon Large Cap,118632
09-08-2018,35.6865,Nippon Large Cap,118632
08-08-2018,35.4928,Nippon Large Cap,118632
07-08-2018,35.3674,Nippon Large Cap,118632
06-08-2018,35.4678,Nippon Large Cap,118632
03-08-2018,35.3753,Nippon Large Cap,118632
02-08-2018,34.989,Nippon Large Cap,118632
01-08-2018,35.1089,Nippon Large Cap,118632
31-07-2018,35.068,Nippon Large Cap,118632
30-07-2018,35.0847,Nippon Large Cap,118632
27-07-2018,34.8745,Nippon Large Cap,118632
26-07-2018,34.4358,Nippon Large Cap,118632
25-07-2018,34.1491,Nippon Large Cap,118632
24-07-2018,34.0694,Nippon Large Cap,118632
23-07-2018,33.6369,Nippon Large Cap,118632
20-07-2018,33.2484,Nippon Large Cap,118632
19-07-2018,33.0304,Nippon Large Cap,118632
18-07-2018,33.1707,Nippon Large Cap,118632
17-07-2018,33.292,Nippon Large Cap,118632
16-07-2018,32.8552,Nippon Large Cap,118632
13-07-2018,33.5276,Nippon Large Cap,118632
12-07-2018,33.7237,Nippon Large Cap,118632
11-07-2018,33.6146,Nippon Large Cap,118632
10-07-2018,33.7515,Nippon Large Cap,118632
09-07-2018,33.4895,Nippon Large Cap,118632
06-07-2018,33.1586,Nippon Large Cap,118632
05-07-2018,33.1059,Nippon Large Cap,118632
04-07-2018,33.2067,Nippon Large Cap,118632
03-07-2018,33.0748,Nippon Large Cap,118632
02-07-2018,32.9111,Nippon Large Cap,118632
29-06-2018,33.0638,Nippon Large Cap,118632
28-06-2018,32.5668,Nippon Large Cap,118632
27-06-2018,32.9556,Nippon Large Cap,118632
26-06-2018,33.4689,Nippon Large Cap,118632
25-06-2018,33.4904,Nippon Large Cap,118632
22-06-2018,33.8415,Nippon Large Cap,118632
21-06-2018,33.5211,Nippon Large Cap,118632
20-06-2018,33.6973,Nippon Large Cap,118632
19-06-2018,33.6461,Nippon Large Cap,118632
18-06-2018,33.8859,Nippon Large Cap,118632
15-06-2018,33.9204,Nippon Large Cap,118632
14-06-2018,34.0272,Nippon Large Cap,118632
13-06-2018,34.1271,Nippon Large Cap,118632
12-06-2018,34.1387,Nippon Large Cap,118632
11-06-2018,33.8679,Nippon Large Cap,118632
08-06-2018,33.8405,Nippon Large Cap,118632
07-06-2018,33.7109,Nippon Large Cap,118632
06-06-2018,33.387,Nippon Large Cap,118632
05-06-2018,32.9146,Nippon Large Cap,118632
04-06-2018,33.0834,Nippon Large Cap,118632
01-06-2018,33.3544,Nippon Large Cap,118632
31-05-2018,33.6207,Nippon Large Cap,118632
30-05-2018,33.4538,Nippon Large Cap,118632
29-05-2018,33.4931,Nippon Large Cap,118632
28-05-2018,33.5888,Nippon Large Cap,118632
25-05-2018,33.1979,Nippon Large Cap,118632
24-05-2018,32.8756,Nippon Large Cap,118632
23-05-2018,32.7218,Nippon Large Cap,118632
22-05-2018,32.9824,Nippon Large Cap,118632
21-05-2018,32.7378,Nippon Large Cap,118632
18-05-2018,33.1041,Nippon Large Cap,118632
17-05-2018,33.483,Nippon Large Cap,118632
16-05-2018,33.5043,Nippon Large Cap,118632
15-05-2018,33.7484,Nippon Large Cap,118632
14-05-2018,33.9888,Nippon Large Cap,118632
11-05-2018,34.1106,Nippon Large Cap,118632
10-05-2018,33.9535,Nippon Large Cap,118632
09-05-2018,34.1515,Nippon Large Cap,118632
08-05-2018,34.1955,Nippon Large Cap,118632
07-05-2018,34.1863,Nippon Large Cap,118632
04-05-2018,33.8283,Nippon Large Cap,118632
03-05-2018,34.0608,Nippon Large Cap,118632
02-05-2018,34.2246,Nippon Large Cap,118632
30-04-2018,34.361,Nippon Large Cap,118632
27-04-2018,34.139,Nippon Large Cap,118632
26-04-2018,33.7207,Nippon Large Cap,118632
25-04-2018,33.7541,Nippon Large Cap,118632
24-04-2018,33.9256,Nippon Large Cap,118632
23-04-2018,33.8532,Nippon Large Cap,118632
20-04-2018,33.7163,Nippon Large Cap,118632
19-04-2018,33.7213,Nippon Large Cap,118632
18-04-2018,33.6279,Nippon Large Cap,118632
17-04-2018,33.6914,Nippon Large Cap,118632
16-04-2018,33.5668,Nippon Large Cap,118632
13-04-2018,33.4774,Nippon Large Cap,118632
12-04-2018,33.5214,Nippon Large Cap,118632
11-04-2018,33.4863,Nippon Large Cap,118632
10-04-2018,33.6416,Nippon Large Cap,118632
09-04-2018,33.4945,Nippon Large Cap,118632
06-04-2018,33.3987,Nippon Large Cap,118632
05-04-2018,33.295,Nippon Large Cap,118632
04-04-2018,32.7241,Nippon Large Cap,118632
03-04-2018,33.0696,Nippon Large Cap,118632
02-04-2018,32.7923,Nippon Large Cap,118632
28-03-2018,32.4779,Nippon Large Cap,118632
27-03-2018,32.6602,Nippon Large Cap,118632
26-03-2018,32.3705,Nippon Large Cap,118632
23-03-2018,31.9377,Nippon Large Cap,118632
22-03-2018,32.3204,Nippon Large Cap,118632
21-03-2018,32.623,Nippon Large Cap,118632
20-03-2018,32.5822,Nippon Large Cap,118632
19-03-2018,32.496,Nippon Large Cap,118632
16-03-2018,32.9216,Nippon Large Cap,118632
15-03-2018,33.4466,Nippon Large Cap,118632
14-03-2018,33.5449,Nippon Large Cap,118632
13-03-2018,33.5543,Nippon Large Cap,118632
12-03-2018,33.4068,Nippon Large Cap,118632
09-03-2018,32.9489,Nippon Large Cap,118632
08-03-2018,33.0565,Nippon Large Cap,118632
07-03-2018,32.8094,Nippon Large Cap,118632
06-03-2018,33.2481,Nippon Large Cap,118632
05-03-2018,33.5489,Nippon Large Cap,118632
01-03-2018,33.9327,Nippon Large Cap,118632
28-02-2018,34.0453,Nippon Large Cap,118632
27-02-2018,34.1761,Nippon Large Cap,118632
26-02-2018,34.2737,Nippon Large Cap,118632
23-02-2018,33.9973,Nippon Large Cap,118632
22-02-2018,33.5514,Nippon Large Cap,118632
21-02-2018,33.6898,Nippon Large Cap,118632
20-02-2018,33.6253,Nippon Large Cap,118632
19-02-2018,33.6931,Nippon Large Cap,118632
16-02-2018,34.0648,Nippon Large Cap,118632
15-02-2018,34.3508,Nippon Large Cap,118632
14-02-2018,34.3877,Nippon Large Cap,118632
12-02-2018,34.6196,Nippon Large Cap,118632
09-02-2018,34.4287,Nippon Large Cap,118632
08-02-2018,34.7053,Nippon Large Cap,118632
07-02-2018,34.131,Nippon Large Cap,118632
06-02-2018,34.1225,Nippon Large Cap,118632
05-02-2018,34.6657,Nippon Large Cap,118632
02-02-2018,34.7973,Nippon Large Cap,118632
01-02-2018,35.7358,Nippon Large Cap,118632
31-01-2018,35.6854,Nippon Large Cap,118632
30-01-2018,35.8854,Nippon Large Cap,118632
29-01-2018,36.0769,Nippon Large Cap,118632
25-01-2018,36.2022,Nippon Large Cap,118632
24-01-2018,36.4318,Nippon Large Cap,118632
23-01-2018,36.4055,Nippon Large Cap,118632
22-01-2018,35.9831,Nippon Large Cap,118632
19-01-2018,35.8535,Nippon Large Cap,118632
18-01-2018,35.5717,Nippon Large Cap,118632
17-01-2018,35.745,Nippon Large Cap,118632
16-01-2018,35.3059,Nippon Large Cap,118632
15-01-2018,35.4,Nippon Large Cap,118632
12-01-2018,35.3194,Nippon Large Cap,118632
11-01-2018,35.2637,Nippon Large Cap,118632
10-01-2018,35.1768,Nippon Large Cap,118632
09-01-2018,35.3117,Nippon Large Cap,118632
08-01-2018,35.419,Nippon Large Cap,118632
05-01-2018,35.2026,Nippon Large Cap,118632
04-01-2018,34.9609,Nippon Large Cap,118632
03-01-2018,34.6333,Nippon Large Cap,118632
02-01-2018,34.5302,Nippon Large Cap,118632
01-01-2018,34.6262,Nippon Large Cap,118632
29-12-2017,34.7983,Nippon Large Cap,118632
28-12-2017,34.6846,Nippon Large Cap,118632
27-12-2017,34.7596,Nippon Large Cap,118632
26-12-2017,34.851,Nippon Large Cap,118632
22-12-2017,34.7028,Nippon Large Cap,118632
21-12-2017,34.6126,Nippon Large Cap,118632
20-12-2017,34.5071,Nippon Large Cap,118632
19-12-2017,34.5252,Nippon Large Cap,118632
18-12-2017,34.284,Nippon Large Cap,118632
15-12-2017,34.0192,Nippon Large Cap,118632
14-12-2017,33.8275,Nippon Large Cap,118632
13-12-2017,33.6733,Nippon Large Cap,118632
12-12-2017,33.885,Nippon Large Cap,118632
11-12-2017,34.0329,Nippon Large Cap,118632
08-12-2017,33.871,Nippon Large Cap,118632
07-12-2017,33.6118,Nippon Large Cap,118632
06-12-2017,33.1637,Nippon Large Cap,118632
05-12-2017,33.4891,Nippon Large Cap,118632
04-12-2017,33.4572,Nippon Large Cap,118632
01-12-2017,33.4223,Nippon Large Cap,118632
30-11-2017,33.7852,Nippon Large Cap,118632
29-11-2017,34.1414,Nippon Large Cap,118632
28-11-2017,34.1058,Nippon Large Cap,118632
27-11-2017,34.1131,Nippon Large Cap,118632
24-11-2017,34.029,Nippon Large Cap,118632
23-11-2017,33.9246,Nippon Large Cap,118632
22-11-2017,33.886,Nippon Large Cap,118632
21-11-2017,33.7963,Nippon Large Cap,118632
20-11-2017,33.6442,Nippon Large Cap,118632
17-11-2017,33.7037,Nippon Large Cap,118632
16-11-2017,33.4248,Nippon Large Cap,118632
15-11-2017,33.1299,Nippon Large Cap,118632
14-11-2017,33.3065,Nippon Large Cap,118632
13-11-2017,33.4465,Nippon Large Cap,118632
10-11-2017,33.6443,Nippon Large Cap,118632
09-11-2017,33.4535,Nippon Large Cap,118632
08-11-2017,33.4258,Nippon Large Cap,118632
07-11-2017,33.6005,Nippon Large Cap,118632
06-11-2017,33.9914,Nippon Large Cap,118632
03-11-2017,33.9577,Nippon Large Cap,118632
02-11-2017,33.8467,Nippon Large Cap,118632
01-11-2017,33.6633,Nippon Large Cap,118632
31-10-2017,33.2403,Nippon Large Cap,118632
30-10-2017,33.2462,Nippon Large Cap,118632
27-10-2017,33.0506,Nippon Large Cap,118632
26-10-2017,33.0916,Nippon Large Cap,118632
25-10-2017,32.9617,Nippon Large Cap,118632
24-10-2017,32.2031,Nippon Large Cap,118632
23-10-2017,32.0093,Nippon Large Cap,118632
18-10-2017,32.0621,Nippon Large Cap,118632
17-10-2017,32.3031,Nippon Large Cap,118632
16-10-2017,32.2992,Nippon Large Cap,118632
13-10-2017,32.1021,Nippon Large Cap,118632
12-10-2017,32.0301,Nippon Large Cap,118632
11-10-2017,31.7567,Nippon Large Cap,118632
10-10-2017,31.9242,Nippon Large Cap,118632
09-10-2017,31.8386,Nippon Large Cap,118632
06-10-2017,31.8248,Nippon Large Cap,118632
05-10-2017,31.483,Nippon Large Cap,118632
04-10-2017,31.5247,Nippon Large Cap,118632
03-10-2017,31.4069,Nippon Large Cap,118632
29-09-2017,31.1989,Nippon Large Cap,118632
28-09-2017,31.055,Nippon Large Cap,118632
27-09-2017,30.9123,Nippon Large Cap,118632
26-09-2017,31.4674,Nippon Large Cap,118632
25-09-2017,31.3525,Nippon Large Cap,118632
22-09-2017,31.7583,Nippon Large Cap,118632
21-09-2017,32.3494,Nippon Large Cap,118632
20-09-2017,32.3893,Nippon Large Cap,118632
19-09-2017,32.3193,Nippon Large Cap,118632
18-09-2017,32.3021,Nippon Large Cap,118632
15-09-2017,32.1804,Nippon Large Cap,118632
14-09-2017,32.2205,Nippon Large Cap,118632
13-09-2017,31.9919,Nippon Large Cap,118632
12-09-2017,32.094,Nippon Large Cap,118632
11-09-2017,31.6347,Nippon Large Cap,118632
08-09-2017,31.4232,Nippon Large Cap,118632
07-09-2017,31.4877,Nippon Large Cap,118632
06-09-2017,31.3772,Nippon Large Cap,118632
05-09-2017,31.5585,Nippon Large Cap,118632
04-09-2017,31.4361,Nippon Large Cap,118632
01-09-2017,31.6691,Nippon Large Cap,118632
31-08-2017,31.4141,Nippon Large Cap,118632
30-08-2017,31.4015,Nippon Large Cap,118632
29-08-2017,31.1049,Nippon Large Cap,118632
28-08-2017,31.4622,Nippon Large Cap,118632
24-08-2017,31.2131,Nippon Large Cap,118632
23-08-2017,31.1119,Nippon Large Cap,118632
22-08-2017,30.7924,Nippon Large Cap,118632
21-08-2017,30.7548,Nippon Large Cap,118632
18-08-2017,31.117,Nippon Large Cap,118632
17-08-2017,31.4255,Nippon Large Cap,118632
16-08-2017,31.4207,Nippon Large Cap,118632
14-08-2017,31.0202,Nippon Large Cap,118632
11-08-2017,30.6617,Nippon Large Cap,118632
10-08-2017,30.9067,Nippon Large Cap,118632
09-08-2017,31.2446,Nippon Large Cap,118632
08-08-2017,31.6179,Nippon Large Cap,118632
07-08-2017,31.8846,Nippon Large Cap,118632
04-08-2017,31.7571,Nippon Large Cap,118632
03-08-2017,31.6737,Nippon Large Cap,118632
02-08-2017,32.0117,Nippon Large Cap,118632
01-08-2017,32.1063,Nippon Large Cap,118632
31-07-2017,32.0535,Nippon Large Cap,118632
28-07-2017,31.8224,Nippon Large Cap,118632
27-07-2017,31.8026,Nippon Large Cap,118632
26-07-2017,31.8441,Nippon Large Cap,118632
25-07-2017,31.7053,Nippon Large Cap,118632
24-07-2017,31.6634,Nippon Large Cap,118632
21-07-2017,31.6364,Nippon Large Cap,118632
20-07-2017,31.6109,Nippon Large Cap,118632
19-07-2017,31.6947,Nippon Large Cap,118632
18-07-2017,31.4552,Nippon Large Cap,118632
17-07-2017,31.6883,Nippon Large Cap,118632
14-07-2017,31.5794,Nippon Large Cap,118632
13-07-2017,31.4959,Nippon Large Cap,118632
12-07-2017,31.2596,Nippon Large Cap,118632
11-07-2017,31.1432,Nippon Large Cap,118632
10-07-2017,31.2073,Nippon Large Cap,118632
07-07-2017,30.9141,Nippon Large Cap,118632
06-07-2017,30.9183,Nippon Large Cap,118632
05-07-2017,30.7453,Nippon Large Cap,118632
04-07-2017,30.6469,Nippon Large Cap,118632
03-07-2017,30.7076,Nippon Large Cap,118632
30-06-2017,30.4672,Nippon Large Cap,118632
29-06-2017,30.2774,Nippon Large Cap,118632
28-06-2017,30.1719,Nippon Large Cap,118632
27-06-2017,30.1895,Nippon Large Cap,118632
23-06-2017,30.4523,Nippon Large Cap,118632
22-06-2017,30.6326,Nippon Large Cap,118632
21-06-2017,30.6339,Nippon Large Cap,118632
20-06-2017,30.6466,Nippon Large Cap,118632
19-06-2017,30.6373,Nippon Large Cap,118632
16-06-2017,30.488,Nippon Large Cap,118632
15-06-2017,30.4269,Nippon Large Cap,118632
14-06-2017,30.3841,Nippon Large Cap,118632
13-06-2017,30.4037,Nippon Large Cap,118632
12-06-2017,30.3447,Nippon Large Cap,118632
09-06-2017,30.5259,Nippon Large Cap,118632
08-06-2017,30.506,Nippon Large Cap,118632
07-06-2017,30.4099,Nippon Large Cap,118632
06-06-2017,30.229,Nippon Large Cap,118632
05-06-2017,30.3514,Nippon Large Cap,118632
02-06-2017,30.3031,Nippon Large Cap,118632
01-06-2017,30.1327,Nippon Large Cap,118632
31-05-2017,30.1017,Nippon Large Cap,118632
30-05-2017,29.9735,Nippon Large Cap,118632
29-05-2017,29.8361,Nippon Large Cap,118632
26-05-2017,29.9662,Nippon Large Cap,118632
25-05-2017,29.59,Nippon Large Cap,118632
24-05-2017,29.1671,Nippon Large Cap,118632
23-05-2017,29.4538,Nippon Large Cap,118632
22-05-2017,29.7612,Nippon Large Cap,118632
19-05-2017,29.8971,Nippon Large Cap,118632
18-05-2017,29.9507,Nippon Large Cap,118632
17-05-2017,30.3774,Nippon Large Cap,118632
16-05-2017,30.3329,Nippon Large Cap,118632
15-05-2017,30.1935,Nippon Large Cap,118632
12-05-2017,29.9322,Nippon Large Cap,118632
11-05-2017,30.031,Nippon Large Cap,118632
10-05-2017,29.9594,Nippon Large Cap,118632
09-05-2017,29.6765,Nippon Large Cap,118632
08-05-2017,29.5504,Nippon Large Cap,118632
05-05-2017,29.4109,Nippon Large Cap,118632
04-05-2017,29.6105,Nippon Large Cap,118632
03-05-2017,29.4667,Nippon Large Cap,118632
02-05-2017,29.46,Nippon Large Cap,118632
28-04-2017,29.4278,Nippon Large Cap,118632
27-04-2017,29.4387,Nippon Large Cap,118632
26-04-2017,29.5173,Nippon Large Cap,118632
25-04-2017,29.3921,Nippon Large Cap,118632
24-04-2017,29.1286,Nippon Large Cap,118632
21-04-2017,28.8038,Nippon Large Cap,118632
20-04-2017,28.863,Nippon Large Cap,118632
19-04-2017,28.7578,Nippon Large Cap,118632
18-04-2017,28.7691,Nippon Large Cap,118632
17-04-2017,28.9722,Nippon Large Cap,118632
13-04-2017,29.0791,Nippon Large Cap,118632
12-04-2017,29.2211,Nippon Large Cap,118632
11-04-2017,29.3229,Nippon Large Cap,118632
10-04-2017,29.0389,Nippon Large Cap,118632
07-04-2017,28.95,Nippon Large Cap,118632
06-04-2017,28.9812,Nippon Large Cap,118632
05-04-2017,29.0429,Nippon Large Cap,118632
03-04-2017,28.911,Nippon Large Cap,118632
31-03-2017,28.6533,Nippon Large Cap,118632
30-03-2017,28.5509,Nippon Large Cap,118632
29-03-2017,28.4492,Nippon Large Cap,118632
28-03-2017,28.3246,Nippon Large Cap,118632
27-03-2017,28.1739,Nippon Large Cap,118632
24-03-2017,28.2564,Nippon Large Cap,118632
23-03-2017,28.1365,Nippon Large Cap,118632
22-03-2017,27.8971,Nippon Large Cap,118632
21-03-2017,28.1844,Nippon Large Cap,118632
20-03-2017,28.2515,Nippon Large Cap,118632
17-03-2017,28.292,Nippon Large Cap,118632
16-03-2017,28.2994,Nippon Large Cap,118632
15-03-2017,28.0499,Nippon Large Cap,118632
14-03-2017,27.9109,Nippon Large Cap,118632
10-03-2017,27.4825,Nippon Large Cap,118632
09-03-2017,27.4788,Nippon Large Cap,118632
08-03-2017,27.5182,Nippon Large Cap,118632
07-03-2017,27.5637,Nippon Large Cap,118632
06-03-2017,27.673,Nippon Large Cap,118632
03-03-2017,27.4886,Nippon Large Cap,118632
02-03-2017,27.4685,Nippon Large Cap,118632
01-03-2017,27.7667,Nippon Large Cap,118632
28-02-2017,27.5949,Nippon Large Cap,118632
27-02-2017,27.5559,Nippon Large Cap,118632
23-02-2017,27.6276,Nippon Large Cap,118632
22-02-2017,27.6601,Nippon Large Cap,118632
21-02-2017,27.683,Nippon Large Cap,118632
20-02-2017,27.5539,Nippon Large Cap,118632
17-02-2017,27.4476,Nippon Large Cap,118632
16-02-2017,27.3213,Nippon Large Cap,118632
15-02-2017,26.9386,Nippon Large Cap,118632
14-02-2017,27.1432,Nippon Large Cap,118632
13-02-2017,27.141,Nippon Large Cap,118632
10-02-2017,27.1467,Nippon Large Cap,118632
09-02-2017,27.1861,Nippon Large Cap,118632
08-02-2017,27.077,Nippon Large Cap,118632
07-02-2017,27.0582,Nippon Large Cap,118632
06-02-2017,27.1466,Nippon Large Cap,118632
03-02-2017,26.8479,Nippon Large Cap,118632
02-02-2017,26.8202,Nippon Large Cap,118632
01-02-2017,26.6348,Nippon Large Cap,118632
31-01-2017,26.0445,Nippon Large Cap,118632
30-01-2017,26.3299,Nippon Large Cap,118632
27-01-2017,26.371,Nippon Large Cap,118632
25-01-2017,26.1145,Nippon Large Cap,118632
24-01-2017,25.8993,Nippon Large Cap,118632
23-01-2017,25.6994,Nippon Large Cap,118632
20-01-2017,25.5789,Nippon Large Cap,118632
19-01-2017,25.9411,Nippon Large Cap,118632
18-01-2017,25.7876,Nippon Large Cap,118632
17-01-2017,25.626,Nippon Large Cap,118632
16-01-2017,25.6849,Nippon Large Cap,118632
13-01-2017,25.6832,Nippon Large Cap,118632
12-01-2017,25.6686,Nippon Large Cap,118632
11-01-2017,25.5653,Nippon Large Cap,118632
10-01-2017,25.3305,Nippon Large Cap,118632
09-01-2017,25.0859,Nippon Large Cap,118632
06-01-2017,25.0766,Nippon Large Cap,118632
05-01-2017,25.1755,Nippon Large Cap,118632
04-01-2017,24.9821,Nippon Large Cap,118632
03-01-2017,25.0489,Nippon Large Cap,118632
02-01-2017,24.8896,Nippon Large Cap,118632
30-12-2016,24.8722,Nippon Large Cap,118632
29-12-2016,24.609,Nippon Large Cap,118632
28-12-2016,24.4405,Nippon Large Cap,118632
27-12-2016,24.3943,Nippon Large Cap,118632
26-12-2016,24.0174,Nippon Large Cap,118632
23-12-2016,24.3644,Nippon Large Cap,118632
22-12-2016,24.5111,Nippon Large Cap,118632
21-12-2016,24.7959,Nippon Large Cap,118632
20-12-2016,24.8474,Nippon Large Cap,118632
19-12-2016,25.0737,Nippon Large Cap,118632
16-12-2016,25.0934,Nippon Large Cap,118632
15-12-2016,25.138,Nippon Large Cap,118632
14-12-2016,25.1636,Nippon Large Cap,118632
13-12-2016,25.305,Nippon Large Cap,118632
12-12-2016,25.1439,Nippon Large Cap,118632
09-12-2016,25.397,Nippon Large Cap,118632
08-12-2016,25.2738,Nippon Large Cap,118632
07-12-2016,24.8628,Nippon Large Cap,118632
06-12-2016,24.9297,Nippon Large Cap,118632
05-12-2016,24.8573,Nippon Large Cap,118632
02-12-2016,24.711,Nippon Large Cap,118632
01-12-2016,25.0419,Nippon Large Cap,118632
30-11-2016,25.2121,Nippon Large Cap,118632
29-11-2016,24.9637,Nippon Large Cap,118632
28-11-2016,24.8044,Nippon Large Cap,118632
25-11-2016,24.846,Nippon Large Cap,118632
24-11-2016,24.4925,Nippon Large Cap,118632
23-11-2016,24.7436,Nippon Large Cap,118632
22-11-2016,24.6061,Nippon Large Cap,118632
21-11-2016,24.3842,Nippon Large Cap,118632
18-11-2016,25.007,Nippon Large Cap,118632
17-11-2016,25.0541,Nippon Large Cap,118632
16-11-2016,25.0917,Nippon Large Cap,118632
15-11-2016,25.1317,Nippon Large Cap,118632
11-11-2016,25.6714,Nippon Large Cap,118632
10-11-2016,26.4475,Nippon Large Cap,118632
09-11-2016,25.9815,Nippon Large Cap,118632
08-11-2016,26.1779,Nippon Large Cap,118632
07-11-2016,26.0267,Nippon Large Cap,118632
04-11-2016,25.7192,Nippon Large Cap,118632
03-11-2016,25.8165,Nippon Large Cap,118632
02-11-2016,25.9866,Nippon Large Cap,118632
01-11-2016,26.4556,Nippon Large Cap,118632
28-10-2016,26.5327,Nippon Large Cap,118632
27-10-2016,26.4065,Nippon Large Cap,118632
26-10-2016,26.5422,Nippon Large Cap,118632
25-10-2016,26.9049,Nippon Large Cap,118632
24-10-2016,26.9649,Nippon Large Cap,118632
21-10-2016,26.9751,Nippon Large Cap,118632
20-10-2016,26.9608,Nippon Large Cap,118632
19-10-2016,26.8289,Nippon Large Cap,118632
18-10-2016,26.8552,Nippon Large Cap,118632
17-10-2016,26.3385,Nippon Large Cap,118632
14-10-2016,26.4532,Nippon Large Cap,118632
13-10-2016,26.2504,Nippon Large Cap,118632
10-10-2016,26.6654,Nippon Large Cap,118632
07-10-2016,26.7255,Nippon Large Cap,118632
06-10-2016,26.7141,Nippon Large Cap,118632
05-10-2016,26.8287,Nippon Large Cap,118632
04-10-2016,26.8853,Nippon Large Cap,118632
03-10-2016,26.714,Nippon Large Cap,118632
30-09-2016,26.2954,Nippon Large Cap,118632
29-09-2016,25.9673,Nippon Large Cap,118632
28-09-2016,26.5987,Nippon Large Cap,118632
27-09-2016,26.4832,Nippon Large Cap,118632
26-09-2016,26.5369,Nippon Large Cap,118632
23-09-2016,26.8241,Nippon Large Cap,118632
22-09-2016,26.8705,Nippon Large Cap,118632
21-09-2016,26.5013,Nippon Large Cap,118632
20-09-2016,26.5521,Nippon Large Cap,118632
19-09-2016,26.5552,Nippon Large Cap,118632
16-09-2016,26.4984,Nippon Large Cap,118632
15-09-2016,26.3838,Nippon Large Cap,118632
14-09-2016,26.3941,Nippon Large Cap,118632
12-09-2016,26.2624,Nippon Large Cap,118632
09-09-2016,26.8397,Nippon Large Cap,118632
08-09-2016,27.1191,Nippon Large Cap,118632
07-09-2016,27.1298,Nippon Large Cap,118632
06-09-2016,26.9959,Nippon Large Cap,118632
02-09-2016,26.5166,Nippon Large Cap,118632
01-09-2016,26.4371,Nippon Large Cap,118632
31-08-2016,26.4558,Nippon Large Cap,118632
30-08-2016,26.3124,Nippon Large Cap,118632
29-08-2016,25.9582,Nippon Large Cap,118632
26-08-2016,25.8572,Nippon Large Cap,118632
25-08-2016,25.9146,Nippon Large Cap,118632
24-08-2016,25.9841,Nippon Large Cap,118632
23-08-2016,25.8432,Nippon Large Cap,118632
22-08-2016,25.8428,Nippon Large Cap,118632
19-08-2016,25.9854,Nippon Large Cap,118632
18-08-2016,25.8291,Nippon Large Cap,118632
17-08-2016,25.7367,Nippon Large Cap,118632
16-08-2016,25.6503,Nippon Large Cap,118632
12-08-2016,25.544,Nippon Large Cap,118632
11-08-2016,25.2549,Nippon Large Cap,118632
10-08-2016,25.2349,Nippon Large Cap,118632
09-08-2016,25.6157,Nippon Large Cap,118632
08-08-2016,25.7013,Nippon Large Cap,118632
05-08-2016,25.6611,Nippon Large Cap,118632
04-08-2016,25.1597,Nippon Large Cap,118632
03-08-2016,25.1746,Nippon Large Cap,118632
02-08-2016,25.4105,Nippon Large Cap,118632
01-08-2016,25.4483,Nippon Large Cap,118632
29-07-2016,25.5813,Nippon Large Cap,118632
28-07-2016,25.7223,Nippon Large Cap,118632
27-07-2016,25.5884,Nippon Large Cap,118632
26-07-2016,25.4165,Nippon Large Cap,118632
25-07-2016,25.5399,Nippon Large Cap,118632
22-07-2016,25.229,Nippon Large Cap,118632
21-07-2016,25.1093,Nippon Large Cap,118632
20-07-2016,25.3408,Nippon Large Cap,118632
19-07-2016,25.1137,Nippon Large Cap,118632
18-07-2016,25.0025,Nippon Large Cap,118632
15-07-2016,25.0888,Nippon Large Cap,118632
14-07-2016,25.1244,Nippon Large Cap,118632
13-07-2016,24.9425,Nippon Large Cap,118632
12-07-2016,24.9903,Nippon Large Cap,118632
11-07-2016,24.7714,Nippon Large Cap,118632
08-07-2016,24.4277,Nippon Large Cap,118632
07-07-2016,24.5086,Nippon Large Cap,118632
05-07-2016,24.6453,Nippon Large Cap,118632
04-07-2016,24.7625,Nippon Large Cap,118632
01-07-2016,24.5517,Nippon Large Cap,118632
30-06-2016,24.2262,Nippon Large Cap,118632
29-06-2016,23.9857,Nippon Large Cap,118632
28-06-2016,23.713,Nippon Large Cap,118632
27-06-2016,23.6954,Nippon Large Cap,118632
24-06-2016,23.5903,Nippon Large Cap,118632
23-06-2016,24.1395,Nippon Large Cap,118632
22-06-2016,23.9513,Nippon Large Cap,118632
21-06-2016,24.0185,Nippon Large Cap,118632
20-06-2016,24.0874,Nippon Large Cap,118632
17-06-2016,23.9414,Nippon Large Cap,118632
16-06-2016,23.8671,Nippon Large Cap,118632
15-06-2016,23.9778,Nippon Large Cap,118632
14-06-2016,23.6765,Nippon Large Cap,118632
13-06-2016,23.6063,Nippon Large Cap,118632
10-06-2016,23.7818,Nippon Large Cap,118632
09-06-2016,23.9139,Nippon Large Cap,118632
08-06-2016,24.0318,Nippon Large Cap,118632
07-06-2016,23.89,Nippon Large Cap,118632
06-06-2016,23.6339,Nippon Large Cap,118632
03-06-2016,23.5755,Nippon Large Cap,118632
02-06-2016,23.6277,Nippon Large Cap,118632
01-06-2016,23.4935,Nippon Large Cap,118632
31-05-2016,23.5294,Nippon Large Cap,118632
30-05-2016,23.4529,Nippon Large Cap,118632
27-05-2016,23.413,Nippon Large Cap,118632
26-05-2016,23.2084,Nippon Large Cap,118632
25-05-2016,22.766,Nippon Large Cap,118632
24-05-2016,22.2477,Nippon Large Cap,118632
23-05-2016,22.2697,Nippon Large Cap,118632
20-05-2016,22.3326,Nippon Large Cap,118632
19-05-2016,22.4418,Nippon Large Cap,118632
18-05-2016,22.7496,Nippon Large Cap,118632
17-05-2016,22.8349,Nippon Large Cap,118632
16-05-2016,22.6867,Nippon Large Cap,118632
13-05-2016,22.7227,Nippon Large Cap,118632
12-05-2016,22.8837,Nippon Large Cap,118632
11-05-2016,22.7257,Nippon Large Cap,118632
10-05-2016,22.8087,Nippon Large Cap,118632
09-05-2016,22.757,Nippon Large Cap,118632
06-05-2016,22.3996,Nippon Large Cap,118632
05-05-2016,22.3476,Nippon Large Cap,118632
04-05-2016,22.2164,Nippon Large Cap,118632
03-05-2016,22.4577,Nippon Large Cap,118632
02-05-2016,22.6677,Nippon Large Cap,118632
29-04-2016,22.7631,Nippon Large Cap,118632
28-04-2016,22.8054,Nippon Large Cap,118632
27-04-2016,23.2149,Nippon Large Cap,118632
26-04-2016,23.3473,Nippon Large Cap,118632
25-04-2016,23.1021,Nippon Large Cap,118632
22-04-2016,23.2899,Nippon Large Cap,118632
21-04-2016,23.2232,Nippon Large Cap,118632
20-04-2016,23.135,Nippon Large Cap,118632
18-04-2016,23.1322,Nippon Large Cap,118632
13-04-2016,22.9962,Nippon Large Cap,118632
12-04-2016,22.6159,Nippon Large Cap,118632
11-04-2016,22.4342,Nippon Large Cap,118632
08-04-2016,22.1561,Nippon Large Cap,118632
07-04-2016,22.0958,Nippon Large Cap,118632
06-04-2016,22.2747,Nippon Large Cap,118632
05-04-2016,22.2847,Nippon Large Cap,118632
04-04-2016,22.8388,Nippon Large Cap,118632
01-04-2016,22.7749,Nippon Large Cap,118632
31-03-2016,22.7305,Nippon Large Cap,118632
30-03-2016,22.7469,Nippon Large Cap,118632
29-03-2016,22.2831,Nippon Large Cap,118632
28-03-2016,22.261,Nippon Large Cap,118632
23-03-2016,22.5952,Nippon Large Cap,118632
22-03-2016,22.621,Nippon Large Cap,118632
21-03-2016,22.5146,Nippon Large Cap,118632
18-03-2016,22.1565,Nippon Large Cap,118632
17-03-2016,21.8864,Nippon Large Cap,118632
16-03-2016,21.7742,Nippon Large Cap,118632
15-03-2016,21.6629,Nippon Large Cap,118632
14-03-2016,21.7934,Nippon Large Cap,118632
11-03-2016,21.6799,Nippon Large Cap,118632
10-03-2016,21.6154,Nippon Large Cap,118632
09-03-2016,21.8384,Nippon Large Cap,118632
08-03-2016,21.7427,Nippon Large Cap,118632
04-03-2016,21.8207,Nippon Large Cap,118632
03-03-2016,21.8293,Nippon Large Cap,118632
02-03-2016,21.4877,Nippon Large Cap,118632
01-03-2016,20.9882,Nippon Large Cap,118632
29-02-2016,20.3216,Nippon Large Cap,118632
26-02-2016,20.3822,Nippon Large Cap,118632
25-02-2016,20.2073,Nippon Large Cap,118632
24-02-2016,20.4871,Nippon Large Cap,118632
23-02-2016,20.7066,Nippon Large Cap,118632
22-02-2016,21.0577,Nippon Large Cap,118632
19-02-2016,20.9572,Nippon Large Cap,118632
18-02-2016,20.8984,Nippon Large Cap,118632
17-02-2016,20.7377,Nippon Large Cap,118632
16-02-2016,20.6254,Nippon Large Cap,118632
15-02-2016,21.1626,Nippon Large Cap,118632
12-02-2016,20.335,Nippon Large Cap,118632
11-02-2016,20.5606,Nippon Large Cap,118632
10-02-2016,21.2345,Nippon Large Cap,118632
09-02-2016,21.511,Nippon Large Cap,118632
08-02-2016,21.931,Nippon Large Cap,118632
05-02-2016,22.1293,Nippon Large Cap,118632
04-02-2016,21.8202,Nippon Large Cap,118632
03-02-2016,21.6981,Nippon Large Cap,118632
02-02-2016,21.9913,Nippon Large Cap,118632
01-02-2016,22.3199,Nippon Large Cap,118632
29-01-2016,22.3623,Nippon Large Cap,118632
28-01-2016,22.1207,Nippon Large Cap,118632
27-01-2016,22.2157,Nippon Large Cap,118632
25-01-2016,22.1872,Nippon Large Cap,118632
22-01-2016,22.1803,Nippon Large Cap,118632
21-01-2016,21.6986,Nippon Large Cap,118632
20-01-2016,21.7905,Nippon Large Cap,118632
19-01-2016,22.1989,Nippon Large Cap,118632
18-01-2016,21.8577,Nippon Large Cap,118632
15-01-2016,22.2522,Nippon Large Cap,118632
14-01-2016,22.7351,Nippon Large Cap,118632
13-01-2016,22.9722,Nippon Large Cap,118632
12-01-2016,22.8466,Nippon Large Cap,118632
11-01-2016,23.017,Nippon Large Cap,118632
08-01-2016,23.1295,Nippon Large Cap,118632
07-01-2016,23.024,Nippon Large Cap,118632
06-01-2016,23.6076,Nippon Large Cap,118632
05-01-2016,23.6725,Nippon Large Cap,118632
04-01-2016,23.6582,Nippon Large Cap,118632
01-01-2016,24.1592,Nippon Large Cap,118632
31-12-2015,24.0469,Nippon Large Cap,118632
30-12-2015,23.9469,Nippon Large Cap,118632
29-12-2015,24.0464,Nippon Large Cap,118632
28-12-2015,24.0376,Nippon Large Cap,118632
24-12-2015,23.8664,Nippon Large Cap,118632
23-12-2015,23.8732,Nippon Large Cap,118632
22-12-2015,23.6914,Nippon Large Cap,118632
21-12-2015,23.7742,Nippon Large Cap,118632
18-12-2015,23.5299,Nippon Large Cap,118632
17-12-2015,23.7584,Nippon Large Cap,118632
16-12-2015,23.4669,Nippon Large Cap,118632
15-12-2015,23.3506,Nippon Large Cap,118632
14-12-2015,23.1611,Nippon Large Cap,118632
11-12-2015,23.1149,Nippon Large Cap,118632
10-12-2015,23.3611,Nippon Large Cap,118632
09-12-2015,23.1808,Nippon Large Cap,118632
08-12-2015,23.5217,Nippon Large Cap,118632
07-12-2015,23.6828,Nippon Large Cap,118632
04-12-2015,23.6939,Nippon Large Cap,118632
03-12-2015,23.8826,Nippon Large Cap,118632
02-12-2015,23.9763,Nippon Large Cap,118632
01-12-2015,24.1287,Nippon Large Cap,118632
30-11-2015,24.0853,Nippon Large Cap,118632
27-11-2015,24.0645,Nippon Large Cap,118632
26-11-2015,23.8873,Nippon Large Cap,118632
24-11-2015,23.7693,Nippon Large Cap,118632
23-11-2015,23.8062,Nippon Large Cap,118632
20-11-2015,23.7739,Nippon Large Cap,118632
19-11-2015,23.7152,Nippon Large Cap,118632
18-11-2015,23.3993,Nippon Large Cap,118632
17-11-2015,23.6869,Nippon Large Cap,118632
16-11-2015,23.6464,Nippon Large Cap,118632
13-11-2015,23.6023,Nippon Large Cap,118632
10-11-2015,23.6048,Nippon Large Cap,118632
09-11-2015,24.0569,Nippon Large Cap,118632
06-11-2015,23.9408,Nippon Large Cap,118632
05-11-2015,23.8487,Nippon Large Cap,118632
04-11-2015,24.1744,Nippon Large Cap,118632
03-11-2015,24.14,Nippon Large Cap,118632
02-11-2015,24.0093,Nippon Large Cap,118632
30-10-2015,23.9588,Nippon Large Cap,118632
29-10-2015,23.9492,Nippon Large Cap,118632
28-10-2015,24.1553,Nippon Large Cap,118632
27-10-2015,24.4353,Nippon Large Cap,118632
26-10-2015,24.3338,Nippon Large Cap,118632
23-10-2015,24.4185,Nippon Large Cap,118632
21-10-2015,24.3804,Nippon Large Cap,118632
20-10-2015,24.4647,Nippon Large Cap,118632
19-10-2015,24.3698,Nippon Large Cap,118632
16-10-2015,24.2571,Nippon Large Cap,118632
15-10-2015,24.0433,Nippon Large Cap,118632
14-10-2015,23.82,Nippon Large Cap,118632
13-10-2015,23.8587,Nippon Large Cap,118632
12-10-2015,23.9224,Nippon Large Cap,118632
09-10-2015,23.9808,Nippon Large Cap,118632
08-10-2015,23.8578,Nippon Large Cap,118632
07-10-2015,24.0002,Nippon Large Cap,118632
06-10-2015,23.9205,Nippon Large Cap,118632
05-10-2015,23.8972,Nippon Large Cap,118632
01-10-2015,23.4492,Nippon Large Cap,118632
30-09-2015,23.5371,Nippon Large Cap,118632
29-09-2015,23.3434,Nippon Large Cap,118632
28-09-2015,23.2893,Nippon Large Cap,118632
24-09-2015,23.5282,Nippon Large Cap,118632
23-09-2015,23.4782,Nippon Large Cap,118632
22-09-2015,23.3928,Nippon Large Cap,118632
21-09-2015,23.7417,Nippon Large Cap,118632
18-09-2015,23.7631,Nippon Large Cap,118632
16-09-2015,23.5121,Nippon Large Cap,118632
15-09-2015,23.3685,Nippon Large Cap,118632
14-09-2015,23.5968,Nippon Large Cap,118632
11-09-2015,23.3722,Nippon Large Cap,118632
10-09-2015,23.3613,Nippon Large Cap,118632
09-09-2015,23.4313,Nippon Large Cap,118632
08-09-2015,22.9928,Nippon Large Cap,118632
07-09-2015,22.6228,Nippon Large Cap,118632
04-09-2015,23.0544,Nippon Large Cap,118632
03-09-2015,23.5001,Nippon Large Cap,118632
02-09-2015,23.2252,Nippon Large Cap,118632
01-09-2015,23.4753,Nippon Large Cap,118632
31-08-2015,24.0781,Nippon Large Cap,118632
28-08-2015,24.1199,Nippon Large Cap,118632
27-08-2015,23.9878,Nippon Large Cap,118632
26-08-2015,23.6063,Nippon Large Cap,118632
25-08-2015,23.8135,Nippon Large Cap,118632
24-08-2015,23.407,Nippon Large Cap,118632
21-08-2015,25.0656,Nippon Large Cap,118632
20-08-2015,25.25,Nippon Large Cap,118632
19-08-2015,25.7371,Nippon Large Cap,118632
18-08-2015,25.5622,Nippon Large Cap,118632
17-08-2015,25.4857,Nippon Large Cap,118632
14-08-2015,25.5171,Nippon Large Cap,118632
13-08-2015,25.0586,Nippon Large Cap,118632
12-08-2015,24.9941,Nippon Large Cap,118632
11-08-2015,25.3892,Nippon Large Cap,118632
10-08-2015,25.5996,Nippon Large Cap,118632
07-08-2015,25.6753,Nippon Large Cap,118632
06-08-2015,25.7285,Nippon Large Cap,118632
05-08-2015,25.5498,Nippon Large Cap,118632
04-08-2015,25.3628,Nippon Large Cap,118632
03-08-2015,25.3743,Nippon Large Cap,118632
31-07-2015,25.3581,Nippon Large Cap,118632
30-07-2015,25.1135,Nippon Large Cap,118632
29-07-2015,25.0338,Nippon Large Cap,118632
28-07-2015,24.8213,Nippon Large Cap,118632
27-07-2015,24.8146,Nippon Large Cap,118632
24-07-2015,25.3293,Nippon Large Cap,118632
23-07-2015,25.6279,Nippon Large Cap,118632
22-07-2015,25.5973,Nippon Large Cap,118632
21-07-2015,25.2492,Nippon Large Cap,118632
20-07-2015,25.486,Nippon Large Cap,118632
17-07-2015,25.5135,Nippon Large Cap,118632
16-07-2015,25.4921,Nippon Large Cap,118632
15-07-2015,25.215,Nippon Large Cap,118632
14-07-2015,25.0818,Nippon Large Cap,118632
13-07-2015,25.1261,Nippon Large Cap,118632
10-07-2015,24.8298,Nippon Large Cap,118632
09-07-2015,24.6404,Nippon Large Cap,118632
08-07-2015,24.7241,Nippon Large Cap,118632
07-07-2015,24.98,Nippon Large Cap,118632
06-07-2015,24.989,Nippon Large Cap,118632
03-07-2015,24.8297,Nippon Large Cap,118632
02-07-2015,24.7617,Nippon Large Cap,118632
01-07-2015,24.6845,Nippon Large Cap,118632
30-06-2015,24.3172,Nippon Large Cap,118632
29-06-2015,24.1628,Nippon Large Cap,118632
26-06-2015,24.4435,Nippon Large Cap,118632
25-06-2015,24.4484,Nippon Large Cap,118632
24-06-2015,24.3374,Nippon Large Cap,118632
23-06-2015,24.4327,Nippon Large Cap,118632
22-06-2015,24.314,Nippon Large Cap,118632
19-06-2015,23.9869,Nippon Large Cap,118632
18-06-2015,23.9182,Nippon Large Cap,118632
17-06-2015,23.6298,Nippon Large Cap,118632
16-06-2015,23.422,Nippon Large Cap,118632
15-06-2015,23.3314,Nippon Large Cap,118632
12-06-2015,23.2541,Nippon Large Cap,118632
11-06-2015,23.2339,Nippon Large Cap,118632
10-06-2015,23.7336,Nippon Large Cap,118632
09-06-2015,23.4042,Nippon Large Cap,118632
08-06-2015,23.48,Nippon Large Cap,118632
05-06-2015,23.7208,Nippon Large Cap,118632
04-06-2015,23.8115,Nippon Large Cap,118632
03-06-2015,23.7295,Nippon Large Cap,118632
02-06-2015,24.0843,Nippon Large Cap,118632
01-06-2015,24.5501,Nippon Large Cap,118632
29-05-2015,24.5983,Nippon Large Cap,118632
28-05-2015,24.3028,Nippon Large Cap,118632
27-05-2015,24.3084,Nippon Large Cap,118632
26-05-2015,24.2644,Nippon Large Cap,118632
25-05-2015,24.3027,Nippon Large Cap,118632
22-05-2015,24.4413,Nippon Large Cap,118632
21-05-2015,24.4188,Nippon Large Cap,118632
20-05-2015,24.3303,Nippon Large Cap,118632
19-05-2015,24.2613,Nippon Large Cap,118632
18-05-2015,24.2303,Nippon Large Cap,118632
15-05-2015,23.9606,Nippon Large Cap,118632
14-05-2015,23.8744,Nippon Large Cap,118632
13-05-2015,23.7317,Nippon Large Cap,118632
12-05-2015,23.3741,Nippon Large Cap,118632
11-05-2015,23.9045,Nippon Large Cap,118632
08-05-2015,23.5699,Nippon Large Cap,118632
07-05-2015,23.2601,Nippon Large Cap,118632
06-05-2015,23.4804,Nippon Large Cap,118632
05-05-2015,24.2251,Nippon Large Cap,118632
04-05-2015,24.2991,Nippon Large Cap,118632
30-04-2015,23.8871,Nippon Large Cap,118632
29-04-2015,23.9581,Nippon Large Cap,118632
28-04-2015,23.9604,Nippon Large Cap,118632
27-04-2015,23.6176,Nippon Large Cap,118632
24-04-2015,23.807,Nippon Large Cap,118632
23-04-2015,24.1274,Nippon Large Cap,118632
22-04-2015,24.2623,Nippon Large Cap,118632
21-04-2015,24.2302,Nippon Large Cap,118632
20-04-2015,24.3175,Nippon Large Cap,118632
17-04-2015,24.7472,Nippon Large Cap,118632
16-04-2015,25.0457,Nippon Large Cap,118632
15-04-2015,25.2197,Nippon Large Cap,118632
13-04-2015,25.4607,Nippon Large Cap,118632
10-04-2015,25.4342,Nippon Large Cap,118632
09-04-2015,25.4355,Nippon Large Cap,118632
08-04-2015,25.3594,Nippon Large Cap,118632
07-04-2015,25.0988,Nippon Large Cap,118632
06-04-2015,25.1357,Nippon Large Cap,118632
01-04-2015,24.9774,Nippon Large Cap,118632
31-03-2015,24.8173,Nippon Large Cap,118632
30-03-2015,24.7205,Nippon Large Cap,118632
27-03-2015,24.2816,Nippon Large Cap,118632
26-03-2015,24.1744,Nippon Large Cap,118632
25-03-2015,24.601,Nippon Large Cap,118632
24-03-2015,24.5289,Nippon Large Cap,118632
23-03-2015,24.6014,Nippon Large Cap,118632
20-03-2015,24.8457,Nippon Large Cap,118632
19-03-2015,25.0654,Nippon Large Cap,118632
18-03-2015,25.1868,Nippon Large Cap,118632
17-03-2015,25.2614,Nippon Large Cap,118632
16-03-2015,24.9966,Nippon Large Cap,118632
13-03-2015,24.9985,Nippon Large Cap,118632
12-03-2015,25.4292,Nippon Large Cap,118632
11-03-2015,25.1691,Nippon Large Cap,118632
10-03-2015,25.2727,Nippon Large Cap,118632
09-03-2015,25.3653,Nippon Large Cap,118632
05-03-2015,25.7857,Nippon Large Cap,118632
04-03-2015,25.7662,Nippon Large Cap,118632
03-03-2015,25.8821,Nippon Large Cap,118632
02-03-2015,25.8113,Nippon Large Cap,118632
27-02-2015,25.1922,Nippon Large Cap,118632
26-02-2015,24.7007,Nippon Large Cap,118632
25-02-2015,25.0647,Nippon Large Cap,118632
24-02-2015,25.0551,Nippon Large Cap,118632
23-02-2015,25.1001,Nippon Large Cap,118632
20-02-2015,25.3486,Nippon Large Cap,118632
19-02-2015,25.4505,Nippon Large Cap,118632
18-02-2015,25.3552,Nippon Large Cap,118632
16-02-2015,25.142,Nippon Large Cap,118632
13-02-2015,25.2094,Nippon Large Cap,118632
12-02-2015,24.9342,Nippon Large Cap,118632
11-02-2015,24.5886,Nippon Large Cap,118632
10-02-2015,24.3834,Nippon Large Cap,118632
09-02-2015,24.2059,Nippon Large Cap,118632
06-02-2015,24.5556,Nippon Large Cap,118632
05-02-2015,24.8215,Nippon Large Cap,118632
04-02-2015,24.9246,Nippon Large Cap,118632
03-02-2015,25.0832,Nippon Large Cap,118632
02-02-2015,25.1129,Nippon Large Cap,118632
30-01-2015,25.0624,Nippon Large Cap,118632
29-01-2015,25.385,Nippon Large Cap,118632
28-01-2015,25.421,Nippon Large Cap,118632
27-01-2015,25.3339,Nippon Large Cap,118632
23-01-2015,25.0677,Nippon Large Cap,118632
22-01-2015,24.8819,Nippon Large Cap,118632
21-01-2015,24.7599,Nippon Large Cap,118632
20-01-2015,24.6911,Nippon Large Cap,118632
19-01-2015,24.5131,Nippon Large Cap,118632
16-01-2015,24.317,Nippon Large Cap,118632
15-01-2015,24.2222,Nippon Large Cap,118632
14-01-2015,23.7675,Nippon Large Cap,118632
13-01-2015,23.8283,Nippon Large Cap,118632
12-01-2015,23.8558,Nippon Large Cap,118632
09-01-2015,23.6919,Nippon Large Cap,118632
08-01-2015,23.5557,Nippon Large Cap,118632
07-01-2015,23.1888,Nippon Large Cap,118632
06-01-2015,23.2978,Nippon Large Cap,118632
05-01-2015,23.9306,Nippon Large Cap,118632
02-01-2015,23.8685,Nippon Large Cap,118632
01-01-2015,23.6528,Nippon Large Cap,118632
31-12-2014,23.6095,Nippon Large Cap,118632
30-12-2014,23.5498,Nippon Large Cap,118632
29-12-2014,23.4536,Nippon Large Cap,118632
26-12-2014,23.2489,Nippon Large Cap,118632
24-12-2014,23.1541,Nippon Large Cap,118632
23-12-2014,23.2479,Nippon Large Cap,118632
22-12-2014,23.3659,Nippon Large Cap,118632
19-12-2014,23.1536,Nippon Large Cap,118632
18-12-2014,23.0164,Nippon Large Cap,118632
17-12-2014,22.5613,Nippon Large Cap,118632
16-12-2014,22.6709,Nippon Large Cap,118632
15-12-2014,23.1125,Nippon Large Cap,118632
12-12-2014,23.2532,Nippon Large Cap,118632
11-12-2014,23.4096,Nippon Large Cap,118632
10-12-2014,23.5379,Nippon Large Cap,118632
09-12-2014,23.4637,Nippon Large Cap,118632
08-12-2014,23.7779,Nippon Large Cap,118632
05-12-2014,24.1536,Nippon Large Cap,118632
04-12-2014,24.3271,Nippon Large Cap,118632
03-12-2014,24.2533,Nippon Large Cap,118632
02-12-2014,23.9993,Nippon Large Cap,118632
01-12-2014,24.0141,Nippon Large Cap,118632
28-11-2014,23.9915,Nippon Large Cap,118632
27-11-2014,23.601,Nippon Large Cap,118632
26-11-2014,23.5148,Nippon Large Cap,118632
25-11-2014,23.5233,Nippon Large Cap,118632
24-11-2014,23.6832,Nippon Large Cap,118632
21-11-2014,23.5458,Nippon Large Cap,118632
20-11-2014,23.3456,Nippon Large Cap,118632
19-11-2014,23.3673,Nippon Large Cap,118632
18-11-2014,23.4951,Nippon Large Cap,118632
17-11-2014,23.3364,Nippon Large Cap,118632
14-11-2014,23.1963,Nippon Large Cap,118632
13-11-2014,23.0467,Nippon Large Cap,118632
12-11-2014,23.1128,Nippon Large Cap,118632
11-11-2014,23.0631,Nippon Large Cap,118632
10-11-2014,22.8659,Nippon Large Cap,118632
07-11-2014,22.8806,Nippon Large Cap,118632
05-11-2014,22.794,Nippon Large Cap,118632
03-11-2014,22.7017,Nippon Large Cap,118632
31-10-2014,22.7578,Nippon Large Cap,118632
30-10-2014,22.347,Nippon Large Cap,118632
29-10-2014,22.1388,Nippon Large Cap,118632
28-10-2014,21.996,Nippon Large Cap,118632
27-10-2014,21.8616,Nippon Large Cap,118632
22-10-2014,21.8551,Nippon Large Cap,118632
21-10-2014,21.5918,Nippon Large Cap,118632
20-10-2014,21.353,Nippon Large Cap,118632
17-10-2014,21.0171,Nippon Large Cap,118632
16-10-2014,20.9038,Nippon Large Cap,118632
14-10-2014,21.2408,Nippon Large Cap,118632
13-10-2014,21.2817,Nippon Large Cap,118632
10-10-2014,21.1257,Nippon Large Cap,118632
09-10-2014,21.3712,Nippon Large Cap,118632
08-10-2014,20.9858,Nippon Large Cap,118632
07-10-2014,21.0501,Nippon Large Cap,118632
01-10-2014,21.2853,Nippon Large Cap,118632
30-09-2014,21.3925,Nippon Large Cap,118632
29-09-2014,21.3504,Nippon Large Cap,118632
26-09-2014,21.3035,Nippon Large Cap,118632
25-09-2014,21.0385,Nippon Large Cap,118632
24-09-2014,21.3659,Nippon Large Cap,118632
23-09-2014,21.5175,Nippon Large Cap,118632
22-09-2014,21.8568,Nippon Large Cap,118632
19-09-2014,21.8276,Nippon Large Cap,118632
18-09-2014,21.9147,Nippon Large Cap,118632
17-09-2014,21.4862,Nippon Large Cap,118632
16-09-2014,21.3963,Nippon Large Cap,118632
15-09-2014,21.882,Nippon Large Cap,118632
12-09-2014,21.8769,Nippon Large Cap,118632
11-09-2014,21.8595,Nippon Large Cap,118632
10-09-2014,21.6806,Nippon Large Cap,118632
09-09-2014,21.8095,Nippon Large Cap,118632
08-09-2014,21.8269,Nippon Large Cap,118632
05-09-2014,21.5339,Nippon Large Cap,118632
04-09-2014,21.4261,Nippon Large Cap,118632
03-09-2014,21.4935,Nippon Large Cap,118632
02-09-2014,21.2769,Nippon Large Cap,118632
01-09-2014,21.1961,Nippon Large Cap,118632
28-08-2014,20.8633,Nippon Large Cap,118632
27-08-2014,20.8028,Nippon Large Cap,118632
26-08-2014,20.714,Nippon Large Cap,118632
25-08-2014,20.7768,Nippon Large Cap,118632
22-08-2014,20.7944,Nippon Large Cap,118632
21-08-2014,20.6579,Nippon Large Cap,118632
20-08-2014,20.5059,Nippon Large Cap,118632
19-08-2014,20.5276,Nippon Large Cap,118632
18-08-2014,20.3665,Nippon Large Cap,118632
14-08-2014,20.0711,Nippon Large Cap,118632
13-08-2014,19.9797,Nippon Large Cap,118632
12-08-2014,19.9321,Nippon Large Cap,118632
11-08-2014,19.7947,Nippon Large Cap,118632
08-08-2014,19.6787,Nippon Large Cap,118632
07-08-2014,19.9777,Nippon Large Cap,118632
06-08-2014,20.0311,Nippon Large Cap,118632
05-08-2014,20.1673,Nippon Large Cap,118632
04-08-2014,20.0161,Nippon Large Cap,118632
01-08-2014,19.7328,Nippon Large Cap,118632
31-07-2014,19.9239,Nippon Large Cap,118632
30-07-2014,20.062,Nippon Large Cap,118632
28-07-2014,20.0988,Nippon Large Cap,118632
25-07-2014,20.1615,Nippon Large Cap,118632
24-07-2014,20.3446,Nippon Large Cap,118632
23-07-2014,20.2631,Nippon Large Cap,118632
22-07-2014,20.1828,Nippon Large Cap,118632
21-07-2014,20.1456,Nippon Large Cap,118632
18-07-2014,20.1216,Nippon Large Cap,118632
17-07-2014,20.13,Nippon Large Cap,118632
16-07-2014,20.0502,Nippon Large Cap,118632
15-07-2014,19.7704,Nippon Large Cap,118632
14-07-2014,19.42,Nippon Large Cap,118632
11-07-2014,19.4787,Nippon Large Cap,118632
10-07-2014,19.7887,Nippon Large Cap,118632
09-07-2014,19.7643,Nippon Large Cap,118632
08-07-2014,20.0262,Nippon Large Cap,118632
07-07-2014,20.5836,Nippon Large Cap,118632
04-07-2014,20.5459,Nippon Large Cap,118632
03-07-2014,20.5302,Nippon Large Cap,118632
02-07-2014,20.4426,Nippon Large Cap,118632
01-07-2014,20.2354,Nippon Large Cap,118632
30-06-2014,20.1124,Nippon Large Cap,118632
27-06-2014,19.7392,Nippon Large Cap,118632
26-06-2014,19.5981,Nippon Large Cap,118632
25-06-2014,19.6921,Nippon Large Cap,118632
24-06-2014,19.6679,Nippon Large Cap,118632
23-06-2014,19.4828,Nippon Large Cap,118632
20-06-2014,19.4017,Nippon Large Cap,118632
19-06-2014,19.5007,Nippon Large Cap,118632
18-06-2014,19.6428,Nippon Large Cap,118632
17-06-2014,19.7723,Nippon Large Cap,118632
16-06-2014,19.5086,Nippon Large Cap,118632
13-06-2014,19.5601,Nippon Large Cap,118632
12-06-2014,19.8035,Nippon Large Cap,118632
11-06-2014,19.7583,Nippon Large Cap,118632
10-06-2014,19.7891,Nippon Large Cap,118632
09-06-2014,19.765,Nippon Large Cap,118632
06-06-2014,19.5433,Nippon Large Cap,118632
05-06-2014,19.3489,Nippon Large Cap,118632
04-06-2014,19.0685,Nippon Large Cap,118632
03-06-2014,18.9956,Nippon Large Cap,118632
02-06-2014,18.8857,Nippon Large Cap,118632
30-05-2014,18.4698,Nippon Large Cap,118632
29-05-2014,18.5928,Nippon Large Cap,118632
28-05-2014,18.7759,Nippon Large Cap,118632
27-05-2014,18.6606,Nippon Large Cap,118632
26-05-2014,18.7217,Nippon Large Cap,118632
23-05-2014,18.7953,Nippon Large Cap,118632
22-05-2014,18.4562,Nippon Large Cap,118632
21-05-2014,18.284,Nippon Large Cap,118632
20-05-2014,18.2096,Nippon Large Cap,118632
19-05-2014,18.0749,Nippon Large Cap,118632
16-05-2014,17.7003,Nippon Large Cap,118632
15-05-2014,17.2971,Nippon Large Cap,118632
14-05-2014,17.3858,Nippon Large Cap,118632
13-05-2014,17.3691,Nippon Large Cap,118632
12-05-2014,17.0811,Nippon Large Cap,118632
09-05-2014,16.7704,Nippon Large Cap,118632
08-05-2014,16.3463,Nippon Large Cap,118632
07-05-2014,16.3084,Nippon Large Cap,118632
06-05-2014,16.4314,Nippon Large Cap,118632
05-05-2014,16.4094,Nippon Large Cap,118632
02-05-2014,16.4055,Nippon Large Cap,118632
30-04-2014,16.4493,Nippon Large Cap,118632
29-04-2014,16.4949,Nippon Large Cap,118632
28-04-2014,16.643,Nippon Large Cap,118632
25-04-2014,16.6603,Nippon Large Cap,118632
23-04-2014,16.755,Nippon Large Cap,118632
22-04-2014,16.6901,Nippon Large Cap,118632
21-04-2014,16.6546,Nippon Large Cap,118632
17-04-2014,16.5079,Nippon Large Cap,118632
16-04-2014,16.2824,Nippon Large Cap,118632
15-04-2014,16.4793,Nippon Large Cap,118632
11-04-2014,16.5678,Nippon Large Cap,118632
10-04-2014,16.6791,Nippon Large Cap,118632
09-04-2014,16.636,Nippon Large Cap,118632
07-04-2014,16.4194,Nippon Large Cap,118632
04-04-2014,16.4255,Nippon Large Cap,118632
03-04-2014,16.5041,Nippon Large Cap,118632
02-04-2014,16.5762,Nippon Large Cap,118632
01-04-2014,16.3998,Nippon Large Cap,118632
31-03-2014,16.4337,Nippon Large Cap,118632
28-03-2014,16.295,Nippon Large Cap,118632
27-03-2014,16.1047,Nippon Large Cap,118632
26-03-2014,16.0209,Nippon Large Cap,118632
25-03-2014,16.0131,Nippon Large Cap,118632
24-03-2014,15.9637,Nippon Large Cap,118632
21-03-2014,15.8077,Nippon Large Cap,118632
20-03-2014,15.7631,Nippon Large Cap,118632
19-03-2014,15.8849,Nippon Large Cap,118632
18-03-2014,15.856,Nippon Large Cap,118632
14-03-2014,15.7305,Nippon Large Cap,118632
13-03-2014,15.7414,Nippon Large Cap,118632
12-03-2014,15.775,Nippon Large Cap,118632
11-03-2014,15.7797,Nippon Large Cap,118632
10-03-2014,15.8336,Nippon Large Cap,118632
07-03-2014,15.7893,Nippon Large Cap,118632
06-03-2014,15.624,Nippon Large Cap,118632
05-03-2014,15.4493,Nippon Large Cap,118632
04-03-2014,15.3215,Nippon Large Cap,118632
03-03-2014,15.108,Nippon Large Cap,118632
28-02-2014,15.2367,Nippon Large Cap,118632
26-02-2014,15.1423,Nippon Large Cap,118632
25-02-2014,15.0578,Nippon Large Cap,118632
24-02-2014,15.0174,Nippon Large Cap,118632
21-02-2014,14.9225,Nippon Large Cap,118632
20-02-2014,14.7635,Nippon Large Cap,118632
19-02-2014,14.8192,Nippon Large Cap,118632
18-02-2014,14.7053,Nippon Large Cap,118632
17-02-2014,14.5667,Nippon Large Cap,118632
14-02-2014,14.5321,Nippon Large Cap,118632
13-02-2014,14.4582,Nippon Large Cap,118632
12-02-2014,14.6409,Nippon Large Cap,118632
11-02-2014,14.5698,Nippon Large Cap,118632
10-02-2014,14.4875,Nippon Large Cap,118632
07-02-2014,14.5266,Nippon Large Cap,118632
06-02-2014,14.4906,Nippon Large Cap,118632
05-02-2014,14.4861,Nippon Large Cap,118632
04-02-2014,14.465,Nippon Large Cap,118632
03-02-2014,14.4507,Nippon Large Cap,118632
31-01-2014,14.6318,Nippon Large Cap,118632
30-01-2014,14.4573,Nippon Large Cap,118632
29-01-2014,14.5958,Nippon Large Cap,118632
28-01-2014,14.531,Nippon Large Cap,118632
27-01-2014,14.6153,Nippon Large Cap,118632
24-01-2014,14.9307,Nippon Large Cap,118632
23-01-2014,15.0994,Nippon Large Cap,118632
22-01-2014,15.111,Nippon Large Cap,118632
21-01-2014,15.0291,Nippon Large Cap,118632
20-01-2014,15.0026,Nippon Large Cap,118632
17-01-2014,14.8613,Nippon Large Cap,118632
16-01-2014,15.0355,Nippon Large Cap,118632
15-01-2014,15.0219,Nippon Large Cap,118632
14-01-2014,14.8923,Nippon Large Cap,118632
13-01-2014,14.9695,Nippon Large Cap,118632
10-01-2014,14.7676,Nippon Large Cap,118632
09-01-2014,14.7928,Nippon Large Cap,118632
08-01-2014,14.8357,Nippon Large Cap,118632
07-01-2014,14.856,Nippon Large Cap,118632
06-01-2014,14.9235,Nippon Large Cap,118632
03-01-2014,14.9541,Nippon Large Cap,118632
02-01-2014,14.9258,Nippon Large Cap,118632
01-01-2014,15.1641,Nippon Large Cap,118632
31-12-2013,15.1634,Nippon Large Cap,118632
30-12-2013,15.058,Nippon Large Cap,118632
27-12-2013,15.1338,Nippon Large Cap,118632
26-12-2013,15.0569,Nippon Large Cap,118632
24-12-2013,15.0519,Nippon Large Cap,118632
23-12-2013,15.0236,Nippon Large Cap,118632
20-12-2013,14.9808,Nippon Large Cap,118632
19-12-2013,14.7525,Nippon Large Cap,118632
18-12-2013,14.7942,Nippon Large Cap,118632
17-12-2013,14.5878,Nippon Large Cap,118632
16-12-2013,14.5314,Nippon Large Cap,118632
13-12-2013,14.4293,Nippon Large Cap,118632
12-12-2013,14.6114,Nippon Large Cap,118632
11-12-2013,14.72,Nippon Large Cap,118632
10-12-2013,14.7766,Nippon Large Cap,118632
09-12-2013,14.8292,Nippon Large Cap,118632
06-12-2013,14.6049,Nippon Large Cap,118632
05-12-2013,14.5651,Nippon Large Cap,118632
04-12-2013,14.408,Nippon Large Cap,118632
03-12-2013,14.469,Nippon Large Cap,118632
02-12-2013,14.4415,Nippon Large Cap,118632
29-11-2013,14.3277,Nippon Large Cap,118632
28-11-2013,14.1461,Nippon Large Cap,118632
27-11-2013,14.0241,Nippon Large Cap,118632
26-11-2013,14.0636,Nippon Large Cap,118632
25-11-2013,14.1929,Nippon Large Cap,118632
22-11-2013,13.9552,Nippon Large Cap,118632
21-11-2013,13.9415,Nippon Large Cap,118632
20-11-2013,14.1819,Nippon Large Cap,118632
19-11-2013,14.3778,Nippon Large Cap,118632
18-11-2013,14.3228,Nippon Large Cap,118632
14-11-2013,14.1196,Nippon Large Cap,118632
13-11-2013,13.9225,Nippon Large Cap,118632
12-11-2013,14.0191,Nippon Large Cap,118632
11-11-2013,14.0904,Nippon Large Cap,118632
08-11-2013,14.182,Nippon Large Cap,118632
07-11-2013,14.28,Nippon Large Cap,118632
06-11-2013,14.4002,Nippon Large Cap,118632
05-11-2013,14.4377,Nippon Large Cap,118632
01-11-2013,14.4273,Nippon Large Cap,118632
31-10-2013,14.3413,Nippon Large Cap,118632
30-10-2013,14.2056,Nippon Large Cap,118632
29-10-2013,14.119,Nippon Large Cap,118632
28-10-2013,13.8624,Nippon Large Cap,118632
25-10-2013,13.95,Nippon Large Cap,118632
24-10-2013,14.0033,Nippon Large Cap,118632
23-10-2013,14.0597,Nippon Large Cap,118632
22-10-2013,14.115,Nippon Large Cap,118632
21-10-2013,14.1188,Nippon Large Cap,118632
18-10-2013,14.0524,Nippon Large Cap,118632
17-10-2013,13.7852,Nippon Large Cap,118632
15-10-2013,13.8854,Nippon Large Cap,118632
14-10-2013,13.9362,Nippon Large Cap,118632
11-10-2013,13.9215,Nippon Large Cap,118632
10-10-2013,13.7388,Nippon Large Cap,118632
09-10-2013,13.7175,Nippon Large Cap,118632
08-10-2013,13.6174,Nippon Large Cap,118632
07-10-2013,13.6097,Nippon Large Cap,118632
04-10-2013,13.5546,Nippon Large Cap,118632
03-10-2013,13.5608,Nippon Large Cap,118632
01-10-2013,13.2715,Nippon Large Cap,118632
30-09-2013,13.1286,Nippon Large Cap,118632
27-09-2013,13.2945,Nippon Large Cap,118632
26-09-2013,13.3434,Nippon Large Cap,118632
25-09-2013,13.355,Nippon Large Cap,118632
24-09-2013,13.3638,Nippon Large Cap,118632
23-09-2013,13.408,Nippon Large Cap,118632
20-09-2013,13.6366,Nippon Large Cap,118632
19-09-2013,13.819,Nippon Large Cap,118632
18-09-2013,13.4428,Nippon Large Cap,118632
17-09-2013,13.3498,Nippon Large Cap,118632
16-09-2013,13.2876,Nippon Large Cap,118632
13-09-2013,13.3653,Nippon Large Cap,118632
12-09-2013,13.3458,Nippon Large Cap,118632
11-09-2013,13.4542,Nippon Large Cap,118632
10-09-2013,13.3471,Nippon Large Cap,118632
06-09-2013,12.9802,Nippon Large Cap,118632
05-09-2013,12.8133,Nippon Large Cap,118632
04-09-2013,12.564,Nippon Large Cap,118632
03-09-2013,12.3669,Nippon Large Cap,118632
02-09-2013,12.794,Nippon Large Cap,118632
30-08-2013,12.6214,Nippon Large Cap,118632
29-08-2013,12.4848,Nippon Large Cap,118632
28-08-2013,12.2443,Nippon Large Cap,118632
27-08-2013,12.2979,Nippon Large Cap,118632
26-08-2013,12.6806,Nippon Large Cap,118632
23-08-2013,12.5759,Nippon Large Cap,118632
22-08-2013,12.424,Nippon Large Cap,118632
21-08-2013,12.2191,Nippon Large Cap,118632
20-08-2013,12.4137,Nippon Large Cap,118632
19-08-2013,12.4366,Nippon Large Cap,118632
16-08-2013,12.6349,Nippon Large Cap,118632
14-08-2013,13.0848,Nippon Large Cap,118632
13-08-2013,13.0239,Nippon Large Cap,118632
12-08-2013,12.8515,Nippon Large Cap,118632
08-08-2013,12.7214,Nippon Large Cap,118632
07-08-2013,12.4816,Nippon Large Cap,118632
06-08-2013,12.3588,Nippon Large Cap,118632
05-08-2013,12.7128,Nippon Large Cap,118632
02-08-2013,12.6617,Nippon Large Cap,118632
01-08-2013,12.766,Nippon Large Cap,118632
31-07-2013,12.9014,Nippon Large Cap,118632
30-07-2013,12.7471,Nippon Large Cap,118632
29-07-2013,13.0033,Nippon Large Cap,118632
26-07-2013,13.0735,Nippon Large Cap,118632
25-07-2013,13.1914,Nippon Large Cap,118632
24-07-2013,13.2616,Nippon Large Cap,118632
23-07-2013,13.5137,Nippon Large Cap,118632
22-07-2013,13.4323,Nippon Large Cap,118632
19-07-2013,13.491,Nippon Large Cap,118632
18-07-2013,13.5266,Nippon Large Cap,118632
17-07-2013,13.4057,Nippon Large Cap,118632
16-07-2013,13.4826,Nippon Large Cap,118632
15-07-2013,13.6813,Nippon Large Cap,118632
12-07-2013,13.6028,Nippon Large Cap,118632
11-07-2013,13.4425,Nippon Large Cap,118632
10-07-2013,13.259,Nippon Large Cap,118632
09-07-2013,13.3168,Nippon Large Cap,118632
08-07-2013,13.2314,Nippon Large Cap,118632
05-07-2013,13.4009,Nippon Large Cap,118632
04-07-2013,13.3744,Nippon Large Cap,118632
03-07-2013,13.2808,Nippon Large Cap,118632
02-07-2013,13.5237,Nippon Large Cap,118632
01-07-2013,13.6086,Nippon Large Cap,118632
28-06-2013,13.445,Nippon Large Cap,118632
27-06-2013,13.1137,Nippon Large Cap,118632
26-06-2013,12.9478,Nippon Large Cap,118632
25-06-2013,12.9839,Nippon Large Cap,118632
24-06-2013,12.9791,Nippon Large Cap,118632
21-06-2013,13.1933,Nippon Large Cap,118632
20-06-2013,13.142,Nippon Large Cap,118632
19-06-2013,13.4689,Nippon Large Cap,118632
18-06-2013,13.4342,Nippon Large Cap,118632
17-06-2013,13.5024,Nippon Large Cap,118632
14-06-2013,13.4526,Nippon Large Cap,118632
13-06-2013,13.199,Nippon Large Cap,118632
12-06-2013,13.3408,Nippon Large Cap,118632
11-06-2013,13.3795,Nippon Large Cap,118632
10-06-2013,13.6318,Nippon Large Cap,118632
07-06-2013,13.7436,Nippon Large Cap,118632
06-06-2013,13.8693,Nippon Large Cap,118632
05-06-2013,13.8796,Nippon Large Cap,118632
04-06-2013,13.8528,Nippon Large Cap,118632
03-06-2013,13.8393,Nippon Large Cap,118632
31-05-2013,13.9164,Nippon Large Cap,118632
30-05-2013,14.1108,Nippon Large Cap,118632
29-05-2013,14.1521,Nippon Large Cap,118632
28-05-2013,14.2241,Nippon Large Cap,118632
27-05-2013,14.1468,Nippon Large Cap,118632
24-05-2013,13.9741,Nippon Large Cap,118632
23-05-2013,13.9275,Nippon Large Cap,118632
22-05-2013,14.2804,Nippon Large Cap,118632
21-05-2013,14.395,Nippon Large Cap,118632
20-05-2013,14.5075,Nippon Large Cap,118632
17-05-2013,14.6518,Nippon Large Cap,118632
16-05-2013,14.5877,Nippon Large Cap,118632
15-05-2013,14.5276,Nippon Large Cap,118632
14-05-2013,14.2231,Nippon Large Cap,118632
13-05-2013,14.1432,Nippon Large Cap,118632
10-05-2013,14.3731,Nippon Large Cap,118632
09-05-2013,14.2864,Nippon Large Cap,118632
08-05-2013,14.3518,Nippon Large Cap,118632
07-05-2013,14.3852,Nippon Large Cap,118632
06-05-2013,14.2356,Nippon Large Cap,118632
03-05-2013,14.1115,Nippon Large Cap,118632
02-05-2013,14.229,Nippon Large Cap,118632
30-04-2013,14.1086,Nippon Large Cap,118632
29-04-2013,14.1084,Nippon Large Cap,118632
26-04-2013,14.0531,Nippon Large Cap,118632
25-04-2013,14.0593,Nippon Large Cap,118632
23-04-2013,13.9829,Nippon Large Cap,118632
22-04-2013,14.0431,Nippon Large Cap,118632
18-04-2013,13.9167,Nippon Large Cap,118632
17-04-2013,13.7107,Nippon Large Cap,118632
16-04-2013,13.7055,Nippon Large Cap,118632
15-04-2013,13.4536,Nippon Large Cap,118632
12-04-2013,13.3635,Nippon Large Cap,118632
11-04-2013,13.5316,Nippon Large Cap,118632
10-04-2013,13.4579,Nippon Large Cap,118632
09-04-2013,13.3266,Nippon Large Cap,118632
08-04-2013,13.4526,Nippon Large Cap,118632
05-04-2013,13.4782,Nippon Large Cap,118632
04-04-2013,13.4167,Nippon Large Cap,118632
03-04-2013,13.6549,Nippon Large Cap,118632
02-04-2013,13.8124,Nippon Large Cap,118632
01-04-2013,13.6324,Nippon Large Cap,118632
28-03-2013,13.578,Nippon Large Cap,118632
26-03-2013,13.4772,Nippon Large Cap,118632
25-03-2013,13.4002,Nippon Large Cap,118632
22-03-2013,13.4563,Nippon Large Cap,118632
21-03-2013,13.4908,Nippon Large Cap,118632
20-03-2013,13.4866,Nippon Large Cap,118632
19-03-2013,13.7101,Nippon Large Cap,118632
18-03-2013,13.9688,Nippon Large Cap,118632
15-03-2013,14.0574,Nippon Large Cap,118632
14-03-2013,14.1321,Nippon Large Cap,118632
13-03-2013,13.9586,Nippon Large Cap,118632
12-03-2013,14.1646,Nippon Large Cap,118632
11-03-2013,14.2265,Nippon Large Cap,118632
08-03-2013,14.2733,Nippon Large Cap,118632
07-03-2013,14.1368,Nippon Large Cap,118632
06-03-2013,14.0779,Nippon Large Cap,118632
05-03-2013,13.9807,Nippon Large Cap,118632
04-03-2013,13.7577,Nippon Large Cap,118632
01-03-2013,13.8247,Nippon Large Cap,118632
28-02-2013,13.7174,Nippon Large Cap,118632
27-02-2013,13.9873,Nippon Large Cap,118632
26-02-2013,13.8873,Nippon Large Cap,118632
25-02-2013,14.0828,Nippon Large Cap,118632
22-02-2013,14.0985,Nippon Large Cap,118632
21-02-2013,14.0679,Nippon Large Cap,118632
20-02-2013,14.2782,Nippon Large Cap,118632
19-02-2013,14.2926,Nippon Large Cap,118632
18-02-2013,14.1843,Nippon Large Cap,118632
15-02-2013,14.1364,Nippon Large Cap,118632
14-02-2013,14.1541,Nippon Large Cap,118632
13-02-2013,14.3617,Nippon Large Cap,118632
12-02-2013,14.3298,Nippon Large Cap,118632
11-02-2013,14.2908,Nippon Large Cap,118632
08-02-2013,14.3212,Nippon Large Cap,118632
07-02-2013,14.4048,Nippon Large Cap,118632
06-02-2013,14.4775,Nippon Large Cap,118632
05-02-2013,14.4313,Nippon Large Cap,118632
04-02-2013,14.5479,Nippon Large Cap,118632
01-02-2013,14.5671,Nippon Large Cap,118632
31-01-2013,14.6179,Nippon Large Cap,118632
30-01-2013,14.6583,Nippon Large Cap,118632
29-01-2013,14.681,Nippon Large Cap,118632
28-01-2013,14.7737,Nippon Large Cap,118632
25-01-2013,14.7605,Nippon Large Cap,118632
24-01-2013,14.6226,Nippon Large Cap,118632
23-01-2013,14.7986,Nippon Large Cap,118632
22-01-2013,14.8574,Nippon Large Cap,118632
21-01-2013,14.9285,Nippon Large Cap,118632
18-01-2013,14.8654,Nippon Large Cap,118632
17-01-2013,14.7703,Nippon Large Cap,118632
16-01-2013,14.6876,Nippon Large Cap,118632
15-01-2013,14.8315,Nippon Large Cap,118632
14-01-2013,14.7844,Nippon Large Cap,118632
11-01-2013,14.6421,Nippon Large Cap,118632
10-01-2013,14.6784,Nippon Large Cap,118632
09-01-2013,14.7249,Nippon Large Cap,118632
08-01-2013,14.7197,Nippon Large Cap,118632
07-01-2013,14.7718,Nippon Large Cap,118632
04-01-2013,14.8037,Nippon Large Cap,118632
03-01-2013,14.7305,Nippon Large Cap,118632
02-01-2013,14.6967,Nippon Large Cap,118632
