date,nav,scheme_name,amfi_code
03-09-2026,107.1,SBI Bluechip,119551
02-09-2026,106.9526,SBI Bluechip,119551
01-09-2026,106.8888,SBI Bluechip,119551
31-08-2026,106.8849,SBI Bluechip,119551
28-08-2026,106.871,SBI Bluechip,119551
27-08-2026,106.9162,SBI Bluechip,119551
25-08-2026,106.9419,SBI Bluechip,119551
24-08-2026,106.9164,SBI Bluechip,119551
21-08-2026,106.8821,SBI Bluechip,119551
20-08-2026,106.9996,SBI Bluechip,119551
19-08-2026,107.1683,SBI Bluechip,119551
18-08-2026,107.136,SBI Bluechip,119551
17-08-2026,107.2402,SBI Bluechip,119551
14-08-2026,107.2744,SBI Bluechip,119551
13-08-2026,107.2564,SBI Bluechip,119551
12-08-2026,107.2026,SBI Bluechip,119551
11-08-2026,107.1766,SBI Bluechip,119551
10-08-2026,107.1958,SBI Bluechip,119551
07-08-2026,107.0971,SBI Bluechip,119551
06-08-2026,107.0834,SBI Bluechip,119551
05-08-2026,107.0167,SBI Bluechip,119551
04-08-2026,106.9327,SBI Bluechip,119551
03-08-2026,106.8983,SBI Bluechip,119551
31-07-2026,106.8377,SBI Bluechip,119551
30-07-2026,106.7842,SBI Bluechip,119551
29-07-2026,106.8357,SBI Bluechip,119551
28-07-2026,106.8611,SBI Bluechip,119551
27-07-2026,106.8126,SBI Bluechip,119551
24-07-2026,106.5961,SBI Bluechip,119551
23-07-2026,106.5851,SBI Bluechip,119551
22-07-2026,106.6107,SBI Bluechip,119551
21-07-2026,106.6567,SBI Bluechip,119551
20-07-2026,106.5737,SBI Bluechip,119551
17-07-2026,106.6001,SBI Bluechip,119551
16-07-2026,106.5829,SBI Bluechip,119551
15-07-2026,106.5116,SBI Bluechip,119551
14-07-2026,106.4609,SBI Bluechip,119551
13-07-2026,106.7026,SBI Bluechip,119551
10-07-2026,106.6946,SBI Bluechip,119551
09-07-2026,106.5776,SBI Bluechip,119551
08-07-2026,106.5587,SBI Bluechip,119551
07-07-2026,106.7977,SBI Bluechip,119551
06-07-2026,106.8431,SBI Bluechip,119551
03-07-2026,106.8042,SBI Bluechip,119551
02-07-2026,106.7721,SBI Bluechip,119551
01-07-2026,106.6451,SBI Bluechip,119551
30-06-2026,106.6225,SBI Bluechip,119551
29-06-2026,106.4648,SBI Bluechip,119551
25-06-2026,106.3057,SBI Bluechip,119551
24-06-2026,106.1268,SBI Bluechip,119551
23-06-2026,106.041,SBI Bluechip,119551
22-06-2026,105.985,SBI Bluechip,119551
19-06-2026,105.9219,SBI Bluechip,119551
18-06-2026,105.9003,SBI Bluechip,119551
17-06-2026,105.8482,SBI Bluechip,119551
16-06-2026,105.8455,SBI Bluechip,119551
15-06-2026,105.8125,SBI Bluechip,119551
12-06-2026,105.6864,SBI Bluechip,119551
11-06-2026,105.5737,SBI Bluechip,119551
10-06-2026,105.6569,SBI Bluechip,119551
09-06-2026,105.5793,SBI Bluechip,119551
08-06-2026,105.3084,SBI Bluechip,119551
05-06-2026,105.107,SBI Bluechip,119551
04-06-2026,104.8095,SBI Bluechip,119551
03-06-2026,104.7496,SBI Bluechip,119551
02-06-2026,104.7663,SBI Bluechip,119551
01-06-2026,104.7025,SBI Bluechip,119551
29-05-2026,104.657,SBI Bluechip,119551
27-05-2026,104.5833,SBI Bluechip,119551
26-05-2026,104.5269,SBI Bluechip,119551
25-05-2026,104.5215,SBI Bluechip,119551
22-05-2026,104.3467,SBI Bluechip,119551
21-05-2026,104.285,SBI Bluechip,119551
20-05-2026,104.3826,SBI Bluechip,119551
19-05-2026,104.4216,SBI Bluechip,119551
18-05-2026,104.3791,SBI Bluechip,119551
15-05-2026,104.5968,SBI Bluechip,119551
14-05-2026,104.7318,SBI Bluechip,119551
13-05-2026,104.7371,SBI Bluechip,119551
12-05-2026,104.7585,SBI Bluechip,119551
11-05-2026,104.8053,SBI Bluechip,119551
08-05-2026,104.8696,SBI Bluechip,119551
07-05-2026,104.8762,SBI Bluechip,119551
06-05-2026,104.8043,SBI Bluechip,119551
05-05-2026,104.6166,SBI Bluechip,119551
04-05-2026,104.6544,SBI Bluechip,119551
30-04-2026,104.5706,SBI Bluechip,119551
29-04-2026,104.6594,SBI Bluechip,119551
28-04-2026,104.7428,SBI Bluechip,119551
27-04-2026,104.7771,SBI Bluechip,119551
24-04-2026,104.7091,SBI Bluechip,119551
23-04-2026,104.7652,SBI Bluechip,119551
22-04-2026,104.8473,SBI Bluechip,119551
21-04-2026,104.847,SBI Bluechip,119551
20-04-2026,104.8369,SBI Bluechip,119551
17-04-2026,104.7821,SBI Bluechip,119551
16-04-2026,104.7959,SBI Bluechip,119551
15-04-2026,104.7901,SBI Bluechip,119551
13-04-2026,104.6113,SBI Bluechip,119551
10-04-2026,104.5956,SBI Bluechip,119551
09-04-2026,104.515,SBI Bluechip,119551
08-04-2026,104.3919,SBI Bluechip,119551
07-04-2026,103.9918,SBI Bluechip,119551
06-04-2026,103.9142,SBI Bluechip,119551
02-04-2026,103.8813,SBI Bluechip,119551
31-03-2026,104.0116,SBI Bluechip,119551
30-03-2026,103.9921,SBI Bluechip,119551
27-03-2026,103.9102,SBI Bluechip,119551
25-03-2026,103.9713,SBI Bluechip,119551
24-03-2026,103.9816,SBI Bluechip,119551
23-03-2026,110.6625,SBI Bluechip,119551
20-03-2026,110.9352,SBI Bluechip,119551
18-03-2026,110.9985,SBI Bluechip,119551
17-03-2026,110.9316,SBI Bluechip,119551
16-03-2026,110.9159,SBI Bluechip,119551
13-03-2026,110.9287,SBI Bluechip,119551
12-03-2026,110.9898,SBI Bluechip,119551
11-03-2026,111.1072,SBI Bluechip,119551
10-03-2026,111.0484,SBI Bluechip,119551
09-03-2026,110.9193,SBI Bluechip,119551
06-03-2026,111.0395,SBI Bluechip,119551
05-03-2026,111.0534,SBI Bluechip,119551
04-03-2026,110.9499,SBI Bluechip,119551
02-03-2026,111.0653,SBI Bluechip,119551
27-02-2026,111.0261,SBI Bluechip,119551
26-02-2026,111.0069,SBI Bluechip,119551
25-02-2026,110.9826,SBI Bluechip,119551
24-02-2026,110.9394,SBI Bluechip,119551
23-02-2026,110.8829,SBI Bluechip,119551
20-02-2026,110.807,SBI Bluechip,119551
18-02-2026,110.8613,SBI Bluechip,119551
17-02-2026,110.8682,SBI Bluechip,119551
16-02-2026,110.8409,SBI Bluechip,119551
13-02-2026,110.7584,SBI Bluechip,119551
12-02-2026,110.6309,SBI Bluechip,119551
11-02-2026,110.5056,SBI Bluechip,119551
10-02-2026,110.4293,SBI Bluechip,119551
09-02-2026,110.4233,SBI Bluechip,119551
06-02-2026,110.4173,SBI Bluechip,119551
05-02-2026,110.5985,SBI Bluechip,119551
04-02-2026,110.4477,SBI Bluechip,119551
03-02-2026,110.296,SBI Bluechip,119551
02-02-2026,110.1537,SBI Bluechip,119551
30-01-2026,110.1903,SBI Bluechip,119551
29-01-2026,110.0922,SBI Bluechip,119551
28-01-2026,110.0855,SBI Bluechip,119551
27-01-2026,110.1078,SBI Bluechip,119551
23-01-2026,110.0766,SBI Bluechip,119551
22-01-2026,110.0539,SBI Bluechip,119551
21-01-2026,109.9438,SBI Bluechip,119551
20-01-2026,109.9385,SBI Bluechip,119551
19-01-2026,109.9742,SBI Bluechip,119551
16-01-2026,110.0107,SBI Bluechip,119551
14-01-2026,110.1286,SBI Bluechip,119551
13-01-2026,110.1878,SBI Bluechip,119551
12-01-2026,110.2974,SBI Bluechip,119551
09-01-2026,110.2327,SBI Bluechip,119551
08-01-2026,110.2218,SBI Bluechip,119551
07-01-2026,110.2175,SBI Bluechip,119551
06-01-2026,110.2647,SBI Bluechip,119551
05-01-2026,110.2498,SBI Bluechip,119551
02-01-2026,110.3333,SBI Bluechip,119551
01-01-2026,110.3493,SBI Bluechip,119551
31-12-2025,110.3212,SBI Bluechip,119551
30-12-2025,110.2176,SBI Bluechip,119551
29-12-2025,110.2799,SBI Bluechip,119551
26-12-2025,110.2247,SBI Bluechip,119551
24-12-2025,110.2079,SBI Bluechip,119551
23-12-2025,109.9954,SBI Bluechip,119551
22-12-2025,110.0241,SBI Bluechip,119551
19-12-2025,110.0403,SBI Bluechip,119551
18-12-2025,110.0195,SBI Bluechip,119551
17-12-2025,110.0266,SBI Bluechip,119551
16-12-2025,110.0261,SBI Bluechip,119551
15-12-2025,109.9944,SBI Bluechip,119551
12-12-2025,110.0652,SBI Bluechip,119551
11-12-2025,110.0609,SBI Bluechip,119551
10-12-2025,110.0466,SBI Bluechip,119551
09-12-2025,110.1852,SBI Bluechip,119551
08-12-2025,110.3299,SBI Bluechip,119551
05-12-2025,110.3373,SBI Bluechip,119551
04-12-2025,110.235,SBI Bluechip,119551
03-12-2025,110.2362,SBI Bluechip,119551
02-12-2025,110.2349,SBI Bluechip,119551
01-12-2025,110.211,SBI Bluechip,119551
28-11-2025,110.2615,SBI Bluechip,119551
27-11-2025,110.2743,SBI Bluechip,119551
26-11-2025,110.2658,SBI Bluechip,119551
25-11-2025,110.1924,SBI Bluechip,119551
24-11-2025,110.1322,SBI Bluechip,119551
21-11-2025,110.0708,SBI Bluechip,119551
20-11-2025,110.0882,SBI Bluechip,119551
19-11-2025,110.0771,SBI Bluechip,119551
18-11-2025,110.0205,SBI Bluechip,119551
17-11-2025,109.9756,SBI Bluechip,119551
14-11-2025,109.9725,SBI Bluechip,119551
13-11-2025,109.9907,SBI Bluechip,119551
12-11-2025,109.9947,SBI Bluechip,119551
11-11-2025,109.961,SBI Bluechip,119551
10-11-2025,109.925,SBI Bluechip,119551
07-11-2025,109.8609,SBI Bluechip,119551
06-11-2025,109.8337,SBI Bluechip,119551
04-11-2025,109.7941,SBI Bluechip,119551
03-11-2025,109.7548,SBI Bluechip,119551
31-10-2025,109.6768,SBI Bluechip,119551
30-10-2025,109.6521,SBI Bluechip,119551
29-10-2025,109.6934,SBI Bluechip,119551
28-10-2025,109.6404,SBI Bluechip,119551
27-10-2025,109.6125,SBI Bluechip,119551
24-10-2025,109.5673,SBI Bluechip,119551
23-10-2025,109.5817,SBI Bluechip,119551
20-10-2025,109.6155,SBI Bluechip,119551
17-10-2025,109.5844,SBI Bluechip,119551
16-10-2025,109.5131,SBI Bluechip,119551
15-10-2025,109.4754,SBI Bluechip,119551
14-10-2025,109.4088,SBI Bluechip,119551
13-10-2025,109.3763,SBI Bluechip,119551
10-10-2025,109.2852,SBI Bluechip,119551
09-10-2025,109.2597,SBI Bluechip,119551
08-10-2025,109.2524,SBI Bluechip,119551
07-10-2025,109.2045,SBI Bluechip,119551
06-10-2025,109.0926,SBI Bluechip,119551
03-10-2025,108.9591,SBI Bluechip,119551
01-10-2025,108.8285,SBI Bluechip,119551
30-09-2025,108.7397,SBI Bluechip,119551
26-09-2025,108.6702,SBI Bluechip,119551
25-09-2025,108.617,SBI Bluechip,119551
24-09-2025,108.5859,SBI Bluechip,119551
23-09-2025,108.5708,SBI Bluechip,119551
22-09-2025,108.5131,SBI Bluechip,119551
19-09-2025,108.4428,SBI Bluechip,119551
18-09-2025,108.4552,SBI Bluechip,119551
17-09-2025,108.4538,SBI Bluechip,119551
16-09-2025,108.3787,SBI Bluechip,119551
15-09-2025,108.3802,SBI Bluechip,119551
12-09-2025,108.4006,SBI Bluechip,119551
11-09-2025,108.369,SBI Bluechip,119551
10-09-2025,108.3574,SBI Bluechip,119551
09-09-2025,108.3519,SBI Bluechip,119551
05-09-2025,108.245,SBI Bluechip,119551
04-09-2025,108.1379,SBI Bluechip,119551
03-09-2025,108.0471,SBI Bluechip,119551
02-09-2025,108.0088,SBI Bluechip,119551
01-09-2025,108.0373,SBI Bluechip,119551
29-08-2025,108.0297,SBI Bluechip,119551
28-08-2025,108.066,SBI Bluechip,119551
26-08-2025,107.9266,SBI Bluechip,119551
25-08-2025,108.1037,SBI Bluechip,119551
22-08-2025,108.1096,SBI Bluechip,119551
21-08-2025,108.0985,SBI Bluechip,119551
20-08-2025,108.0899,SBI Bluechip,119551
19-08-2025,108.0083,SBI Bluechip,119551
18-08-2025,108.1271,SBI Bluechip,119551
14-08-2025,108.1543,SBI Bluechip,119551
13-08-2025,107.9901,SBI Bluechip,119551
12-08-2025,108.049,SBI Bluechip,119551
11-08-2025,108.2018,SBI Bluechip,119551
08-08-2025,108.2726,SBI Bluechip,119551
07-08-2025,108.2611,SBI Bluechip,119551
06-08-2025,108.2153,SBI Bluechip,119551
05-08-2025,108.4412,SBI Bluechip,119551
04-08-2025,108.4355,SBI Bluechip,119551
01-08-2025,108.2952,SBI Bluechip,119551
31-07-2025,108.2167,SBI Bluechip,119551
30-07-2025,108.1757,SBI Bluechip,119551
29-07-2025,108.1828,SBI Bluechip,119551
28-07-2025,108.2193,SBI Bluechip,119551
25-07-2025,108.1982,SBI Bluechip,119551
24-07-2025,108.2573,SBI Bluechip,119551
23-07-2025,108.2277,SBI Bluechip,119551
22-07-2025,108.1979,SBI Bluechip,119551
21-07-2025,108.1729,SBI Bluechip,119551
18-07-2025,108.1161,SBI Bluechip,119551
17-07-2025,108.0272,SBI Bluechip,119551
16-07-2025,107.9658,SBI Bluechip,119551
15-07-2025,107.962,SBI Bluechip,119551
14-07-2025,107.9617,SBI Bluechip,119551
11-07-2025,107.9125,SBI Bluechip,119551
10-07-2025,107.8928,SBI Bluechip,119551
09-07-2025,107.8924,SBI Bluechip,119551
08-07-2025,107.9198,SBI Bluechip,119551
07-07-2025,107.9243,SBI Bluechip,119551
04-07-2025,107.8466,SBI Bluechip,119551
03-07-2025,107.8552,SBI Bluechip,119551
02-07-2025,107.7677,SBI Bluechip,119551
01-07-2025,107.6624,SBI Bluechip,119551
30-06-2025,107.5767,SBI Bluechip,119551
27-06-2025,107.4878,SBI Bluechip,119551
26-06-2025,107.5011,SBI Bluechip,119551
25-06-2025,107.511,SBI Bluechip,119551
24-06-2025,107.5733,SBI Bluechip,119551
23-06-2025,107.4577,SBI Bluechip,119551
20-06-2025,107.4384,SBI Bluechip,119551
19-06-2025,107.4465,SBI Bluechip,119551
18-06-2025,107.5716,SBI Bluechip,119551
17-06-2025,107.5644,SBI Bluechip,119551
16-06-2025,107.4387,SBI Bluechip,119551
13-06-2025,107.3575,SBI Bluechip,119551
12-06-2025,107.4825,SBI Bluechip,119551
11-06-2025,107.5439,SBI Bluechip,119551
10-06-2025,107.6421,SBI Bluechip,119551
09-06-2025,107.886,SBI Bluechip,119551
06-06-2025,108.0092,SBI Bluechip,119551
05-06-2025,107.7812,SBI Bluechip,119551
04-06-2025,107.7469,SBI Bluechip,119551
03-06-2025,107.7345,SBI Bluechip,119551
02-06-2025,107.7103,SBI Bluechip,119551
30-05-2025,107.657,SBI Bluechip,119551
29-05-2025,107.6883,SBI Bluechip,119551
28-05-2025,107.6822,SBI Bluechip,119551
27-05-2025,107.6329,SBI Bluechip,119551
26-05-2025,107.6218,SBI Bluechip,119551
23-05-2025,107.5534,SBI Bluechip,119551
22-05-2025,107.5193,SBI Bluechip,119551
21-05-2025,107.4878,SBI Bluechip,119551
20-05-2025,107.2867,SBI Bluechip,119551
19-05-2025,107.1766,SBI Bluechip,119551
16-05-2025,107.0688,SBI Bluechip,119551
15-05-2025,106.9055,SBI Bluechip,119551
14-05-2025,106.7901,SBI Bluechip,119551
13-05-2025,106.6661,SBI Bluechip,119551
09-05-2025,106.2789,SBI Bluechip,119551
08-05-2025,106.3466,SBI Bluechip,119551
07-05-2025,106.5585,SBI Bluechip,119551
06-05-2025,106.5085,SBI Bluechip,119551
05-05-2025,106.5451,SBI Bluechip,119551
02-05-2025,106.4573,SBI Bluechip,119551
30-04-2025,106.4272,SBI Bluechip,119551
29-04-2025,106.4231,SBI Bluechip,119551
28-04-2025,106.3422,SBI Bluechip,119551
25-04-2025,106.2928,SBI Bluechip,119551
24-04-2025,106.3431,SBI Bluechip,119551
23-04-2025,106.3557,SBI Bluechip,119551
22-04-2025,106.2867,SBI Bluechip,119551
21-04-2025,106.1959,SBI Bluechip,119551
17-04-2025,106.0393,SBI Bluechip,119551
16-04-2025,105.9138,SBI Bluechip,119551
15-04-2025,105.8256,SBI Bluechip,119551
11-04-2025,105.7166,SBI Bluechip,119551
09-04-2025,105.595,SBI Bluechip,119551
08-04-2025,105.4798,SBI Bluechip,119551
07-04-2025,105.4895,SBI Bluechip,119551
04-04-2025,105.4731,SBI Bluechip,119551
03-04-2025,105.407,SBI Bluechip,119551
02-04-2025,105.2693,SBI Bluechip,119551
31-03-2025,104.8517,SBI Bluechip,119551
28-03-2025,104.798,SBI Bluechip,119551
27-03-2025,104.5887,SBI Bluechip,119551
26-03-2025,104.4275,SBI Bluechip,119551
25-03-2025,104.3152,SBI Bluechip,119551
24-03-2025,104.2711,SBI Bluechip,119551
21-03-2025,104.1787,SBI Bluechip,119551
20-03-2025,104.0851,SBI Bluechip,119551
19-03-2025,103.9843,SBI Bluechip,119551
18-03-2025,103.8685,SBI Bluechip,119551
17-03-2025,103.8183,SBI Bluechip,119551
13-03-2025,103.7314,SBI Bluechip,119551
12-03-2025,103.6937,SBI Bluechip,119551
11-03-2025,103.6633,SBI Bluechip,119551
10-03-2025,103.6318,SBI Bluechip,119551
07-03-2025,103.5932,SBI Bluechip,119551
06-03-2025,103.577,SBI Bluechip,119551
05-03-2025,103.5156,SBI Bluechip,119551
04-03-2025,103.4961,SBI Bluechip,119551
03-03-2025,103.4915,SBI Bluechip,119551
28-02-2025,103.4542,SBI Bluechip,119551
27-02-2025,103.475,SBI Bluechip,119551
25-02-2025,103.5311,SBI Bluechip,119551
24-02-2025,103.523,SBI Bluechip,119551
21-02-2025,103.4606,SBI Bluechip,119551
20-02-2025,103.4473,SBI Bluechip,119551
18-02-2025,103.428,SBI Bluechip,119551
17-02-2025,103.4024,SBI Bluechip,119551
14-02-2025,103.3587,SBI Bluechip,119551
13-02-2025,103.3413,SBI Bluechip,119551
12-02-2025,103.3327,SBI Bluechip,119551
11-02-2025,103.3491,SBI Bluechip,119551
10-02-2025,103.3119,SBI Bluechip,119551
07-02-2025,103.2983,SBI Bluechip,119551
06-02-2025,103.3557,SBI Bluechip,119551
05-02-2025,103.2887,SBI Bluechip,119551
04-02-2025,103.2096,SBI Bluechip,119551
03-02-2025,103.2079,SBI Bluechip,119551
31-01-2025,103.1194,SBI Bluechip,119551
30-01-2025,103.0995,SBI Bluechip,119551
29-01-2025,103.0631,SBI Bluechip,119551
28-01-2025,103.0551,SBI Bluechip,119551
27-01-2025,103.0191,SBI Bluechip,119551
24-01-2025,102.9,SBI Bluechip,119551
23-01-2025,102.8828,SBI Bluechip,119551
22-01-2025,102.882,SBI Bluechip,119551
21-01-2025,102.833,SBI Bluechip,119551
20-01-2025,102.7722,SBI Bluechip,119551
17-01-2025,102.6971,SBI Bluechip,119551
16-01-2025,102.6846,SBI Bluechip,119551
15-01-2025,102.5547,SBI Bluechip,119551
14-01-2025,102.5067,SBI Bluechip,119551
13-01-2025,102.479,SBI Bluechip,119551
10-01-2025,102.5788,SBI Bluechip,119551
09-01-2025,102.5669,SBI Bluechip,119551
08-01-2025,102.5842,SBI Bluechip,119551
07-01-2025,102.5942,SBI Bluechip,119551
06-01-2025,102.5428,SBI Bluechip,119551
03-01-2025,102.4734,SBI Bluechip,119551
02-01-2025,102.4411,SBI Bluechip,119551
01-01-2025,102.4373,SBI Bluechip,119551
31-12-2024,102.4261,SBI Bluechip,119551
30-12-2024,102.3935,SBI Bluechip,119551
27-12-2024,102.3377,SBI Bluechip,119551
26-12-2024,102.3057,SBI Bluechip,119551
24-12-2024,102.276,SBI Bluechip,119551
23-12-2024,102.2971,SBI Bluechip,119551
20-12-2024,102.2299,SBI Bluechip,119551
19-12-2024,102.2319,SBI Bluechip,119551
18-12-2024,102.3051,SBI Bluechip,119551
17-12-2024,102.2788,SBI Bluechip,119551
16-12-2024,108.8176,SBI Bluechip,119551
13-12-2024,108.7654,SBI Bluechip,119551
12-12-2024,108.76,SBI Bluechip,119551
11-12-2024,108.7714,SBI Bluechip,119551
10-12-2024,108.7512,SBI Bluechip,119551
09-12-2024,108.7124,SBI Bluechip,119551
06-12-2024,108.6492,SBI Bluechip,119551
05-12-2024,108.7127,SBI Bluechip,119551
04-12-2024,108.6652,SBI Bluechip,119551
03-12-2024,108.5772,SBI Bluechip,119551
02-12-2024,108.547,SBI Bluechip,119551
29-11-2024,108.3481,SBI Bluechip,119551
28-11-2024,108.248,SBI Bluechip,119551
27-11-2024,108.2186,SBI Bluechip,119551
26-11-2024,108.234,SBI Bluechip,119551
25-11-2024,108.2199,SBI Bluechip,119551
22-11-2024,108.1301,SBI Bluechip,119551
21-11-2024,108.1547,SBI Bluechip,119551
19-11-2024,108.1459,SBI Bluechip,119551
18-11-2024,108.1144,SBI Bluechip,119551
14-11-2024,108.0265,SBI Bluechip,119551
13-11-2024,108.0513,SBI Bluechip,119551
12-11-2024,108.0534,SBI Bluechip,119551
11-11-2024,108.0457,SBI Bluechip,119551
08-11-2024,107.9884,SBI Bluechip,119551
07-11-2024,107.9237,SBI Bluechip,119551
06-11-2024,107.8879,SBI Bluechip,119551
05-11-2024,107.8874,SBI Bluechip,119551
04-11-2024,107.8739,SBI Bluechip,119551
31-10-2024,107.8015,SBI Bluechip,119551
30-10-2024,107.7881,SBI Bluechip,119551
29-10-2024,107.725,SBI Bluechip,119551
28-10-2024,107.6861,SBI Bluechip,119551
25-10-2024,107.6909,SBI Bluechip,119551
24-10-2024,107.674,SBI Bluechip,119551
23-10-2024,107.6336,SBI Bluechip,119551
22-10-2024,107.5869,SBI Bluechip,119551
21-10-2024,107.6357,SBI Bluechip,119551
18-10-2024,107.6158,SBI Bluechip,119551
17-10-2024,107.6503,SBI Bluechip,119551
16-10-2024,107.6535,SBI Bluechip,119551
15-10-2024,107.6534,SBI Bluechip,119551
14-10-2024,107.6186,SBI Bluechip,119551
11-10-2024,107.5265,SBI Bluechip,119551
10-10-2024,107.504,SBI Bluechip,119551
09-10-2024,107.4772,SBI Bluechip,119551
08-10-2024,107.3126,SBI Bluechip,119551
07-10-2024,107.2487,SBI Bluechip,119551
04-10-2024,107.2257,SBI Bluechip,119551
03-10-2024,107.3076,SBI Bluechip,119551
01-10-2024,107.3237,SBI Bluechip,119551
30-09-2024,107.225,SBI Bluechip,119551
27-09-2024,107.1769,SBI Bluechip,119551
26-09-2024,107.1966,SBI Bluechip,119551
25-09-2024,107.1126,SBI Bluechip,119551
24-09-2024,107.0466,SBI Bluechip,119551
23-09-2024,107.0237,SBI Bluechip,119551
20-09-2024,106.929,SBI Bluechip,119551
19-09-2024,106.8809,SBI Bluechip,119551
17-09-2024,106.7639,SBI Bluechip,119551
16-09-2024,106.7623,SBI Bluechip,119551
13-09-2024,106.6573,SBI Bluechip,119551
12-09-2024,106.5827,SBI Bluechip,119551
11-09-2024,106.5512,SBI Bluechip,119551
10-09-2024,106.4902,SBI Bluechip,119551
09-09-2024,106.4667,SBI Bluechip,119551
06-09-2024,106.4146,SBI Bluechip,119551
05-09-2024,106.4059,SBI Bluechip,119551
04-09-2024,106.3754,SBI Bluechip,119551
03-09-2024,106.3329,SBI Bluechip,119551
02-09-2024,106.3054,SBI Bluechip,119551
30-08-2024,106.2668,SBI Bluechip,119551
29-08-2024,106.2648,SBI Bluechip,119551
28-08-2024,106.2365,SBI Bluechip,119551
27-08-2024,106.1953,SBI Bluechip,119551
26-08-2024,106.1703,SBI Bluechip,119551
23-08-2024,106.1127,SBI Bluechip,119551
22-08-2024,106.0858,SBI Bluechip,119551
21-08-2024,106.0518,SBI Bluechip,119551
20-08-2024,106.0252,SBI Bluechip,119551
19-08-2024,105.9818,SBI Bluechip,119551
16-08-2024,105.9116,SBI Bluechip,119551
14-08-2024,105.8943,SBI Bluechip,119551
13-08-2024,105.8532,SBI Bluechip,119551
12-08-2024,105.8262,SBI Bluechip,119551
09-08-2024,105.7861,SBI Bluechip,119551
08-08-2024,105.7637,SBI Bluechip,119551
07-08-2024,105.7549,SBI Bluechip,119551
06-08-2024,105.7253,SBI Bluechip,119551
05-08-2024,105.7262,SBI Bluechip,119551
02-08-2024,105.5909,SBI Bluechip,119551
01-08-2024,105.5455,SBI Bluechip,119551
31-07-2024,105.5109,SBI Bluechip,119551
30-07-2024,105.5094,SBI Bluechip,119551
29-07-2024,105.5119,SBI Bluechip,119551
26-07-2024,105.4135,SBI Bluechip,119551
25-07-2024,105.3408,SBI Bluechip,119551
24-07-2024,105.2595,SBI Bluechip,119551
23-07-2024,105.2253,SBI Bluechip,119551
22-07-2024,105.223,SBI Bluechip,119551
19-07-2024,105.1758,SBI Bluechip,119551
18-07-2024,105.1452,SBI Bluechip,119551
16-07-2024,105.0855,SBI Bluechip,119551
15-07-2024,105.0151,SBI Bluechip,119551
12-07-2024,104.9292,SBI Bluechip,119551
11-07-2024,104.9227,SBI Bluechip,119551
10-07-2024,104.9009,SBI Bluechip,119551
09-07-2024,104.8761,SBI Bluechip,119551
08-07-2024,104.8485,SBI Bluechip,119551
05-07-2024,104.7786,SBI Bluechip,119551
04-07-2024,104.745,SBI Bluechip,119551
03-07-2024,104.7114,SBI Bluechip,119551
02-07-2024,104.6724,SBI Bluechip,119551
01-07-2024,104.6276,SBI Bluechip,119551
30-06-2024,104.6136,SBI Bluechip,119551
28-06-2024,104.574,SBI Bluechip,119551
27-06-2024,104.5382,SBI Bluechip,119551
26-06-2024,104.5187,SBI Bluechip,119551
25-06-2024,104.5405,SBI Bluechip,119551
24-06-2024,117.8708,SBI Bluechip,119551
21-06-2024,104.4713,SBI Bluechip,119551
20-06-2024,104.432,SBI Bluechip,119551
19-06-2024,104.3994,SBI Bluechip,119551
18-06-2024,104.3524,SBI Bluechip,119551
14-06-2024,104.2704,SBI Bluechip,119551
13-06-2024,104.2366,SBI Bluechip,119551
12-06-2024,104.1778,SBI Bluechip,119551
11-06-2024,104.1556,SBI Bluechip,119551
10-06-2024,104.0928,SBI Bluechip,119551
07-06-2024,104.0351,SBI Bluechip,119551
06-06-2024,103.9979,SBI Bluechip,119551
05-06-2024,103.9001,SBI Bluechip,119551
04-06-2024,103.8414,SBI Bluechip,119551
03-06-2024,104.0983,SBI Bluechip,119551
31-05-2024,103.9547,SBI Bluechip,119551
30-05-2024,103.9279,SBI Bluechip,119551
29-05-2024,103.8954,SBI Bluechip,119551
28-05-2024,103.9118,SBI Bluechip,119551
27-05-2024,103.9153,SBI Bluechip,119551
24-05-2024,103.871,SBI Bluechip,119551
22-05-2024,103.7992,SBI Bluechip,119551
21-05-2024,103.7247,SBI Bluechip,119551
17-05-2024,103.6086,SBI Bluechip,119551
16-05-2024,103.618,SBI Bluechip,119551
15-05-2024,103.5312,SBI Bluechip,119551
14-05-2024,103.4525,SBI Bluechip,119551
13-05-2024,103.4188,SBI Bluechip,119551
10-05-2024,103.3607,SBI Bluechip,119551
09-05-2024,103.3271,SBI Bluechip,119551
08-05-2024,103.3191,SBI Bluechip,119551
07-05-2024,103.3251,SBI Bluechip,119551
06-05-2024,103.3135,SBI Bluechip,119551
03-05-2024,103.16,SBI Bluechip,119551
02-05-2024,103.1097,SBI Bluechip,119551
30-04-2024,103.0514,SBI Bluechip,119551
29-04-2024,103.0161,SBI Bluechip,119551
26-04-2024,102.9593,SBI Bluechip,119551
25-04-2024,102.9493,SBI Bluechip,119551
24-04-2024,102.9549,SBI Bluechip,119551
23-04-2024,102.9532,SBI Bluechip,119551
22-04-2024,102.8818,SBI Bluechip,119551
19-04-2024,102.785,SBI Bluechip,119551
18-04-2024,102.878,SBI Bluechip,119551
16-04-2024,102.834,SBI Bluechip,119551
15-04-2024,102.8695,SBI Bluechip,119551
12-04-2024,102.7853,SBI Bluechip,119551
10-04-2024,102.8998,SBI Bluechip,119551
08-04-2024,102.7894,SBI Bluechip,119551
05-04-2024,102.8278,SBI Bluechip,119551
04-04-2024,102.831,SBI Bluechip,119551
03-04-2024,102.7932,SBI Bluechip,119551
02-04-2024,102.7608,SBI Bluechip,119551
31-03-2024,102.7632,SBI Bluechip,119551
28-03-2024,102.7096,SBI Bluechip,119551
27-03-2024,102.5361,SBI Bluechip,119551
26-03-2024,110.1903,SBI Bluechip,119551
22-03-2024,110.1729,SBI Bluechip,119551
21-03-2024,110.2046,SBI Bluechip,119551
20-03-2024,110.1485,SBI Bluechip,119551
19-03-2024,110.114,SBI Bluechip,119551
18-03-2024,110.144,SBI Bluechip,119551
15-03-2024,110.1319,SBI Bluechip,119551
14-03-2024,110.1196,SBI Bluechip,119551
13-03-2024,110.1303,SBI Bluechip,119551
12-03-2024,110.1246,SBI Bluechip,119551
11-03-2024,110.12,SBI Bluechip,119551
07-03-2024,109.9624,SBI Bluechip,119551
06-03-2024,109.9177,SBI Bluechip,119551
05-03-2024,109.8552,SBI Bluechip,119551
04-03-2024,109.8436,SBI Bluechip,119551
01-03-2024,109.7834,SBI Bluechip,119551
29-02-2024,109.7711,SBI Bluechip,119551
28-02-2024,109.7569,SBI Bluechip,119551
27-02-2024,109.7147,SBI Bluechip,119551
26-02-2024,109.7161,SBI Bluechip,119551
23-02-2024,109.6186,SBI Bluechip,119551
22-02-2024,109.6091,SBI Bluechip,119551
21-02-2024,109.5846,SBI Bluechip,119551
20-02-2024,109.5383,SBI Bluechip,119551
16-02-2024,109.393,SBI Bluechip,119551
15-02-2024,109.3771,SBI Bluechip,119551
14-02-2024,109.2938,SBI Bluechip,119551
13-02-2024,109.3221,SBI Bluechip,119551
12-02-2024,109.3183,SBI Bluechip,119551
09-02-2024,109.2569,SBI Bluechip,119551
08-02-2024,109.2929,SBI Bluechip,119551
07-02-2024,109.2938,SBI Bluechip,119551
06-02-2024,109.2489,SBI Bluechip,119551
05-02-2024,109.2279,SBI Bluechip,119551
02-02-2024,109.2484,SBI Bluechip,119551
01-02-2024,109.1334,SBI Bluechip,119551
31-01-2024,108.9501,SBI Bluechip,119551
30-01-2024,108.9094,SBI Bluechip,119551
29-01-2024,108.8663,SBI Bluechip,119551
25-01-2024,108.7795,SBI Bluechip,119551
24-01-2024,108.7584,SBI Bluechip,119551
23-01-2024,108.756,SBI Bluechip,119551
19-01-2024,108.6634,SBI Bluechip,119551
18-01-2024,108.6691,SBI Bluechip,119551
17-01-2024,108.6641,SBI Bluechip,119551
16-01-2024,108.6565,SBI Bluechip,119551
15-01-2024,108.6546,SBI Bluechip,119551
12-01-2024,108.5277,SBI Bluechip,119551
11-01-2024,108.4768,SBI Bluechip,119551
10-01-2024,108.4687,SBI Bluechip,119551
09-01-2024,108.4351,SBI Bluechip,119551
08-01-2024,108.4013,SBI Bluechip,119551
05-01-2024,108.2934,SBI Bluechip,119551
04-01-2024,108.3068,SBI Bluechip,119551
03-01-2024,108.3033,SBI Bluechip,119551
02-01-2024,108.302,SBI Bluechip,119551
01-01-2024,108.2962,SBI Bluechip,119551
29-12-2023,108.2404,SBI Bluechip,119551
28-12-2023,116.2869,SBI Bluechip,119551
27-12-2023,116.2785,SBI Bluechip,119551
26-12-2023,116.29,SBI Bluechip,119551
22-12-2023,116.1862,SBI Bluechip,119551
21-12-2023,116.1666,SBI Bluechip,119551
20-12-2023,116.1637,SBI Bluechip,119551
19-12-2023,116.146,SBI Bluechip,119551
18-12-2023,116.1498,SBI Bluechip,119551
15-12-2023,116.0675,SBI Bluechip,119551
14-12-2023,115.9449,SBI Bluechip,119551
13-12-2023,115.7767,SBI Bluechip,119551
12-12-2023,115.7387,SBI Bluechip,119551
11-12-2023,115.7213,SBI Bluechip,119551
08-12-2023,115.6975,SBI Bluechip,119551
07-12-2023,115.7012,SBI Bluechip,119551
06-12-2023,115.6714,SBI Bluechip,119551
05-12-2023,115.6087,SBI Bluechip,119551
04-12-2023,115.5786,SBI Bluechip,119551
01-12-2023,115.4928,SBI Bluechip,119551
30-11-2023,115.5118,SBI Bluechip,119551
29-11-2023,115.5248,SBI Bluechip,119551
28-11-2023,115.4606,SBI Bluechip,119551
24-11-2023,115.3487,SBI Bluechip,119551
23-11-2023,115.3838,SBI Bluechip,119551
22-11-2023,115.3956,SBI Bluechip,119551
21-11-2023,115.3462,SBI Bluechip,119551
20-11-2023,115.4124,SBI Bluechip,119551
17-11-2023,115.4046,SBI Bluechip,119551
16-11-2023,115.359,SBI Bluechip,119551
15-11-2023,115.3184,SBI Bluechip,119551
13-11-2023,115.1762,SBI Bluechip,119551
10-11-2023,115.1099,SBI Bluechip,119551
09-11-2023,115.1482,SBI Bluechip,119551
08-11-2023,115.097,SBI Bluechip,119551
07-11-2023,115.0481,SBI Bluechip,119551
06-11-2023,114.9939,SBI Bluechip,119551
03-11-2023,114.9185,SBI Bluechip,119551
02-11-2023,114.8598,SBI Bluechip,119551
01-11-2023,114.7619,SBI Bluechip,119551
31-10-2023,114.7532,SBI Bluechip,119551
30-10-2023,114.7213,SBI Bluechip,119551
27-10-2023,114.6755,SBI Bluechip,119551
26-10-2023,114.6543,SBI Bluechip,119551
25-10-2023,114.6385,SBI Bluechip,119551
23-10-2023,114.5561,SBI Bluechip,119551
20-10-2023,114.5203,SBI Bluechip,119551
19-10-2023,114.5085,SBI Bluechip,119551
18-10-2023,114.5264,SBI Bluechip,119551
17-10-2023,114.5336,SBI Bluechip,119551
16-10-2023,114.515,SBI Bluechip,119551
13-10-2023,114.4576,SBI Bluechip,119551
12-10-2023,114.4277,SBI Bluechip,119551
11-10-2023,114.3772,SBI Bluechip,119551
10-10-2023,114.2773,SBI Bluechip,119551
09-10-2023,114.2335,SBI Bluechip,119551
06-10-2023,114.2282,SBI Bluechip,119551
05-10-2023,114.5152,SBI Bluechip,119551
04-10-2023,114.4301,SBI Bluechip,119551
03-10-2023,114.4257,SBI Bluechip,119551
29-09-2023,114.3746,SBI Bluechip,119551
27-09-2023,114.4022,SBI Bluechip,119551
26-09-2023,114.3858,SBI Bluechip,119551
25-09-2023,114.3926,SBI Bluechip,119551
22-09-2023,114.3437,SBI Bluechip,119551
21-09-2023,114.3346,SBI Bluechip,119551
20-09-2023,114.3068,SBI Bluechip,119551
18-09-2023,114.2257,SBI Bluechip,119551
15-09-2023,114.1634,SBI Bluechip,119551
14-09-2023,114.2468,SBI Bluechip,119551
13-09-2023,114.1471,SBI Bluechip,119551
12-09-2023,114.0096,SBI Bluechip,119551
11-09-2023,114.0239,SBI Bluechip,119551
08-09-2023,114.0015,SBI Bluechip,119551
07-09-2023,114.0437,SBI Bluechip,119551
06-09-2023,113.9571,SBI Bluechip,119551
05-09-2023,113.9984,SBI Bluechip,119551
04-09-2023,113.9843,SBI Bluechip,119551
01-09-2023,113.9205,SBI Bluechip,119551
31-08-2023,113.9005,SBI Bluechip,119551
30-08-2023,113.8834,SBI Bluechip,119551
29-08-2023,113.8467,SBI Bluechip,119551
28-08-2023,113.8221,SBI Bluechip,119551
25-08-2023,113.708,SBI Bluechip,119551
24-08-2023,113.6982,SBI Bluechip,119551
23-08-2023,113.6358,SBI Bluechip,119551
22-08-2023,113.5608,SBI Bluechip,119551
21-08-2023,113.5726,SBI Bluechip,119551
18-08-2023,113.5055,SBI Bluechip,119551
17-08-2023,113.448,SBI Bluechip,119551
14-08-2023,113.4717,SBI Bluechip,119551
11-08-2023,113.4328,SBI Bluechip,119551
10-08-2023,113.4695,SBI Bluechip,119551
09-08-2023,113.4446,SBI Bluechip,119551
08-08-2023,113.4097,SBI Bluechip,119551
07-08-2023,113.4145,SBI Bluechip,119551
04-08-2023,113.3024,SBI Bluechip,119551
03-08-2023,113.3366,SBI Bluechip,119551
02-08-2023,113.371,SBI Bluechip,119551
01-08-2023,113.3502,SBI Bluechip,119551
31-07-2023,113.2955,SBI Bluechip,119551
28-07-2023,113.2233,SBI Bluechip,119551
27-07-2023,113.302,SBI Bluechip,119551
26-07-2023,113.25,SBI Bluechip,119551
25-07-2023,113.2068,SBI Bluechip,119551
24-07-2023,113.252,SBI Bluechip,119551
21-07-2023,113.1867,SBI Bluechip,119551
20-07-2023,113.2135,SBI Bluechip,119551
19-07-2023,113.185,SBI Bluechip,119551
18-07-2023,113.1539,SBI Bluechip,119551
17-07-2023,113.0933,SBI Bluechip,119551
14-07-2023,113.0224,SBI Bluechip,119551
13-07-2023,112.9794,SBI Bluechip,119551
12-07-2023,112.8785,SBI Bluechip,119551
11-07-2023,112.879,SBI Bluechip,119551
10-07-2023,112.7947,SBI Bluechip,119551
07-07-2023,112.7417,SBI Bluechip,119551
06-07-2023,112.7607,SBI Bluechip,119551
05-07-2023,112.7734,SBI Bluechip,119551
04-07-2023,112.7332,SBI Bluechip,119551
03-07-2023,112.6779,SBI Bluechip,119551
30-06-2023,112.6635,SBI Bluechip,119551
28-06-2023,112.6521,SBI Bluechip,119551
27-06-2023,112.6073,SBI Bluechip,119551
26-06-2023,112.5988,SBI Bluechip,119551
23-06-2023,112.5447,SBI Bluechip,119551
22-06-2023,112.5347,SBI Bluechip,119551
21-06-2023,112.5483,SBI Bluechip,119551
20-06-2023,112.5543,SBI Bluechip,119551
19-06-2023,112.5427,SBI Bluechip,119551
16-06-2023,112.4688,SBI Bluechip,119551
15-06-2023,112.4579,SBI Bluechip,119551
14-06-2023,112.4522,SBI Bluechip,119551
13-06-2023,112.4564,SBI Bluechip,119551
12-06-2023,112.4181,SBI Bluechip,119551
09-06-2023,112.3662,SBI Bluechip,119551
08-06-2023,112.3995,SBI Bluechip,119551
07-06-2023,112.4241,SBI Bluechip,119551
06-06-2023,112.3976,SBI Bluechip,119551
05-06-2023,112.35,SBI Bluechip,119551
02-06-2023,112.3136,SBI Bluechip,119551
01-06-2023,112.3041,SBI Bluechip,119551
31-05-2023,112.2328,SBI Bluechip,119551
30-05-2023,112.2149,SBI Bluechip,119551
29-05-2023,112.1994,SBI Bluechip,119551
26-05-2023,112.1609,SBI Bluechip,119551
25-05-2023,112.1468,SBI Bluechip,119551
24-05-2023,112.1392,SBI Bluechip,119551
23-05-2023,112.1072,SBI Bluechip,119551
22-05-2023,112.1196,SBI Bluechip,119551
19-05-2023,111.9729,SBI Bluechip,119551
18-05-2023,111.9625,SBI Bluechip,119551
17-05-2023,111.8786,SBI Bluechip,119551
16-05-2023,111.8439,SBI Bluechip,119551
15-05-2023,111.8017,SBI Bluechip,119551
12-05-2023,111.7357,SBI Bluechip,119551
11-05-2023,111.6912,SBI Bluechip,119551
10-05-2023,111.6632,SBI Bluechip,119551
09-05-2023,111.6494,SBI Bluechip,119551
08-05-2023,111.6462,SBI Bluechip,119551
04-05-2023,111.556,SBI Bluechip,119551
03-05-2023,111.534,SBI Bluechip,119551
02-05-2023,111.4551,SBI Bluechip,119551
28-04-2023,111.3814,SBI Bluechip,119551
27-04-2023,111.3747,SBI Bluechip,119551
26-04-2023,111.3157,SBI Bluechip,119551
25-04-2023,111.2845,SBI Bluechip,119551
24-04-2023,111.2444,SBI Bluechip,119551
21-04-2023,111.1177,SBI Bluechip,119551
20-04-2023,111.0695,SBI Bluechip,119551
19-04-2023,111.0669,SBI Bluechip,119551
18-04-2023,111.029,SBI Bluechip,119551
17-04-2023,110.9947,SBI Bluechip,119551
13-04-2023,110.9273,SBI Bluechip,119551
12-04-2023,110.9134,SBI Bluechip,119551
11-04-2023,110.847,SBI Bluechip,119551
10-04-2023,110.8339,SBI Bluechip,119551
06-04-2023,110.7692,SBI Bluechip,119551
05-04-2023,110.5493,SBI Bluechip,119551
03-04-2023,110.4369,SBI Bluechip,119551
31-03-2023,110.3887,SBI Bluechip,119551
29-03-2023,110.2525,SBI Bluechip,119551
28-03-2023,110.1156,SBI Bluechip,119551
27-03-2023,110.1469,SBI Bluechip,119551
24-03-2023,110.0794,SBI Bluechip,119551
23-03-2023,110.0625,SBI Bluechip,119551
21-03-2023,109.981,SBI Bluechip,119551
20-03-2023,109.9509,SBI Bluechip,119551
17-03-2023,109.8366,SBI Bluechip,119551
16-03-2023,109.7988,SBI Bluechip,119551
15-03-2023,109.8123,SBI Bluechip,119551
14-03-2023,109.7889,SBI Bluechip,119551
13-03-2023,109.7345,SBI Bluechip,119551
10-03-2023,109.5769,SBI Bluechip,119551
09-03-2023,109.541,SBI Bluechip,119551
08-03-2023,109.5103,SBI Bluechip,119551
06-03-2023,109.5313,SBI Bluechip,119551
03-03-2023,109.4874,SBI Bluechip,119551
02-03-2023,109.447,SBI Bluechip,119551
01-03-2023,109.43,SBI Bluechip,119551
28-02-2023,109.4442,SBI Bluechip,119551
27-02-2023,109.4341,SBI Bluechip,119551
24-02-2023,109.4234,SBI Bluechip,119551
23-02-2023,109.409,SBI Bluechip,119551
22-02-2023,109.3818,SBI Bluechip,119551
21-02-2023,109.4182,SBI Bluechip,119551
20-02-2023,109.378,SBI Bluechip,119551
17-02-2023,109.2924,SBI Bluechip,119551
16-02-2023,109.3243,SBI Bluechip,119551
15-02-2023,109.2929,SBI Bluechip,119551
14-02-2023,109.248,SBI Bluechip,119551
13-02-2023,109.2826,SBI Bluechip,119551
10-02-2023,109.2412,SBI Bluechip,119551
09-02-2023,109.2446,SBI Bluechip,119551
08-02-2023,109.2472,SBI Bluechip,119551
07-02-2023,109.2826,SBI Bluechip,119551
06-02-2023,109.2662,SBI Bluechip,119551
03-02-2023,109.2425,SBI Bluechip,119551
02-02-2023,109.2186,SBI Bluechip,119551
01-02-2023,109.1849,SBI Bluechip,119551
31-01-2023,109.0678,SBI Bluechip,119551
30-01-2023,109.0072,SBI Bluechip,119551
27-01-2023,108.9787,SBI Bluechip,119551
25-01-2023,108.9962,SBI Bluechip,119551
24-01-2023,108.9995,SBI Bluechip,119551
23-01-2023,108.9803,SBI Bluechip,119551
20-01-2023,108.9335,SBI Bluechip,119551
19-01-2023,108.9578,SBI Bluechip,119551
18-01-2023,108.929,SBI Bluechip,119551
17-01-2023,108.9098,SBI Bluechip,119551
16-01-2023,108.8945,SBI Bluechip,119551
13-01-2023,108.8441,SBI Bluechip,119551
12-01-2023,108.8154,SBI Bluechip,119551
11-01-2023,108.7682,SBI Bluechip,119551
10-01-2023,108.7409,SBI Bluechip,119551
09-01-2023,108.7189,SBI Bluechip,119551
06-01-2023,108.6235,SBI Bluechip,119551
05-01-2023,108.6405,SBI Bluechip,119551
04-01-2023,108.6262,SBI Bluechip,119551
03-01-2023,108.627,SBI Bluechip,119551
02-01-2023,108.5922,SBI Bluechip,119551
30-12-2022,108.5225,SBI Bluechip,119551
29-12-2022,108.4982,SBI Bluechip,119551
28-12-2022,108.4921,SBI Bluechip,119551
27-12-2022,108.472,SBI Bluechip,119551
26-12-2022,108.4303,SBI Bluechip,119551
23-12-2022,108.4095,SBI Bluechip,119551
22-12-2022,108.3903,SBI Bluechip,119551
21-12-2022,108.3843,SBI Bluechip,119551
20-12-2022,108.4123,SBI Bluechip,119551
19-12-2022,108.3837,SBI Bluechip,119551
16-12-2022,108.3466,SBI Bluechip,119551
15-12-2022,108.3336,SBI Bluechip,119551
14-12-2022,108.3488,SBI Bluechip,119551
13-12-2022,108.2884,SBI Bluechip,119551
12-12-2022,108.2614,SBI Bluechip,119551
09-12-2022,108.1868,SBI Bluechip,119551
08-12-2022,108.1783,SBI Bluechip,119551
07-12-2022,108.1551,SBI Bluechip,119551
06-12-2022,108.1762,SBI Bluechip,119551
05-12-2022,108.1499,SBI Bluechip,119551
02-12-2022,108.0988,SBI Bluechip,119551
01-12-2022,108.0832,SBI Bluechip,119551
30-11-2022,108.0334,SBI Bluechip,119551
29-11-2022,107.99,SBI Bluechip,119551
28-11-2022,107.9959,SBI Bluechip,119551
25-11-2022,107.9066,SBI Bluechip,119551
24-11-2022,107.8882,SBI Bluechip,119551
23-11-2022,107.8393,SBI Bluechip,119551
22-11-2022,107.8369,SBI Bluechip,119551
21-11-2022,107.8002,SBI Bluechip,119551
18-11-2022,107.7527,SBI Bluechip,119551
17-11-2022,107.7346,SBI Bluechip,119551
16-11-2022,107.7065,SBI Bluechip,119551
15-11-2022,107.709,SBI Bluechip,119551
14-11-2022,107.6593,SBI Bluechip,119551
11-11-2022,107.6105,SBI Bluechip,119551
10-11-2022,107.5243,SBI Bluechip,119551
09-11-2022,107.4581,SBI Bluechip,119551
07-11-2022,107.3633,SBI Bluechip,119551
04-11-2022,107.307,SBI Bluechip,119551
03-11-2022,107.2944,SBI Bluechip,119551
02-11-2022,107.303,SBI Bluechip,119551
01-11-2022,107.2818,SBI Bluechip,119551
31-10-2022,107.2729,SBI Bluechip,119551
28-10-2022,107.2137,SBI Bluechip,119551
27-10-2022,107.2349,SBI Bluechip,119551
25-10-2022,107.112,SBI Bluechip,119551
21-10-2022,106.9649,SBI Bluechip,119551
20-10-2022,106.9757,SBI Bluechip,119551
19-10-2022,106.997,SBI Bluechip,119551
18-10-2022,106.9767,SBI Bluechip,119551
17-10-2022,106.9437,SBI Bluechip,119551
14-10-2022,106.7922,SBI Bluechip,119551
13-10-2022,106.812,SBI Bluechip,119551
12-10-2022,106.808,SBI Bluechip,119551
11-10-2022,106.782,SBI Bluechip,119551
10-10-2022,106.8233,SBI Bluechip,119551
07-10-2022,106.8408,SBI Bluechip,119551
06-10-2022,106.8875,SBI Bluechip,119551
04-10-2022,106.8856,SBI Bluechip,119551
03-10-2022,106.8261,SBI Bluechip,119551
30-09-2022,106.7948,SBI Bluechip,119551
29-09-2022,106.7145,SBI Bluechip,119551
28-09-2022,106.6485,SBI Bluechip,119551
27-09-2022,106.6575,SBI Bluechip,119551
26-09-2022,106.6784,SBI Bluechip,119551
23-09-2022,106.6333,SBI Bluechip,119551
22-09-2022,106.7549,SBI Bluechip,119551
21-09-2022,106.8072,SBI Bluechip,119551
20-09-2022,106.824,SBI Bluechip,119551
19-09-2022,106.8748,SBI Bluechip,119551
16-09-2022,106.8585,SBI Bluechip,119551
15-09-2022,106.9084,SBI Bluechip,119551
14-09-2022,106.9625,SBI Bluechip,119551
13-09-2022,106.9983,SBI Bluechip,119551
12-09-2022,106.954,SBI Bluechip,119551
09-09-2022,106.9116,SBI Bluechip,119551
08-09-2022,106.9005,SBI Bluechip,119551
07-09-2022,106.8681,SBI Bluechip,119551
06-09-2022,106.8291,SBI Bluechip,119551
05-09-2022,106.8191,SBI Bluechip,119551
02-09-2022,106.7705,SBI Bluechip,119551
01-09-2022,106.7475,SBI Bluechip,119551
30-08-2022,106.7038,SBI Bluechip,119551
29-08-2022,106.6906,SBI Bluechip,119551
26-08-2022,106.6296,SBI Bluechip,119551
25-08-2022,106.5824,SBI Bluechip,119551
24-08-2022,106.599,SBI Bluechip,119551
23-08-2022,106.5597,SBI Bluechip,119551
22-08-2022,106.5568,SBI Bluechip,119551
19-08-2022,106.5072,SBI Bluechip,119551
18-08-2022,106.5141,SBI Bluechip,119551
17-08-2022,106.5092,SBI Bluechip,119551
12-08-2022,106.3294,SBI Bluechip,119551
11-08-2022,106.3209,SBI Bluechip,119551
10-08-2022,106.2542,SBI Bluechip,119551
08-08-2022,106.1541,SBI Bluechip,119551
05-08-2022,106.1086,SBI Bluechip,119551
04-08-2022,106.2254,SBI Bluechip,119551
03-08-2022,106.15,SBI Bluechip,119551
02-08-2022,106.1993,SBI Bluechip,119551
01-08-2022,106.1219,SBI Bluechip,119551
29-07-2022,106.0066,SBI Bluechip,119551
28-07-2022,105.9484,SBI Bluechip,119551
27-07-2022,105.9293,SBI Bluechip,119551
26-07-2022,105.9161,SBI Bluechip,119551
25-07-2022,105.9141,SBI Bluechip,119551
22-07-2022,105.8449,SBI Bluechip,119551
21-07-2022,105.8401,SBI Bluechip,119551
20-07-2022,105.8304,SBI Bluechip,119551
19-07-2022,105.7996,SBI Bluechip,119551
18-07-2022,105.788,SBI Bluechip,119551
15-07-2022,105.776,SBI Bluechip,119551
14-07-2022,105.776,SBI Bluechip,119551
13-07-2022,105.7695,SBI Bluechip,119551
12-07-2022,105.7093,SBI Bluechip,119551
11-07-2022,105.672,SBI Bluechip,119551
08-07-2022,105.6723,SBI Bluechip,119551
07-07-2022,105.7041,SBI Bluechip,119551
06-07-2022,105.7065,SBI Bluechip,119551
05-07-2022,105.5371,SBI Bluechip,119551
04-07-2022,105.4884,SBI Bluechip,119551
01-07-2022,105.3963,SBI Bluechip,119551
30-06-2022,105.3199,SBI Bluechip,119551
29-06-2022,105.2859,SBI Bluechip,119551
28-06-2022,105.2771,SBI Bluechip,119551
27-06-2022,105.2922,SBI Bluechip,119551
24-06-2022,105.1971,SBI Bluechip,119551
23-06-2022,105.2106,SBI Bluechip,119551
22-06-2022,105.1767,SBI Bluechip,119551
21-06-2022,112.757,SBI Bluechip,119551
20-06-2022,112.7336,SBI Bluechip,119551
17-06-2022,112.5783,SBI Bluechip,119551
16-06-2022,112.5715,SBI Bluechip,119551
15-06-2022,112.5757,SBI Bluechip,119551
14-06-2022,112.583,SBI Bluechip,119551
13-06-2022,112.5985,SBI Bluechip,119551
10-06-2022,112.6848,SBI Bluechip,119551
09-06-2022,112.6487,SBI Bluechip,119551
08-06-2022,112.5902,SBI Bluechip,119551
07-06-2022,112.4553,SBI Bluechip,119551
06-06-2022,112.53,SBI Bluechip,119551
03-06-2022,112.5469,SBI Bluechip,119551
02-06-2022,112.579,SBI Bluechip,119551
01-06-2022,112.5519,SBI Bluechip,119551
31-05-2022,112.6801,SBI Bluechip,119551
30-05-2022,112.6166,SBI Bluechip,119551
27-05-2022,112.5875,SBI Bluechip,119551
26-05-2022,112.5751,SBI Bluechip,119551
25-05-2022,112.5511,SBI Bluechip,119551
24-05-2022,112.5432,SBI Bluechip,119551
23-05-2022,112.5061,SBI Bluechip,119551
20-05-2022,112.4374,SBI Bluechip,119551
19-05-2022,112.4539,SBI Bluechip,119551
18-05-2022,112.4368,SBI Bluechip,119551
17-05-2022,112.4137,SBI Bluechip,119551
13-05-2022,112.3647,SBI Bluechip,119551
12-05-2022,112.433,SBI Bluechip,119551
11-05-2022,112.3991,SBI Bluechip,119551
10-05-2022,112.3479,SBI Bluechip,119551
09-05-2022,112.2672,SBI Bluechip,119551
06-05-2022,112.244,SBI Bluechip,119551
05-05-2022,112.3588,SBI Bluechip,119551
04-05-2022,112.4331,SBI Bluechip,119551
02-05-2022,113.1319,SBI Bluechip,119551
29-04-2022,113.0956,SBI Bluechip,119551
28-04-2022,113.0848,SBI Bluechip,119551
27-04-2022,113.0954,SBI Bluechip,119551
26-04-2022,113.0579,SBI Bluechip,119551
25-04-2022,113.0615,SBI Bluechip,119551
22-04-2022,112.959,SBI Bluechip,119551
21-04-2022,112.956,SBI Bluechip,119551
20-04-2022,112.936,SBI Bluechip,119551
19-04-2022,112.9046,SBI Bluechip,119551
18-04-2022,112.8584,SBI Bluechip,119551
13-04-2022,112.6844,SBI Bluechip,119551
12-04-2022,112.8405,SBI Bluechip,119551
11-04-2022,112.8479,SBI Bluechip,119551
08-04-2022,112.9062,SBI Bluechip,119551
07-04-2022,113.1825,SBI Bluechip,119551
06-04-2022,113.1607,SBI Bluechip,119551
05-04-2022,113.1661,SBI Bluechip,119551
04-04-2022,113.1171,SBI Bluechip,119551
31-03-2022,113.0782,SBI Bluechip,119551
30-03-2022,113.0255,SBI Bluechip,119551
29-03-2022,112.9912,SBI Bluechip,119551
28-03-2022,112.9448,SBI Bluechip,119551
25-03-2022,112.9034,SBI Bluechip,119551
24-03-2022,112.8542,SBI Bluechip,119551
23-03-2022,112.8231,SBI Bluechip,119551
22-03-2022,121.9441,SBI Bluechip,119551
21-03-2022,121.9474,SBI Bluechip,119551
17-03-2022,121.8816,SBI Bluechip,119551
16-03-2022,121.7919,SBI Bluechip,119551
15-03-2022,121.8177,SBI Bluechip,119551
14-03-2022,121.7179,SBI Bluechip,119551
11-03-2022,121.6652,SBI Bluechip,119551
10-03-2022,121.6699,SBI Bluechip,119551
09-03-2022,121.6144,SBI Bluechip,119551
08-03-2022,121.5935,SBI Bluechip,119551
07-03-2022,121.6023,SBI Bluechip,119551
04-03-2022,121.6603,SBI Bluechip,119551
03-03-2022,121.6296,SBI Bluechip,119551
02-03-2022,121.665,SBI Bluechip,119551
28-02-2022,121.7348,SBI Bluechip,119551
25-02-2022,121.7161,SBI Bluechip,119551
24-02-2022,121.7161,SBI Bluechip,119551
23-02-2022,121.7264,SBI Bluechip,119551
22-02-2022,121.6893,SBI Bluechip,119551
21-02-2022,121.7193,SBI Bluechip,119551
18-02-2022,121.6824,SBI Bluechip,119551
17-02-2022,121.6561,SBI Bluechip,119551
16-02-2022,121.6448,SBI Bluechip,119551
15-02-2022,121.6181,SBI Bluechip,119551
14-02-2022,121.6236,SBI Bluechip,119551
11-02-2022,121.5265,SBI Bluechip,119551
10-02-2022,121.4458,SBI Bluechip,119551
09-02-2022,121.2257,SBI Bluechip,119551
08-02-2022,121.1629,SBI Bluechip,119551
04-02-2022,121.0091,SBI Bluechip,119551
03-02-2022,121.0079,SBI Bluechip,119551
02-02-2022,120.9797,SBI Bluechip,119551
01-02-2022,121.041,SBI Bluechip,119551
31-01-2022,121.2264,SBI Bluechip,119551
28-01-2022,121.1287,SBI Bluechip,119551
27-01-2022,121.1095,SBI Bluechip,119551
25-01-2022,121.1535,SBI Bluechip,119551
24-01-2022,121.1248,SBI Bluechip,119551
21-01-2022,121.133,SBI Bluechip,119551
20-01-2022,121.1056,SBI Bluechip,119551
19-01-2022,121.0829,SBI Bluechip,119551
18-01-2022,121.0769,SBI Bluechip,119551
17-01-2022,121.0746,SBI Bluechip,119551
14-01-2022,121.0906,SBI Bluechip,119551
13-01-2022,121.0679,SBI Bluechip,119551
12-01-2022,121.0236,SBI Bluechip,119551
11-01-2022,120.9723,SBI Bluechip,119551
10-01-2022,120.9198,SBI Bluechip,119551
07-01-2022,120.9547,SBI Bluechip,119551
06-01-2022,120.9577,SBI Bluechip,119551
05-01-2022,120.9314,SBI Bluechip,119551
04-01-2022,120.9326,SBI Bluechip,119551
03-01-2022,120.9791,SBI Bluechip,119551
31-12-2021,120.9424,SBI Bluechip,119551
30-12-2021,120.9049,SBI Bluechip,119551
29-12-2021,120.9039,SBI Bluechip,119551
28-12-2021,120.8977,SBI Bluechip,119551
27-12-2021,120.9367,SBI Bluechip,119551
24-12-2021,120.886,SBI Bluechip,119551
23-12-2021,120.8813,SBI Bluechip,119551
22-12-2021,120.8645,SBI Bluechip,119551
21-12-2021,132.1135,SBI Bluechip,119551
20-12-2021,132.1983,SBI Bluechip,119551
17-12-2021,132.2288,SBI Bluechip,119551
16-12-2021,132.2637,SBI Bluechip,119551
15-12-2021,132.2563,SBI Bluechip,119551
14-12-2021,132.2368,SBI Bluechip,119551
13-12-2021,132.1789,SBI Bluechip,119551
10-12-2021,132.1656,SBI Bluechip,119551
09-12-2021,132.162,SBI Bluechip,119551
08-12-2021,132.1611,SBI Bluechip,119551
07-12-2021,132.0998,SBI Bluechip,119551
06-12-2021,132.0903,SBI Bluechip,119551
03-12-2021,132.0162,SBI Bluechip,119551
02-12-2021,132.0146,SBI Bluechip,119551
01-12-2021,131.9697,SBI Bluechip,119551
30-11-2021,131.9668,SBI Bluechip,119551
29-11-2021,131.9194,SBI Bluechip,119551
26-11-2021,131.8818,SBI Bluechip,119551
25-11-2021,131.8704,SBI Bluechip,119551
24-11-2021,131.8645,SBI Bluechip,119551
23-11-2021,131.8686,SBI Bluechip,119551
22-11-2021,131.858,SBI Bluechip,119551
18-11-2021,131.7944,SBI Bluechip,119551
17-11-2021,131.7489,SBI Bluechip,119551
16-11-2021,131.7479,SBI Bluechip,119551
15-11-2021,131.7417,SBI Bluechip,119551
12-11-2021,131.6894,SBI Bluechip,119551
11-11-2021,131.6866,SBI Bluechip,119551
10-11-2021,131.659,SBI Bluechip,119551
09-11-2021,131.6599,SBI Bluechip,119551
08-11-2021,131.6163,SBI Bluechip,119551
03-11-2021,131.4386,SBI Bluechip,119551
02-11-2021,131.3907,SBI Bluechip,119551
01-11-2021,131.3951,SBI Bluechip,119551
29-10-2021,131.3687,SBI Bluechip,119551
28-10-2021,131.396,SBI Bluechip,119551
27-10-2021,131.4254,SBI Bluechip,119551
26-10-2021,131.4286,SBI Bluechip,119551
25-10-2021,131.5009,SBI Bluechip,119551
22-10-2021,131.4697,SBI Bluechip,119551
21-10-2021,131.4413,SBI Bluechip,119551
20-10-2021,131.3437,SBI Bluechip,119551
18-10-2021,131.3686,SBI Bluechip,119551
14-10-2021,131.3603,SBI Bluechip,119551
13-10-2021,131.3582,SBI Bluechip,119551
12-10-2021,131.2981,SBI Bluechip,119551
11-10-2021,131.2562,SBI Bluechip,119551
08-10-2021,131.2335,SBI Bluechip,119551
07-10-2021,131.2265,SBI Bluechip,119551
06-10-2021,131.2459,SBI Bluechip,119551
05-10-2021,131.2616,SBI Bluechip,119551
04-10-2021,131.3094,SBI Bluechip,119551
01-10-2021,131.2393,SBI Bluechip,119551
30-09-2021,131.2526,SBI Bluechip,119551
29-09-2021,131.2328,SBI Bluechip,119551
28-09-2021,131.3044,SBI Bluechip,119551
27-09-2021,131.258,SBI Bluechip,119551
24-09-2021,131.2694,SBI Bluechip,119551
23-09-2021,131.3554,SBI Bluechip,119551
22-09-2021,131.3513,SBI Bluechip,119551
21-09-2021,131.3316,SBI Bluechip,119551
20-09-2021,131.3222,SBI Bluechip,119551
17-09-2021,131.2591,SBI Bluechip,119551
16-09-2021,131.2345,SBI Bluechip,119551
15-09-2021,131.1996,SBI Bluechip,119551
14-09-2021,144.1251,SBI Bluechip,119551
13-09-2021,144.1118,SBI Bluechip,119551
09-09-2021,144.0574,SBI Bluechip,119551
08-09-2021,144.0275,SBI Bluechip,119551
07-09-2021,144.0042,SBI Bluechip,119551
06-09-2021,144.0148,SBI Bluechip,119551
03-09-2021,143.9699,SBI Bluechip,119551
02-09-2021,143.9444,SBI Bluechip,119551
01-09-2021,143.8746,SBI Bluechip,119551
31-08-2021,143.7984,SBI Bluechip,119551
30-08-2021,143.7535,SBI Bluechip,119551
27-08-2021,143.6277,SBI Bluechip,119551
26-08-2021,143.5893,SBI Bluechip,119551
25-08-2021,143.5853,SBI Bluechip,119551
24-08-2021,143.5629,SBI Bluechip,119551
23-08-2021,143.5597,SBI Bluechip,119551
20-08-2021,143.5164,SBI Bluechip,119551
18-08-2021,143.4818,SBI Bluechip,119551
17-08-2021,143.3696,SBI Bluechip,119551
13-08-2021,143.2392,SBI Bluechip,119551
12-08-2021,143.136,SBI Bluechip,119551
11-08-2021,143.0625,SBI Bluechip,119551
10-08-2021,143.0486,SBI Bluechip,119551
09-08-2021,142.9661,SBI Bluechip,119551
06-08-2021,142.91,SBI Bluechip,119551
05-08-2021,143.021,SBI Bluechip,119551
04-08-2021,142.9647,SBI Bluechip,119551
03-08-2021,142.9404,SBI Bluechip,119551
02-08-2021,142.9005,SBI Bluechip,119551
30-07-2021,142.839,SBI Bluechip,119551
29-07-2021,142.8184,SBI Bluechip,119551
28-07-2021,142.8006,SBI Bluechip,119551
27-07-2021,142.7747,SBI Bluechip,119551
26-07-2021,142.719,SBI Bluechip,119551
23-07-2021,142.6218,SBI Bluechip,119551
22-07-2021,142.6239,SBI Bluechip,119551
20-07-2021,142.6213,SBI Bluechip,119551
19-07-2021,142.5654,SBI Bluechip,119551
16-07-2021,142.5092,SBI Bluechip,119551
15-07-2021,142.3806,SBI Bluechip,119551
14-07-2021,142.2968,SBI Bluechip,119551
13-07-2021,142.2948,SBI Bluechip,119551
12-07-2021,142.1602,SBI Bluechip,119551
09-07-2021,142.2029,SBI Bluechip,119551
08-07-2021,142.1696,SBI Bluechip,119551
07-07-2021,142.0218,SBI Bluechip,119551
06-07-2021,141.942,SBI Bluechip,119551
05-07-2021,142.0229,SBI Bluechip,119551
02-07-2021,141.9245,SBI Bluechip,119551
01-07-2021,141.9515,SBI Bluechip,119551
30-06-2021,141.9021,SBI Bluechip,119551
29-06-2021,155.1137,SBI Bluechip,119551
28-06-2021,155.1258,SBI Bluechip,119551
25-06-2021,155.1462,SBI Bluechip,119551
24-06-2021,155.1814,SBI Bluechip,119551
23-06-2021,155.1573,SBI Bluechip,119551
22-06-2021,155.1506,SBI Bluechip,119551
21-06-2021,155.1952,SBI Bluechip,119551
18-06-2021,155.1221,SBI Bluechip,119551
17-06-2021,155.0726,SBI Bluechip,119551
16-06-2021,155.0843,SBI Bluechip,119551
15-06-2021,155.2961,SBI Bluechip,119551
14-06-2021,155.429,SBI Bluechip,119551
11-06-2021,155.3755,SBI Bluechip,119551
10-06-2021,155.3161,SBI Bluechip,119551
09-06-2021,155.2699,SBI Bluechip,119551
08-06-2021,155.1383,SBI Bluechip,119551
07-06-2021,155.1117,SBI Bluechip,119551
04-06-2021,154.9869,SBI Bluechip,119551
03-06-2021,154.9384,SBI Bluechip,119551
02-06-2021,154.8632,SBI Bluechip,119551
01-06-2021,154.8506,SBI Bluechip,119551
31-05-2021,154.8591,SBI Bluechip,119551
28-05-2021,154.8325,SBI Bluechip,119551
27-05-2021,154.8336,SBI Bluechip,119551
25-05-2021,154.783,SBI Bluechip,119551
24-05-2021,154.7069,SBI Bluechip,119551
21-05-2021,154.6417,SBI Bluechip,119551
20-05-2021,154.6073,SBI Bluechip,119551
19-05-2021,154.599,SBI Bluechip,119551
18-05-2021,154.4638,SBI Bluechip,119551
17-05-2021,154.4002,SBI Bluechip,119551
14-05-2021,154.3309,SBI Bluechip,119551
12-05-2021,154.3311,SBI Bluechip,119551
11-05-2021,154.341,SBI Bluechip,119551
10-05-2021,154.2372,SBI Bluechip,119551
07-05-2021,154.1903,SBI Bluechip,119551
06-05-2021,154.1495,SBI Bluechip,119551
05-05-2021,154.1232,SBI Bluechip,119551
04-05-2021,154.0742,SBI Bluechip,119551
03-05-2021,154.0501,SBI Bluechip,119551
30-04-2021,153.951,SBI Bluechip,119551
29-04-2021,153.8646,SBI Bluechip,119551
28-04-2021,153.8557,SBI Bluechip,119551
27-04-2021,153.7634,SBI Bluechip,119551
26-04-2021,153.6353,SBI Bluechip,119551
23-04-2021,153.459,SBI Bluechip,119551
22-04-2021,153.3766,SBI Bluechip,119551
20-04-2021,153.322,SBI Bluechip,119551
19-04-2021,153.2788,SBI Bluechip,119551
16-04-2021,153.1445,SBI Bluechip,119551
15-04-2021,153.2182,SBI Bluechip,119551
12-04-2021,153.3259,SBI Bluechip,119551
09-04-2021,153.2609,SBI Bluechip,119551
08-04-2021,153.1697,SBI Bluechip,119551
07-04-2021,153.1454,SBI Bluechip,119551
06-04-2021,153.2101,SBI Bluechip,119551
05-04-2021,153.0069,SBI Bluechip,119551
31-03-2021,152.7457,SBI Bluechip,119551
30-03-2021,152.6579,SBI Bluechip,119551
26-03-2021,152.5344,SBI Bluechip,119551
25-03-2021,152.4514,SBI Bluechip,119551
24-03-2021,152.3847,SBI Bluechip,119551
23-03-2021,152.2243,SBI Bluechip,119551
22-03-2021,151.8479,SBI Bluechip,119551
19-03-2021,151.6387,SBI Bluechip,119551
18-03-2021,151.3901,SBI Bluechip,119551
17-03-2021,151.3473,SBI Bluechip,119551
16-03-2021,151.3172,SBI Bluechip,119551
15-03-2021,151.3381,SBI Bluechip,119551
12-03-2021,151.6323,SBI Bluechip,119551
10-03-2021,151.712,SBI Bluechip,119551
09-03-2021,151.7148,SBI Bluechip,119551
08-03-2021,151.7216,SBI Bluechip,119551
05-03-2021,151.6682,SBI Bluechip,119551
04-03-2021,151.6971,SBI Bluechip,119551
03-03-2021,151.6682,SBI Bluechip,119551
02-03-2021,151.6292,SBI Bluechip,119551
01-03-2021,151.5474,SBI Bluechip,119551
26-02-2021,151.4836,SBI Bluechip,119551
25-02-2021,159.5286,SBI Bluechip,119551
24-02-2021,159.5155,SBI Bluechip,119551
23-02-2021,159.4945,SBI Bluechip,119551
22-02-2021,159.5796,SBI Bluechip,119551
18-02-2021,159.7964,SBI Bluechip,119551
17-02-2021,159.8489,SBI Bluechip,119551
16-02-2021,159.8868,SBI Bluechip,119551
15-02-2021,159.817,SBI Bluechip,119551
12-02-2021,159.745,SBI Bluechip,119551
11-02-2021,159.676,SBI Bluechip,119551
10-02-2021,159.5324,SBI Bluechip,119551
09-02-2021,159.5233,SBI Bluechip,119551
08-02-2021,159.6672,SBI Bluechip,119551
05-02-2021,159.5631,SBI Bluechip,119551
04-02-2021,159.7473,SBI Bluechip,119551
03-02-2021,159.7469,SBI Bluechip,119551
02-02-2021,159.6745,SBI Bluechip,119551
01-02-2021,160.0612,SBI Bluechip,119551
29-01-2021,160.5977,SBI Bluechip,119551
28-01-2021,160.5833,SBI Bluechip,119551
27-01-2021,160.5509,SBI Bluechip,119551
25-01-2021,160.5232,SBI Bluechip,119551
22-01-2021,160.4748,SBI Bluechip,119551
21-01-2021,160.5205,SBI Bluechip,119551
20-01-2021,160.4846,SBI Bluechip,119551
19-01-2021,160.3918,SBI Bluechip,119551
18-01-2021,160.3776,SBI Bluechip,119551
15-01-2021,160.6112,SBI Bluechip,119551
14-01-2021,160.6885,SBI Bluechip,119551
13-01-2021,160.9046,SBI Bluechip,119551
12-01-2021,160.9495,SBI Bluechip,119551
11-01-2021,161.1259,SBI Bluechip,119551
08-01-2021,161.3775,SBI Bluechip,119551
07-01-2021,161.2821,SBI Bluechip,119551
06-01-2021,161.2295,SBI Bluechip,119551
05-01-2021,161.2313,SBI Bluechip,119551
04-01-2021,161.0439,SBI Bluechip,119551
01-01-2021,160.8997,SBI Bluechip,119551
31-12-2020,160.8071,SBI Bluechip,119551
30-12-2020,160.7819,SBI Bluechip,119551
29-12-2020,160.7133,SBI Bluechip,119551
28-12-2020,160.6676,SBI Bluechip,119551
24-12-2020,160.516,SBI Bluechip,119551
23-12-2020,160.4658,SBI Bluechip,119551
22-12-2020,160.403,SBI Bluechip,119551
21-12-2020,160.3923,SBI Bluechip,119551
18-12-2020,160.4386,SBI Bluechip,119551
17-12-2020,160.4015,SBI Bluechip,119551
16-12-2020,160.3832,SBI Bluechip,119551
15-12-2020,160.3865,SBI Bluechip,119551
14-12-2020,160.3316,SBI Bluechip,119551
11-12-2020,160.2922,SBI Bluechip,119551
10-12-2020,160.344,SBI Bluechip,119551
09-12-2020,160.3147,SBI Bluechip,119551
08-12-2020,160.3514,SBI Bluechip,119551
07-12-2020,160.3502,SBI Bluechip,119551
04-12-2020,160.3103,SBI Bluechip,119551
03-12-2020,160.1281,SBI Bluechip,119551
02-12-2020,160.1204,SBI Bluechip,119551
01-12-2020,160.2519,SBI Bluechip,119551
27-11-2020,160.2778,SBI Bluechip,119551
26-11-2020,160.2708,SBI Bluechip,119551
25-11-2020,160.1039,SBI Bluechip,119551
24-11-2020,159.983,SBI Bluechip,119551
23-11-2020,159.9304,SBI Bluechip,119551
20-11-2020,159.8527,SBI Bluechip,119551
19-11-2020,159.7636,SBI Bluechip,119551
18-11-2020,159.5898,SBI Bluechip,119551
17-11-2020,159.5333,SBI Bluechip,119551
13-11-2020,159.4146,SBI Bluechip,119551
12-11-2020,159.3624,SBI Bluechip,119551
11-11-2020,159.2531,SBI Bluechip,119551
10-11-2020,159.229,SBI Bluechip,119551
09-11-2020,159.2568,SBI Bluechip,119551
06-11-2020,159.2468,SBI Bluechip,119551
05-11-2020,159.1355,SBI Bluechip,119551
04-11-2020,158.9374,SBI Bluechip,119551
03-11-2020,158.9366,SBI Bluechip,119551
02-11-2020,158.9295,SBI Bluechip,119551
29-10-2020,158.8367,SBI Bluechip,119551
28-10-2020,158.857,SBI Bluechip,119551
27-10-2020,158.8713,SBI Bluechip,119551
26-10-2020,158.8975,SBI Bluechip,119551
23-10-2020,158.6936,SBI Bluechip,119551
22-10-2020,158.5705,SBI Bluechip,119551
21-10-2020,158.5983,SBI Bluechip,119551
20-10-2020,158.5896,SBI Bluechip,119551
19-10-2020,158.4601,SBI Bluechip,119551
16-10-2020,158.3327,SBI Bluechip,119551
15-10-2020,158.3381,SBI Bluechip,119551
14-10-2020,158.1982,SBI Bluechip,119551
13-10-2020,158.0762,SBI Bluechip,119551
12-10-2020,157.882,SBI Bluechip,119551
09-10-2020,157.7498,SBI Bluechip,119551
08-10-2020,157.086,SBI Bluechip,119551
07-10-2020,156.9459,SBI Bluechip,119551
06-10-2020,156.8394,SBI Bluechip,119551
05-10-2020,156.763,SBI Bluechip,119551
01-10-2020,156.6388,SBI Bluechip,119551
30-09-2020,156.4483,SBI Bluechip,119551
29-09-2020,156.3187,SBI Bluechip,119551
28-09-2020,156.3511,SBI Bluechip,119551
25-09-2020,156.3293,SBI Bluechip,119551
24-09-2020,156.37,SBI Bluechip,119551
23-09-2020,156.4026,SBI Bluechip,119551
22-09-2020,156.3459,SBI Bluechip,119551
21-09-2020,156.2995,SBI Bluechip,119551
18-09-2020,156.2039,SBI Bluechip,119551
17-09-2020,156.1649,SBI Bluechip,119551
16-09-2020,156.1146,SBI Bluechip,119551
15-09-2020,156.0004,SBI Bluechip,119551
14-09-2020,156.1284,SBI Bluechip,119551
11-09-2020,156.1152,SBI Bluechip,119551
10-09-2020,156.1513,SBI Bluechip,119551
09-09-2020,156.2123,SBI Bluechip,119551
08-09-2020,156.1916,SBI Bluechip,119551
07-09-2020,156.5535,SBI Bluechip,119551
04-09-2020,156.774,SBI Bluechip,119551
03-09-2020,156.7417,SBI Bluechip,119551
02-09-2020,156.5163,SBI Bluechip,119551
01-09-2020,156.4621,SBI Bluechip,119551
31-08-2020,155.7972,SBI Bluechip,119551
28-08-2020,155.1542,SBI Bluechip,119551
27-08-2020,155.293,SBI Bluechip,119551
26-08-2020,155.3989,SBI Bluechip,119551
25-08-2020,155.4841,SBI Bluechip,119551
24-08-2020,155.3393,SBI Bluechip,119551
21-08-2020,155.6426,SBI Bluechip,119551
20-08-2020,156.1183,SBI Bluechip,119551
19-08-2020,156.0408,SBI Bluechip,119551
18-08-2020,156.0848,SBI Bluechip,119551
17-08-2020,156.1178,SBI Bluechip,119551
14-08-2020,156.1109,SBI Bluechip,119551
13-08-2020,156.2204,SBI Bluechip,119551
12-08-2020,156.1023,SBI Bluechip,119551
11-08-2020,156.1703,SBI Bluechip,119551
10-08-2020,156.1579,SBI Bluechip,119551
07-08-2020,156.1963,SBI Bluechip,119551
06-08-2020,156.273,SBI Bluechip,119551
05-08-2020,156.4515,SBI Bluechip,119551
04-08-2020,156.4151,SBI Bluechip,119551
03-08-2020,156.3569,SBI Bluechip,119551
31-07-2020,156.2908,SBI Bluechip,119551
30-07-2020,156.1385,SBI Bluechip,119551
29-07-2020,156.0698,SBI Bluechip,119551
28-07-2020,156.0234,SBI Bluechip,119551
27-07-2020,156.1419,SBI Bluechip,119551
24-07-2020,156.2363,SBI Bluechip,119551
23-07-2020,156.2261,SBI Bluechip,119551
22-07-2020,156.1462,SBI Bluechip,119551
21-07-2020,156.218,SBI Bluechip,119551
20-07-2020,156.312,SBI Bluechip,119551
17-07-2020,156.2261,SBI Bluechip,119551
16-07-2020,156.1683,SBI Bluechip,119551
15-07-2020,156.1332,SBI Bluechip,119551
14-07-2020,155.9369,SBI Bluechip,119551
13-07-2020,156.0307,SBI Bluechip,119551
10-07-2020,155.929,SBI Bluechip,119551
09-07-2020,155.6112,SBI Bluechip,119551
08-07-2020,155.4959,SBI Bluechip,119551
07-07-2020,155.2208,SBI Bluechip,119551
06-07-2020,154.9799,SBI Bluechip,119551
03-07-2020,154.7628,SBI Bluechip,119551
02-07-2020,154.6381,SBI Bluechip,119551
01-07-2020,154.4707,SBI Bluechip,119551
30-06-2020,154.3407,SBI Bluechip,119551
29-06-2020,154.1954,SBI Bluechip,119551
26-06-2020,154.0384,SBI Bluechip,119551
25-06-2020,153.8658,SBI Bluechip,119551
24-06-2020,153.6871,SBI Bluechip,119551
23-06-2020,153.6661,SBI Bluechip,119551
22-06-2020,153.438,SBI Bluechip,119551
19-06-2020,153.2792,SBI Bluechip,119551
18-06-2020,152.9942,SBI Bluechip,119551
17-06-2020,152.6873,SBI Bluechip,119551
16-06-2020,152.463,SBI Bluechip,119551
15-06-2020,152.2922,SBI Bluechip,119551
12-06-2020,152.1202,SBI Bluechip,119551
11-06-2020,152.0797,SBI Bluechip,119551
10-06-2020,151.9285,SBI Bluechip,119551
09-06-2020,151.8323,SBI Bluechip,119551
08-06-2020,151.7545,SBI Bluechip,119551
05-06-2020,151.7947,SBI Bluechip,119551
04-06-2020,151.7144,SBI Bluechip,119551
03-06-2020,151.7291,SBI Bluechip,119551
02-06-2020,151.5887,SBI Bluechip,119551
01-06-2020,151.7027,SBI Bluechip,119551
29-05-2020,151.8458,SBI Bluechip,119551
28-05-2020,151.8499,SBI Bluechip,119551
27-05-2020,151.8831,SBI Bluechip,119551
26-05-2020,151.9123,SBI Bluechip,119551
22-05-2020,151.835,SBI Bluechip,119551
21-05-2020,151.1568,SBI Bluechip,119551
20-05-2020,151.0347,SBI Bluechip,119551
19-05-2020,150.8998,SBI Bluechip,119551
18-05-2020,150.7375,SBI Bluechip,119551
15-05-2020,150.5483,SBI Bluechip,119551
14-05-2020,150.5497,SBI Bluechip,119551
13-05-2020,150.1633,SBI Bluechip,119551
12-05-2020,149.9687,SBI Bluechip,119551
11-05-2020,149.6699,SBI Bluechip,119551
08-05-2020,150.1326,SBI Bluechip,119551
06-05-2020,149.8549,SBI Bluechip,119551
05-05-2020,149.4229,SBI Bluechip,119551
04-05-2020,149.0855,SBI Bluechip,119551
30-04-2020,148.6556,SBI Bluechip,119551
29-04-2020,148.549,SBI Bluechip,119551
28-04-2020,148.5148,SBI Bluechip,119551
27-04-2020,148.6922,SBI Bluechip,119551
24-04-2020,148.6647,SBI Bluechip,119551
23-04-2020,149.5527,SBI Bluechip,119551
22-04-2020,149.0793,SBI Bluechip,119551
21-04-2020,149.0212,SBI Bluechip,119551
20-04-2020,148.7201,SBI Bluechip,119551
17-04-2020,147.947,SBI Bluechip,119551
16-04-2020,147.1239,SBI Bluechip,119551
15-04-2020,146.8633,SBI Bluechip,119551
13-04-2020,146.5785,SBI Bluechip,119551
09-04-2020,146.4196,SBI Bluechip,119551
08-04-2020,146.4112,SBI Bluechip,119551
07-04-2020,147.1769,SBI Bluechip,119551
03-04-2020,147.8815,SBI Bluechip,119551
31-03-2020,148.1709,SBI Bluechip,119551
30-03-2020,147.6988,SBI Bluechip,119551
27-03-2020,147.851,SBI Bluechip,119551
26-03-2020,144.1796,SBI Bluechip,119551
24-03-2020,143.8304,SBI Bluechip,119551
23-03-2020,143.7194,SBI Bluechip,119551
20-03-2020,144.6272,SBI Bluechip,119551
19-03-2020,143.9765,SBI Bluechip,119551
18-03-2020,145.1779,SBI Bluechip,119551
17-03-2020,145.7796,SBI Bluechip,119551
16-03-2020,146.3857,SBI Bluechip,119551
13-03-2020,146.4248,SBI Bluechip,119551
12-03-2020,147.1302,SBI Bluechip,119551
11-03-2020,147.9299,SBI Bluechip,119551
09-03-2020,148.1911,SBI Bluechip,119551
06-03-2020,148.22,SBI Bluechip,119551
05-03-2020,148.039,SBI Bluechip,119551
04-03-2020,148.0648,SBI Bluechip,119551
03-03-2020,147.6457,SBI Bluechip,119551
02-03-2020,147.6198,SBI Bluechip,119551
28-02-2020,147.542,SBI Bluechip,119551
27-02-2020,147.6783,SBI Bluechip,119551
26-02-2020,147.7681,SBI Bluechip,119551
25-02-2020,157.0423,SBI Bluechip,119551
24-02-2020,157.1105,SBI Bluechip,119551
20-02-2020,156.9353,SBI Bluechip,119551
18-02-2020,156.9444,SBI Bluechip,119551
17-02-2020,157.0124,SBI Bluechip,119551
14-02-2020,156.828,SBI Bluechip,119551
13-02-2020,156.7233,SBI Bluechip,119551
12-02-2020,156.5516,SBI Bluechip,119551
11-02-2020,156.5581,SBI Bluechip,119551
10-02-2020,156.5138,SBI Bluechip,119551
07-02-2020,156.3627,SBI Bluechip,119551
06-02-2020,155.9182,SBI Bluechip,119551
05-02-2020,155.3768,SBI Bluechip,119551
04-02-2020,155.3587,SBI Bluechip,119551
03-02-2020,155.2432,SBI Bluechip,119551
31-01-2020,154.9392,SBI Bluechip,119551
30-01-2020,154.9146,SBI Bluechip,119551
29-01-2020,154.8904,SBI Bluechip,119551
28-01-2020,154.9202,SBI Bluechip,119551
27-01-2020,154.8703,SBI Bluechip,119551
24-01-2020,154.749,SBI Bluechip,119551
23-01-2020,154.6714,SBI Bluechip,119551
22-01-2020,154.5903,SBI Bluechip,119551
21-01-2020,154.4776,SBI Bluechip,119551
20-01-2020,154.4228,SBI Bluechip,119551
17-01-2020,154.3249,SBI Bluechip,119551
16-01-2020,154.2713,SBI Bluechip,119551
15-01-2020,154.1889,SBI Bluechip,119551
14-01-2020,154.1151,SBI Bluechip,119551
13-01-2020,154.2362,SBI Bluechip,119551
10-01-2020,154.1672,SBI Bluechip,119551
09-01-2020,154.2202,SBI Bluechip,119551
08-01-2020,154.127,SBI Bluechip,119551
07-01-2020,154.0751,SBI Bluechip,119551
06-01-2020,154.0036,SBI Bluechip,119551
03-01-2020,154.0323,SBI Bluechip,119551
02-01-2020,153.8742,SBI Bluechip,119551
01-01-2020,153.8193,SBI Bluechip,119551
31-12-2019,153.7054,SBI Bluechip,119551
30-12-2019,153.701,SBI Bluechip,119551
27-12-2019,153.6346,SBI Bluechip,119551
26-12-2019,153.5576,SBI Bluechip,119551
24-12-2019,153.5626,SBI Bluechip,119551
23-12-2019,153.5537,SBI Bluechip,119551
20-12-2019,153.4572,SBI Bluechip,119551
19-12-2019,153.1526,SBI Bluechip,119551
18-12-2019,153.1337,SBI Bluechip,119551
17-12-2019,153.0346,SBI Bluechip,119551
16-12-2019,152.9814,SBI Bluechip,119551
13-12-2019,152.8576,SBI Bluechip,119551
12-12-2019,152.9682,SBI Bluechip,119551
11-12-2019,152.9832,SBI Bluechip,119551
10-12-2019,153.0738,SBI Bluechip,119551
09-12-2019,153.1183,SBI Bluechip,119551
06-12-2019,153.1405,SBI Bluechip,119551
05-12-2019,153.2483,SBI Bluechip,119551
04-12-2019,153.7405,SBI Bluechip,119551
03-12-2019,153.6259,SBI Bluechip,119551
02-12-2019,153.6046,SBI Bluechip,119551
29-11-2019,153.5381,SBI Bluechip,119551
28-11-2019,153.4934,SBI Bluechip,119551
27-11-2019,153.3903,SBI Bluechip,119551
26-11-2019,153.3485,SBI Bluechip,119551
25-11-2019,153.296,SBI Bluechip,119551
22-11-2019,153.1436,SBI Bluechip,119551
21-11-2019,153.0927,SBI Bluechip,119551
20-11-2019,153.0708,SBI Bluechip,119551
19-11-2019,152.9853,SBI Bluechip,119551
18-11-2019,152.9316,SBI Bluechip,119551
15-11-2019,152.7979,SBI Bluechip,119551
14-11-2019,152.6957,SBI Bluechip,119551
13-11-2019,152.5581,SBI Bluechip,119551
11-11-2019,152.4214,SBI Bluechip,119551
08-11-2019,152.3985,SBI Bluechip,119551
07-11-2019,152.4911,SBI Bluechip,119551
06-11-2019,152.4607,SBI Bluechip,119551
05-11-2019,152.4692,SBI Bluechip,119551
04-11-2019,152.4901,SBI Bluechip,119551
01-11-2019,152.4285,SBI Bluechip,119551
31-10-2019,152.3324,SBI Bluechip,119551
30-10-2019,152.1072,SBI Bluechip,119551
29-10-2019,151.965,SBI Bluechip,119551
25-10-2019,151.8433,SBI Bluechip,119551
24-10-2019,151.7896,SBI Bluechip,119551
23-10-2019,151.6974,SBI Bluechip,119551
22-10-2019,151.5632,SBI Bluechip,119551
18-10-2019,151.4029,SBI Bluechip,119551
17-10-2019,151.266,SBI Bluechip,119551
16-10-2019,151.2289,SBI Bluechip,119551
15-10-2019,151.1294,SBI Bluechip,119551
14-10-2019,151.0676,SBI Bluechip,119551
11-10-2019,150.938,SBI Bluechip,119551
10-10-2019,150.8965,SBI Bluechip,119551
09-10-2019,150.861,SBI Bluechip,119551
07-10-2019,150.8064,SBI Bluechip,119551
04-10-2019,150.7287,SBI Bluechip,119551
03-10-2019,150.7936,SBI Bluechip,119551
01-10-2019,150.5812,SBI Bluechip,119551
30-09-2019,150.4539,SBI Bluechip,119551
27-09-2019,150.2231,SBI Bluechip,119551
26-09-2019,150.2039,SBI Bluechip,119551
25-09-2019,150.1731,SBI Bluechip,119551
24-09-2019,150.1503,SBI Bluechip,119551
23-09-2019,150.1778,SBI Bluechip,119551
20-09-2019,150.0993,SBI Bluechip,119551
19-09-2019,150.6828,SBI Bluechip,119551
18-09-2019,150.6191,SBI Bluechip,119551
17-09-2019,150.3688,SBI Bluechip,119551
16-09-2019,150.4476,SBI Bluechip,119551
13-09-2019,150.4937,SBI Bluechip,119551
12-09-2019,150.3828,SBI Bluechip,119551
11-09-2019,150.4797,SBI Bluechip,119551
09-09-2019,150.5778,SBI Bluechip,119551
06-09-2019,150.3414,SBI Bluechip,119551
05-09-2019,150.4076,SBI Bluechip,119551
04-09-2019,150.4906,SBI Bluechip,119551
03-09-2019,150.4088,SBI Bluechip,119551
30-08-2019,150.1076,SBI Bluechip,119551
29-08-2019,150.0625,SBI Bluechip,119551
28-08-2019,150.1914,SBI Bluechip,119551
27-08-2019,150.2496,SBI Bluechip,119551
26-08-2019,150.2418,SBI Bluechip,119551
23-08-2019,149.9347,SBI Bluechip,119551
22-08-2019,149.8404,SBI Bluechip,119551
21-08-2019,149.6765,SBI Bluechip,119551
20-08-2019,149.4864,SBI Bluechip,119551
19-08-2019,149.373,SBI Bluechip,119551
16-08-2019,149.3311,SBI Bluechip,119551
14-08-2019,149.0809,SBI Bluechip,119551
13-08-2019,149.4511,SBI Bluechip,119551
09-08-2019,149.4248,SBI Bluechip,119551
08-08-2019,149.6843,SBI Bluechip,119551
07-08-2019,149.5577,SBI Bluechip,119551
06-08-2019,149.4147,SBI Bluechip,119551
05-08-2019,149.2155,SBI Bluechip,119551
02-08-2019,149.3724,SBI Bluechip,119551
01-08-2019,149.0367,SBI Bluechip,119551
31-07-2019,149.0512,SBI Bluechip,119551
30-07-2019,148.892,SBI Bluechip,119551
29-07-2019,148.7487,SBI Bluechip,119551
26-07-2019,148.3704,SBI Bluechip,119551
25-07-2019,148.3413,SBI Bluechip,119551
24-07-2019,148.6858,SBI Bluechip,119551
23-07-2019,148.6097,SBI Bluechip,119551
22-07-2019,148.7174,SBI Bluechip,119551
19-07-2019,148.8542,SBI Bluechip,119551
18-07-2019,148.8109,SBI Bluechip,119551
17-07-2019,148.8778,SBI Bluechip,119551
16-07-2019,148.9102,SBI Bluechip,119551
15-07-2019,148.5678,SBI Bluechip,119551
12-07-2019,148.2944,SBI Bluechip,119551
11-07-2019,148.2166,SBI Bluechip,119551
10-07-2019,148.0034,SBI Bluechip,119551
09-07-2019,147.8228,SBI Bluechip,119551
08-07-2019,147.8277,SBI Bluechip,119551
05-07-2019,147.2972,SBI Bluechip,119551
04-07-2019,146.9134,SBI Bluechip,119551
03-07-2019,146.678,SBI Bluechip,119551
02-07-2019,146.4817,SBI Bluechip,119551
01-07-2019,146.3903,SBI Bluechip,119551
28-06-2019,146.3797,SBI Bluechip,119551
27-06-2019,146.3061,SBI Bluechip,119551
26-06-2019,146.2151,SBI Bluechip,119551
25-06-2019,146.3663,SBI Bluechip,119551
24-06-2019,146.4771,SBI Bluechip,119551
21-06-2019,146.4745,SBI Bluechip,119551
20-06-2019,146.6796,SBI Bluechip,119551
19-06-2019,146.5025,SBI Bluechip,119551
18-06-2019,146.4654,SBI Bluechip,119551
17-06-2019,146.1223,SBI Bluechip,119551
14-06-2019,146.087,SBI Bluechip,119551
13-06-2019,145.8517,SBI Bluechip,119551
12-06-2019,145.775,SBI Bluechip,119551
11-06-2019,145.6404,SBI Bluechip,119551
10-06-2019,145.5955,SBI Bluechip,119551
07-06-2019,145.8035,SBI Bluechip,119551
06-06-2019,146.0295,SBI Bluechip,119551
04-06-2019,145.6843,SBI Bluechip,119551
03-06-2019,145.7548,SBI Bluechip,119551
31-05-2019,145.5041,SBI Bluechip,119551
30-05-2019,145.1312,SBI Bluechip,119551
29-05-2019,145.1587,SBI Bluechip,119551
28-05-2019,145.1418,SBI Bluechip,119551
27-05-2019,145.0011,SBI Bluechip,119551
24-05-2019,144.51,SBI Bluechip,119551
23-05-2019,144.3538,SBI Bluechip,119551
22-05-2019,144.0646,SBI Bluechip,119551
21-05-2019,144.0003,SBI Bluechip,119551
20-05-2019,143.9976,SBI Bluechip,119551
17-05-2019,143.6887,SBI Bluechip,119551
16-05-2019,143.5546,SBI Bluechip,119551
15-05-2019,143.5038,SBI Bluechip,119551
14-05-2019,143.4783,SBI Bluechip,119551
13-05-2019,143.3346,SBI Bluechip,119551
10-05-2019,143.2079,SBI Bluechip,119551
09-05-2019,143.18,SBI Bluechip,119551
08-05-2019,143.1504,SBI Bluechip,119551
07-05-2019,143.0787,SBI Bluechip,119551
06-05-2019,143.0201,SBI Bluechip,119551
03-05-2019,142.9162,SBI Bluechip,119551
02-05-2019,142.9669,SBI Bluechip,119551
30-04-2019,142.9462,SBI Bluechip,119551
26-04-2019,142.8116,SBI Bluechip,119551
25-04-2019,142.7254,SBI Bluechip,119551
24-04-2019,142.817,SBI Bluechip,119551
23-04-2019,142.717,SBI Bluechip,119551
22-04-2019,142.7099,SBI Bluechip,119551
18-04-2019,142.8003,SBI Bluechip,119551
16-04-2019,142.7755,SBI Bluechip,119551
15-04-2019,142.7628,SBI Bluechip,119551
12-04-2019,142.8054,SBI Bluechip,119551
11-04-2019,142.8471,SBI Bluechip,119551
10-04-2019,142.9046,SBI Bluechip,119551
09-04-2019,142.8298,SBI Bluechip,119551
08-04-2019,142.8229,SBI Bluechip,119551
05-04-2019,142.9577,SBI Bluechip,119551
04-04-2019,143.0993,SBI Bluechip,119551
03-04-2019,143.216,SBI Bluechip,119551
02-04-2019,143.2454,SBI Bluechip,119551
29-03-2019,142.8143,SBI Bluechip,119551
28-03-2019,142.444,SBI Bluechip,119551
27-03-2019,142.4266,SBI Bluechip,119551
26-03-2019,142.4063,SBI Bluechip,119551
25-03-2019,142.4171,SBI Bluechip,119551
22-03-2019,152.9006,SBI Bluechip,119551
20-03-2019,152.7699,SBI Bluechip,119551
19-03-2019,152.7005,SBI Bluechip,119551
18-03-2019,152.7412,SBI Bluechip,119551
15-03-2019,152.5838,SBI Bluechip,119551
14-03-2019,152.4552,SBI Bluechip,119551
13-03-2019,152.2831,SBI Bluechip,119551
12-03-2019,152.2662,SBI Bluechip,119551
11-03-2019,152.1524,SBI Bluechip,119551
08-03-2019,151.9735,SBI Bluechip,119551
07-03-2019,151.8551,SBI Bluechip,119551
06-03-2019,151.7285,SBI Bluechip,119551
05-03-2019,151.6357,SBI Bluechip,119551
01-03-2019,151.443,SBI Bluechip,119551
28-02-2019,151.357,SBI Bluechip,119551
27-02-2019,151.2991,SBI Bluechip,119551
26-02-2019,151.362,SBI Bluechip,119551
25-02-2019,151.3599,SBI Bluechip,119551
22-02-2019,151.2599,SBI Bluechip,119551
21-02-2019,151.2293,SBI Bluechip,119551
20-02-2019,151.2149,SBI Bluechip,119551
18-02-2019,151.131,SBI Bluechip,119551
15-02-2019,151.1932,SBI Bluechip,119551
14-02-2019,151.2698,SBI Bluechip,119551
13-02-2019,151.3451,SBI Bluechip,119551
12-02-2019,151.05,SBI Bluechip,119551
11-02-2019,151.0908,SBI Bluechip,119551
08-02-2019,151.009,SBI Bluechip,119551
07-02-2019,150.9077,SBI Bluechip,119551
06-02-2019,150.6666,SBI Bluechip,119551
05-02-2019,150.5966,SBI Bluechip,119551
04-02-2019,150.5633,SBI Bluechip,119551
01-02-2019,150.5492,SBI Bluechip,119551
31-01-2019,150.7049,SBI Bluechip,119551
30-01-2019,150.6693,SBI Bluechip,119551
29-01-2019,150.6845,SBI Bluechip,119551
28-01-2019,150.6576,SBI Bluechip,119551
25-01-2019,150.5547,SBI Bluechip,119551
24-01-2019,150.5348,SBI Bluechip,119551
23-01-2019,150.5101,SBI Bluechip,119551
22-01-2019,150.5028,SBI Bluechip,119551
21-01-2019,150.3954,SBI Bluechip,119551
18-01-2019,150.4759,SBI Bluechip,119551
17-01-2019,150.4768,SBI Bluechip,119551
16-01-2019,150.4555,SBI Bluechip,119551
15-01-2019,150.4854,SBI Bluechip,119551
14-01-2019,150.456,SBI Bluechip,119551
11-01-2019,150.2791,SBI Bluechip,119551
10-01-2019,150.1803,SBI Bluechip,119551
09-01-2019,150.1373,SBI Bluechip,119551
08-01-2019,150.0955,SBI Bluechip,119551
07-01-2019,149.9279,SBI Bluechip,119551
04-01-2019,149.8954,SBI Bluechip,119551
03-01-2019,149.8859,SBI Bluechip,119551
02-01-2019,149.9431,SBI Bluechip,119551
01-01-2019,149.8452,SBI Bluechip,119551
31-12-2018,149.9206,SBI Bluechip,119551
28-12-2018,149.7844,SBI Bluechip,119551
27-12-2018,149.9247,SBI Bluechip,119551
26-12-2018,149.8596,SBI Bluechip,119551
24-12-2018,149.6544,SBI Bluechip,119551
21-12-2018,149.563,SBI Bluechip,119551
20-12-2018,149.5464,SBI Bluechip,119551
19-12-2018,149.5278,SBI Bluechip,119551
18-12-2018,149.195,SBI Bluechip,119551
17-12-2018,149.0283,SBI Bluechip,119551
14-12-2018,148.9564,SBI Bluechip,119551
13-12-2018,149.0154,SBI Bluechip,119551
12-12-2018,149.0278,SBI Bluechip,119551
11-12-2018,148.8009,SBI Bluechip,119551
10-12-2018,148.7642,SBI Bluechip,119551
07-12-2018,149.0015,SBI Bluechip,119551
06-12-2018,149.0535,SBI Bluechip,119551
05-12-2018,148.846,SBI Bluechip,119551
04-12-2018,148.5429,SBI Bluechip,119551
03-12-2018,148.4128,SBI Bluechip,119551
30-11-2018,148.3579,SBI Bluechip,119551
29-11-2018,148.2735,SBI Bluechip,119551
28-11-2018,148.1433,SBI Bluechip,119551
27-11-2018,147.9633,SBI Bluechip,119551
26-11-2018,147.9388,SBI Bluechip,119551
22-11-2018,147.8603,SBI Bluechip,119551
20-11-2018,147.635,SBI Bluechip,119551
19-11-2018,147.5923,SBI Bluechip,119551
16-11-2018,147.4611,SBI Bluechip,119551
15-11-2018,147.5302,SBI Bluechip,119551
14-11-2018,147.492,SBI Bluechip,119551
13-11-2018,147.3771,SBI Bluechip,119551
12-11-2018,147.2561,SBI Bluechip,119551
09-11-2018,147.2208,SBI Bluechip,119551
06-11-2018,147.0712,SBI Bluechip,119551
05-11-2018,147.0216,SBI Bluechip,119551
02-11-2018,146.9597,SBI Bluechip,119551
01-11-2018,146.8128,SBI Bluechip,119551
31-10-2018,146.7339,SBI Bluechip,119551
30-10-2018,146.7452,SBI Bluechip,119551
29-10-2018,146.7445,SBI Bluechip,119551
26-10-2018,146.59,SBI Bluechip,119551
25-10-2018,146.6004,SBI Bluechip,119551
24-10-2018,146.6004,SBI Bluechip,119551
23-10-2018,146.5481,SBI Bluechip,119551
22-10-2018,146.5009,SBI Bluechip,119551
19-10-2018,146.4328,SBI Bluechip,119551
17-10-2018,146.3738,SBI Bluechip,119551
16-10-2018,146.3846,SBI Bluechip,119551
15-10-2018,146.2801,SBI Bluechip,119551
12-10-2018,146.0817,SBI Bluechip,119551
11-10-2018,146.0455,SBI Bluechip,119551
10-10-2018,145.9908,SBI Bluechip,119551
09-10-2018,145.9393,SBI Bluechip,119551
08-10-2018,146.0791,SBI Bluechip,119551
05-10-2018,145.947,SBI Bluechip,119551
04-10-2018,145.5923,SBI Bluechip,119551
03-10-2018,145.7273,SBI Bluechip,119551
01-10-2018,145.82,SBI Bluechip,119551
28-09-2018,145.6347,SBI Bluechip,119551
27-09-2018,145.5014,SBI Bluechip,119551
26-09-2018,145.1397,SBI Bluechip,119551
25-09-2018,145.0404,SBI Bluechip,119551
24-09-2018,145.129,SBI Bluechip,119551
21-09-2018,145.2703,SBI Bluechip,119551
19-09-2018,145.2511,SBI Bluechip,119551
18-09-2018,145.1769,SBI Bluechip,119551
17-09-2018,145.1591,SBI Bluechip,119551
14-09-2018,145.0718,SBI Bluechip,119551
12-09-2018,144.9921,SBI Bluechip,119551
11-09-2018,144.9724,SBI Bluechip,119551
10-09-2018,145.0029,SBI Bluechip,119551
07-09-2018,145.1503,SBI Bluechip,119551
06-09-2018,145.0798,SBI Bluechip,119551
05-09-2018,145.064,SBI Bluechip,119551
04-09-2018,145.091,SBI Bluechip,119551
03-09-2018,145.1981,SBI Bluechip,119551
31-08-2018,145.157,SBI Bluechip,119551
30-08-2018,145.153,SBI Bluechip,119551
29-08-2018,145.1777,SBI Bluechip,119551
28-08-2018,145.1743,SBI Bluechip,119551
27-08-2018,145.1487,SBI Bluechip,119551
24-08-2018,145.0713,SBI Bluechip,119551
23-08-2018,145.063,SBI Bluechip,119551
21-08-2018,145.0737,SBI Bluechip,119551
20-08-2018,145.0363,SBI Bluechip,119551
16-08-2018,144.8889,SBI Bluechip,119551
14-08-2018,144.8983,SBI Bluechip,119551
13-08-2018,144.8638,SBI Bluechip,119551
10-08-2018,144.8834,SBI Bluechip,119551
09-08-2018,144.8547,SBI Bluechip,119551
08-08-2018,144.7751,SBI Bluechip,119551
07-08-2018,144.736,SBI Bluechip,119551
06-08-2018,144.7287,SBI Bluechip,119551
03-08-2018,144.6829,SBI Bluechip,119551
02-08-2018,144.717,SBI Bluechip,119551
01-08-2018,144.6898,SBI Bluechip,119551
31-07-2018,144.5473,SBI Bluechip,119551
30-07-2018,144.4708,SBI Bluechip,119551
27-07-2018,144.3967,SBI Bluechip,119551
26-07-2018,144.3561,SBI Bluechip,119551
25-07-2018,144.2857,SBI Bluechip,119551
24-07-2018,144.2543,SBI Bluechip,119551
23-07-2018,144.2217,SBI Bluechip,119551
20-07-2018,144.1651,SBI Bluechip,119551
19-07-2018,144.1604,SBI Bluechip,119551
18-07-2018,144.1784,SBI Bluechip,119551
17-07-2018,144.1534,SBI Bluechip,119551
16-07-2018,144.0332,SBI Bluechip,119551
13-07-2018,143.9932,SBI Bluechip,119551
12-07-2018,143.9137,SBI Bluechip,119551
11-07-2018,143.7636,SBI Bluechip,119551
10-07-2018,143.7153,SBI Bluechip,119551
09-07-2018,143.6666,SBI Bluechip,119551
06-07-2018,143.5656,SBI Bluechip,119551
05-07-2018,143.5272,SBI Bluechip,119551
04-07-2018,143.5283,SBI Bluechip,119551
03-07-2018,143.418,SBI Bluechip,119551
02-07-2018,143.3715,SBI Bluechip,119551
29-06-2018,143.2428,SBI Bluechip,119551
28-06-2018,143.195,SBI Bluechip,119551
27-06-2018,143.2581,SBI Bluechip,119551
26-06-2018,143.3068,SBI Bluechip,119551
25-06-2018,143.2898,SBI Bluechip,119551
22-06-2018,143.2155,SBI Bluechip,119551
21-06-2018,143.2127,SBI Bluechip,119551
20-06-2018,143.0785,SBI Bluechip,119551
19-06-2018,142.9936,SBI Bluechip,119551
18-06-2018,142.9393,SBI Bluechip,119551
15-06-2018,142.7832,SBI Bluechip,119551
14-06-2018,142.6874,SBI Bluechip,119551
13-06-2018,142.5907,SBI Bluechip,119551
12-06-2018,142.4837,SBI Bluechip,119551
11-06-2018,142.4551,SBI Bluechip,119551
08-06-2018,142.4035,SBI Bluechip,119551
07-06-2018,142.2812,SBI Bluechip,119551
06-06-2018,142.3972,SBI Bluechip,119551
05-06-2018,142.4665,SBI Bluechip,119551
04-06-2018,142.3998,SBI Bluechip,119551
01-06-2018,142.3674,SBI Bluechip,119551
31-05-2018,142.42,SBI Bluechip,119551
30-05-2018,142.5296,SBI Bluechip,119551
29-05-2018,142.4726,SBI Bluechip,119551
28-05-2018,142.4224,SBI Bluechip,119551
25-05-2018,142.2487,SBI Bluechip,119551
24-05-2018,142.1165,SBI Bluechip,119551
23-05-2018,142.1357,SBI Bluechip,119551
22-05-2018,142.1472,SBI Bluechip,119551
21-05-2018,142.1174,SBI Bluechip,119551
18-05-2018,142.0857,SBI Bluechip,119551
17-05-2018,141.9005,SBI Bluechip,119551
16-05-2018,141.9575,SBI Bluechip,119551
15-05-2018,142.0914,SBI Bluechip,119551
14-05-2018,142.2398,SBI Bluechip,119551
11-05-2018,142.2857,SBI Bluechip,119551
10-05-2018,142.3077,SBI Bluechip,119551
09-05-2018,142.3563,SBI Bluechip,119551
08-05-2018,142.5187,SBI Bluechip,119551
07-05-2018,142.4808,SBI Bluechip,119551
04-05-2018,142.3165,SBI Bluechip,119551
03-05-2018,142.3179,SBI Bluechip,119551
02-05-2018,142.3015,SBI Bluechip,119551
27-04-2018,142.0784,SBI Bluechip,119551
26-04-2018,142.1109,SBI Bluechip,119551
25-04-2018,142.2185,SBI Bluechip,119551
24-04-2018,142.3569,SBI Bluechip,119551
23-04-2018,142.3797,SBI Bluechip,119551
20-04-2018,142.3818,SBI Bluechip,119551
19-04-2018,142.5817,SBI Bluechip,119551
18-04-2018,142.8035,SBI Bluechip,119551
17-04-2018,142.9028,SBI Bluechip,119551
16-04-2018,142.9083,SBI Bluechip,119551
13-04-2018,142.8596,SBI Bluechip,119551
12-04-2018,142.8123,SBI Bluechip,119551
11-04-2018,142.7892,SBI Bluechip,119551
10-04-2018,142.9838,SBI Bluechip,119551
09-04-2018,143.1851,SBI Bluechip,119551
06-04-2018,143.1533,SBI Bluechip,119551
05-04-2018,143.1275,SBI Bluechip,119551
04-04-2018,142.7382,SBI Bluechip,119551
03-04-2018,142.7428,SBI Bluechip,119551
28-03-2018,142.4392,SBI Bluechip,119551
27-03-2018,142.3556,SBI Bluechip,119551
26-03-2018,141.858,SBI Bluechip,119551
23-03-2018,141.8272,SBI Bluechip,119551
22-03-2018,141.7848,SBI Bluechip,119551
21-03-2018,141.7391,SBI Bluechip,119551
20-03-2018,141.7269,SBI Bluechip,119551
19-03-2018,141.7148,SBI Bluechip,119551
16-03-2018,141.6912,SBI Bluechip,119551
15-03-2018,141.4873,SBI Bluechip,119551
14-03-2018,141.3686,SBI Bluechip,119551
13-03-2018,141.3517,SBI Bluechip,119551
12-03-2018,141.271,SBI Bluechip,119551
09-03-2018,141.0964,SBI Bluechip,119551
08-03-2018,141.0882,SBI Bluechip,119551
07-03-2018,140.9803,SBI Bluechip,119551
06-03-2018,140.77,SBI Bluechip,119551
05-03-2018,140.7265,SBI Bluechip,119551
01-03-2018,140.6243,SBI Bluechip,119551
28-02-2018,140.6412,SBI Bluechip,119551
27-02-2018,140.649,SBI Bluechip,119551
26-02-2018,149.9922,SBI Bluechip,119551
23-02-2018,149.9491,SBI Bluechip,119551
22-02-2018,149.8158,SBI Bluechip,119551
21-02-2018,149.9303,SBI Bluechip,119551
20-02-2018,149.9696,SBI Bluechip,119551
16-02-2018,150.0015,SBI Bluechip,119551
15-02-2018,149.9765,SBI Bluechip,119551
14-02-2018,150.0741,SBI Bluechip,119551
12-02-2018,149.9962,SBI Bluechip,119551
09-02-2018,149.9118,SBI Bluechip,119551
08-02-2018,149.8999,SBI Bluechip,119551
07-02-2018,149.7571,SBI Bluechip,119551
06-02-2018,149.6109,SBI Bluechip,119551
05-02-2018,149.5419,SBI Bluechip,119551
02-02-2018,149.4766,SBI Bluechip,119551
01-02-2018,149.4309,SBI Bluechip,119551
31-01-2018,149.7354,SBI Bluechip,119551
30-01-2018,149.6944,SBI Bluechip,119551
29-01-2018,149.7264,SBI Bluechip,119551
25-01-2018,149.7498,SBI Bluechip,119551
24-01-2018,149.783,SBI Bluechip,119551
23-01-2018,149.8059,SBI Bluechip,119551
22-01-2018,149.6942,SBI Bluechip,119551
19-01-2018,149.6247,SBI Bluechip,119551
18-01-2018,149.6057,SBI Bluechip,119551
17-01-2018,149.6553,SBI Bluechip,119551
16-01-2018,149.44,SBI Bluechip,119551
15-01-2018,149.6009,SBI Bluechip,119551
12-01-2018,149.4891,SBI Bluechip,119551
11-01-2018,149.4769,SBI Bluechip,119551
10-01-2018,149.4919,SBI Bluechip,119551
09-01-2018,149.6376,SBI Bluechip,119551
08-01-2018,149.663,SBI Bluechip,119551
05-01-2018,149.6129,SBI Bluechip,119551
04-01-2018,149.4562,SBI Bluechip,119551
03-01-2018,149.5011,SBI Bluechip,119551
02-01-2018,149.4785,SBI Bluechip,119551
01-01-2018,149.4635,SBI Bluechip,119551
29-12-2017,149.4545,SBI Bluechip,119551
28-12-2017,149.1113,SBI Bluechip,119551
27-12-2017,149.3157,SBI Bluechip,119551
26-12-2017,149.2864,SBI Bluechip,119551
22-12-2017,149.2793,SBI Bluechip,119551
21-12-2017,149.3699,SBI Bluechip,119551
20-12-2017,149.4474,SBI Bluechip,119551
19-12-2017,149.559,SBI Bluechip,119551
18-12-2017,149.5292,SBI Bluechip,119551
15-12-2017,149.4853,SBI Bluechip,119551
14-12-2017,149.5076,SBI Bluechip,119551
13-12-2017,149.4922,SBI Bluechip,119551
12-12-2017,149.544,SBI Bluechip,119551
11-12-2017,149.5962,SBI Bluechip,119551
08-12-2017,149.6701,SBI Bluechip,119551
07-12-2017,149.6687,SBI Bluechip,119551
06-12-2017,149.6636,SBI Bluechip,119551
05-12-2017,149.6015,SBI Bluechip,119551
04-12-2017,149.5704,SBI Bluechip,119551
30-11-2017,149.4913,SBI Bluechip,119551
29-11-2017,149.4737,SBI Bluechip,119551
28-11-2017,149.4371,SBI Bluechip,119551
27-11-2017,149.4131,SBI Bluechip,119551
24-11-2017,149.3708,SBI Bluechip,119551
23-11-2017,149.3581,SBI Bluechip,119551
22-11-2017,149.4299,SBI Bluechip,119551
21-11-2017,149.5741,SBI Bluechip,119551
20-11-2017,149.5677,SBI Bluechip,119551
17-11-2017,149.2227,SBI Bluechip,119551
16-11-2017,149.1355,SBI Bluechip,119551
15-11-2017,149.2653,SBI Bluechip,119551
14-11-2017,149.2009,SBI Bluechip,119551
13-11-2017,149.3946,SBI Bluechip,119551
10-11-2017,149.3439,SBI Bluechip,119551
09-11-2017,149.335,SBI Bluechip,119551
08-11-2017,149.2964,SBI Bluechip,119551
07-11-2017,149.2845,SBI Bluechip,119551
06-11-2017,149.3344,SBI Bluechip,119551
03-11-2017,149.2935,SBI Bluechip,119551
02-11-2017,149.2423,SBI Bluechip,119551
01-11-2017,149.1872,SBI Bluechip,119551
31-10-2017,149.166,SBI Bluechip,119551
30-10-2017,149.1095,SBI Bluechip,119551
27-10-2017,149.116,SBI Bluechip,119551
26-10-2017,149.1089,SBI Bluechip,119551
25-10-2017,149.0757,SBI Bluechip,119551
24-10-2017,149.0872,SBI Bluechip,119551
23-10-2017,149.0299,SBI Bluechip,119551
18-10-2017,148.9933,SBI Bluechip,119551
17-10-2017,148.9725,SBI Bluechip,119551
16-10-2017,148.9557,SBI Bluechip,119551
13-10-2017,148.8495,SBI Bluechip,119551
12-10-2017,148.7248,SBI Bluechip,119551
11-10-2017,148.6958,SBI Bluechip,119551
10-10-2017,148.6506,SBI Bluechip,119551
09-10-2017,148.6113,SBI Bluechip,119551
06-10-2017,148.5744,SBI Bluechip,119551
05-10-2017,148.5783,SBI Bluechip,119551
04-10-2017,148.6351,SBI Bluechip,119551
03-10-2017,148.7205,SBI Bluechip,119551
29-09-2017,148.491,SBI Bluechip,119551
28-09-2017,148.4835,SBI Bluechip,119551
27-09-2017,148.3767,SBI Bluechip,119551
26-09-2017,148.362,SBI Bluechip,119551
25-09-2017,148.4371,SBI Bluechip,119551
22-09-2017,148.2649,SBI Bluechip,119551
21-09-2017,148.2842,SBI Bluechip,119551
20-09-2017,148.5343,SBI Bluechip,119551
19-09-2017,148.4897,SBI Bluechip,119551
18-09-2017,148.4466,SBI Bluechip,119551
15-09-2017,148.4365,SBI Bluechip,119551
14-09-2017,148.4631,SBI Bluechip,119551
13-09-2017,148.4446,SBI Bluechip,119551
12-09-2017,148.48,SBI Bluechip,119551
11-09-2017,148.5133,SBI Bluechip,119551
08-09-2017,148.4706,SBI Bluechip,119551
07-09-2017,148.4821,SBI Bluechip,119551
06-09-2017,148.4973,SBI Bluechip,119551
05-09-2017,148.4461,SBI Bluechip,119551
04-09-2017,148.4419,SBI Bluechip,119551
01-09-2017,148.359,SBI Bluechip,119551
31-08-2017,148.181,SBI Bluechip,119551
30-08-2017,148.1091,SBI Bluechip,119551
29-08-2017,148.0933,SBI Bluechip,119551
28-08-2017,148.0222,SBI Bluechip,119551
24-08-2017,147.945,SBI Bluechip,119551
23-08-2017,147.9146,SBI Bluechip,119551
22-08-2017,147.9018,SBI Bluechip,119551
21-08-2017,147.903,SBI Bluechip,119551
18-08-2017,147.8182,SBI Bluechip,119551
16-08-2017,147.7053,SBI Bluechip,119551
14-08-2017,147.7087,SBI Bluechip,119551
11-08-2017,147.6561,SBI Bluechip,119551
10-08-2017,147.6744,SBI Bluechip,119551
09-08-2017,147.7244,SBI Bluechip,119551
08-08-2017,147.7057,SBI Bluechip,119551
07-08-2017,147.6821,SBI Bluechip,119551
04-08-2017,147.6495,SBI Bluechip,119551
03-08-2017,147.6212,SBI Bluechip,119551
02-08-2017,147.3359,SBI Bluechip,119551
01-08-2017,147.2654,SBI Bluechip,119551
31-07-2017,147.1981,SBI Bluechip,119551
28-07-2017,147.1604,SBI Bluechip,119551
27-07-2017,147.1708,SBI Bluechip,119551
26-07-2017,147.0997,SBI Bluechip,119551
25-07-2017,147.1373,SBI Bluechip,119551
24-07-2017,147.1328,SBI Bluechip,119551
21-07-2017,146.9821,SBI Bluechip,119551
20-07-2017,146.8157,SBI Bluechip,119551
19-07-2017,146.7668,SBI Bluechip,119551
18-07-2017,146.6789,SBI Bluechip,119551
17-07-2017,146.6141,SBI Bluechip,119551
14-07-2017,146.4802,SBI Bluechip,119551
13-07-2017,146.4568,SBI Bluechip,119551
12-07-2017,146.3824,SBI Bluechip,119551
11-07-2017,146.3105,SBI Bluechip,119551
10-07-2017,146.2443,SBI Bluechip,119551
07-07-2017,145.9888,SBI Bluechip,119551
06-07-2017,145.9371,SBI Bluechip,119551
05-07-2017,145.8498,SBI Bluechip,119551
04-07-2017,145.7582,SBI Bluechip,119551
03-07-2017,145.6663,SBI Bluechip,119551
30-06-2017,145.8394,SBI Bluechip,119551
29-06-2017,145.8476,SBI Bluechip,119551
28-06-2017,145.8491,SBI Bluechip,119551
27-06-2017,145.9449,SBI Bluechip,119551
23-06-2017,145.8813,SBI Bluechip,119551
22-06-2017,145.8735,SBI Bluechip,119551
21-06-2017,145.8889,SBI Bluechip,119551
20-06-2017,145.8016,SBI Bluechip,119551
19-06-2017,145.7742,SBI Bluechip,119551
16-06-2017,145.6798,SBI Bluechip,119551
15-06-2017,145.6979,SBI Bluechip,119551
14-06-2017,145.6607,SBI Bluechip,119551
13-06-2017,145.6403,SBI Bluechip,119551
12-06-2017,145.5341,SBI Bluechip,119551
09-06-2017,145.4447,SBI Bluechip,119551
08-06-2017,145.3316,SBI Bluechip,119551
07-06-2017,144.9507,SBI Bluechip,119551
06-06-2017,144.5701,SBI Bluechip,119551
05-06-2017,144.5409,SBI Bluechip,119551
02-06-2017,144.495,SBI Bluechip,119551
01-06-2017,144.4377,SBI Bluechip,119551
31-05-2017,144.2526,SBI Bluechip,119551
30-05-2017,144.1695,SBI Bluechip,119551
29-05-2017,144.139,SBI Bluechip,119551
26-05-2017,144.139,SBI Bluechip,119551
25-05-2017,144.0182,SBI Bluechip,119551
24-05-2017,143.9093,SBI Bluechip,119551
23-05-2017,143.8682,SBI Bluechip,119551
22-05-2017,143.7899,SBI Bluechip,119551
19-05-2017,143.6111,SBI Bluechip,119551
18-05-2017,143.5992,SBI Bluechip,119551
17-05-2017,143.5683,SBI Bluechip,119551
16-05-2017,143.5436,SBI Bluechip,119551
15-05-2017,143.5718,SBI Bluechip,119551
12-05-2017,143.191,SBI Bluechip,119551
11-05-2017,143.0782,SBI Bluechip,119551
09-05-2017,143.0225,SBI Bluechip,119551
08-05-2017,143.0171,SBI Bluechip,119551
05-05-2017,142.8881,SBI Bluechip,119551
04-05-2017,142.781,SBI Bluechip,119551
03-05-2017,142.7804,SBI Bluechip,119551
02-05-2017,142.7261,SBI Bluechip,119551
28-04-2017,142.7091,SBI Bluechip,119551
27-04-2017,142.7118,SBI Bluechip,119551
26-04-2017,142.7088,SBI Bluechip,119551
25-04-2017,142.8376,SBI Bluechip,119551
24-04-2017,142.7063,SBI Bluechip,119551
21-04-2017,142.6345,SBI Bluechip,119551
20-04-2017,142.7991,SBI Bluechip,119551
19-04-2017,142.7966,SBI Bluechip,119551
18-04-2017,142.6525,SBI Bluechip,119551
17-04-2017,142.6317,SBI Bluechip,119551
13-04-2017,142.5844,SBI Bluechip,119551
12-04-2017,142.4196,SBI Bluechip,119551
11-04-2017,142.2557,SBI Bluechip,119551
10-04-2017,142.0721,SBI Bluechip,119551
07-04-2017,141.9749,SBI Bluechip,119551
06-04-2017,142.0344,SBI Bluechip,119551
05-04-2017,142.456,SBI Bluechip,119551
03-04-2017,142.491,SBI Bluechip,119551
31-03-2017,142.3365,SBI Bluechip,119551
30-03-2017,142.2701,SBI Bluechip,119551
29-03-2017,142.1405,SBI Bluechip,119551
27-03-2017,142.1702,SBI Bluechip,119551
24-03-2017,141.7796,SBI Bluechip,119551
23-03-2017,141.7341,SBI Bluechip,119551
22-03-2017,141.6441,SBI Bluechip,119551
21-03-2017,141.1567,SBI Bluechip,119551
20-03-2017,141.0427,SBI Bluechip,119551
17-03-2017,141.0134,SBI Bluechip,119551
16-03-2017,141.011,SBI Bluechip,119551
15-03-2017,140.8803,SBI Bluechip,119551
14-03-2017,140.4476,SBI Bluechip,119551
10-03-2017,140.3602,SBI Bluechip,119551
09-03-2017,140.5925,SBI Bluechip,119551
08-03-2017,140.6217,SBI Bluechip,119551
07-03-2017,140.6715,SBI Bluechip,119551
06-03-2017,140.7214,SBI Bluechip,119551
03-03-2017,140.8939,SBI Bluechip,119551
02-03-2017,140.6931,SBI Bluechip,119551
01-03-2017,140.6291,SBI Bluechip,119551
28-02-2017,140.8785,SBI Bluechip,119551
27-02-2017,140.8612,SBI Bluechip,119551
23-02-2017,140.656,SBI Bluechip,119551
22-02-2017,140.5482,SBI Bluechip,119551
20-02-2017,140.7201,SBI Bluechip,119551
17-02-2017,140.8544,SBI Bluechip,119551
16-02-2017,140.855,SBI Bluechip,119551
15-02-2017,140.7425,SBI Bluechip,119551
14-02-2017,140.6769,SBI Bluechip,119551
13-02-2017,140.7741,SBI Bluechip,119551
10-02-2017,140.6958,SBI Bluechip,119551
09-02-2017,140.3961,SBI Bluechip,119551
08-02-2017,141.0498,SBI Bluechip,119551
07-02-2017,142.8426,SBI Bluechip,119551
06-02-2017,142.8673,SBI Bluechip,119551
03-02-2017,142.8411,SBI Bluechip,119551
02-02-2017,142.8498,SBI Bluechip,119551
01-02-2017,142.708,SBI Bluechip,119551
31-01-2017,142.6513,SBI Bluechip,119551
30-01-2017,142.6424,SBI Bluechip,119551
27-01-2017,142.5803,SBI Bluechip,119551
25-01-2017,142.5021,SBI Bluechip,119551
24-01-2017,142.4236,SBI Bluechip,119551
23-01-2017,142.362,SBI Bluechip,119551
20-01-2017,142.294,SBI Bluechip,119551
19-01-2017,142.2584,SBI Bluechip,119551
18-01-2017,142.3467,SBI Bluechip,119551
17-01-2017,142.4058,SBI Bluechip,119551
16-01-2017,142.3247,SBI Bluechip,119551
13-01-2017,142.3455,SBI Bluechip,119551
12-01-2017,142.4383,SBI Bluechip,119551
11-01-2017,142.2559,SBI Bluechip,119551
10-01-2017,142.2226,SBI Bluechip,119551
09-01-2017,142.1957,SBI Bluechip,119551
06-01-2017,142.1645,SBI Bluechip,119551
05-01-2017,142.1662,SBI Bluechip,119551
04-01-2017,142.1884,SBI Bluechip,119551
03-01-2017,141.8637,SBI Bluechip,119551
02-01-2017,142.0128,SBI Bluechip,119551
30-12-2016,141.0653,SBI Bluechip,119551
29-12-2016,140.8539,SBI Bluechip,119551
28-12-2016,140.4799,SBI Bluechip,119551
27-12-2016,140.4635,SBI Bluechip,119551
26-12-2016,140.5763,SBI Bluechip,119551
23-12-2016,140.754,SBI Bluechip,119551
22-12-2016,140.8922,SBI Bluechip,119551
21-12-2016,141.1187,SBI Bluechip,119551
20-12-2016,141.0514,SBI Bluechip,119551
19-12-2016,140.9731,SBI Bluechip,119551
16-12-2016,140.9144,SBI Bluechip,119551
15-12-2016,140.9543,SBI Bluechip,119551
14-12-2016,141.4995,SBI Bluechip,119551
13-12-2016,141.4149,SBI Bluechip,119551
09-12-2016,141.2674,SBI Bluechip,119551
08-12-2016,141.328,SBI Bluechip,119551
07-12-2016,141.4759,SBI Bluechip,119551
06-12-2016,142.7747,SBI Bluechip,119551
05-12-2016,142.6727,SBI Bluechip,119551
02-12-2016,142.5539,SBI Bluechip,119551
01-12-2016,142.6678,SBI Bluechip,119551
30-11-2016,142.5417,SBI Bluechip,119551
29-11-2016,142.2212,SBI Bluechip,119551
28-11-2016,142.3286,SBI Bluechip,119551
25-11-2016,142.7966,SBI Bluechip,119551
24-11-2016,142.9418,SBI Bluechip,119551
23-11-2016,142.3794,SBI Bluechip,119551
22-11-2016,142.0614,SBI Bluechip,119551
21-11-2016,142.0013,SBI Bluechip,119551
18-11-2016,141.2116,SBI Bluechip,119551
17-11-2016,141.2957,SBI Bluechip,119551
16-11-2016,141.2151,SBI Bluechip,119551
15-11-2016,140.6312,SBI Bluechip,119551
11-11-2016,139.5813,SBI Bluechip,119551
10-11-2016,139.7669,SBI Bluechip,119551
09-11-2016,139.5353,SBI Bluechip,119551
08-11-2016,139.0289,SBI Bluechip,119551
07-11-2016,138.9342,SBI Bluechip,119551
04-11-2016,138.8435,SBI Bluechip,119551
03-11-2016,138.9047,SBI Bluechip,119551
02-11-2016,138.9201,SBI Bluechip,119551
01-11-2016,138.9285,SBI Bluechip,119551
28-10-2016,138.9002,SBI Bluechip,119551
27-10-2016,138.8932,SBI Bluechip,119551
26-10-2016,138.9324,SBI Bluechip,119551
25-10-2016,138.917,SBI Bluechip,119551
24-10-2016,138.9892,SBI Bluechip,119551
21-10-2016,138.9252,SBI Bluechip,119551
20-10-2016,138.92,SBI Bluechip,119551
19-10-2016,138.9686,SBI Bluechip,119551
18-10-2016,138.9771,SBI Bluechip,119551
17-10-2016,138.8696,SBI Bluechip,119551
14-10-2016,138.8584,SBI Bluechip,119551
13-10-2016,138.9711,SBI Bluechip,119551
10-10-2016,139.0035,SBI Bluechip,119551
07-10-2016,138.7764,SBI Bluechip,119551
06-10-2016,138.8924,SBI Bluechip,119551
05-10-2016,138.9268,SBI Bluechip,119551
04-10-2016,138.5007,SBI Bluechip,119551
03-10-2016,138.2415,SBI Bluechip,119551
30-09-2016,137.8665,SBI Bluechip,119551
29-09-2016,137.7307,SBI Bluechip,119551
28-09-2016,138.0284,SBI Bluechip,119551
27-09-2016,137.947,SBI Bluechip,119551
26-09-2016,137.8324,SBI Bluechip,119551
23-09-2016,137.5601,SBI Bluechip,119551
22-09-2016,137.4241,SBI Bluechip,119551
21-09-2016,137.097,SBI Bluechip,119551
20-09-2016,136.9986,SBI Bluechip,119551
19-09-2016,137.0139,SBI Bluechip,119551
16-09-2016,136.971,SBI Bluechip,119551
15-09-2016,136.8926,SBI Bluechip,119551
14-09-2016,136.8219,SBI Bluechip,119551
12-09-2016,136.85,SBI Bluechip,119551
09-09-2016,136.9063,SBI Bluechip,119551
08-09-2016,136.8589,SBI Bluechip,119551
07-09-2016,136.7979,SBI Bluechip,119551
06-09-2016,136.541,SBI Bluechip,119551
02-09-2016,136.3517,SBI Bluechip,119551
01-09-2016,136.3584,SBI Bluechip,119551
31-08-2016,136.3515,SBI Bluechip,119551
30-08-2016,136.312,SBI Bluechip,119551
29-08-2016,136.2205,SBI Bluechip,119551
26-08-2016,136.0743,SBI Bluechip,119551
25-08-2016,136.0296,SBI Bluechip,119551
24-08-2016,135.9112,SBI Bluechip,119551
23-08-2016,135.7506,SBI Bluechip,119551
22-08-2016,135.7183,SBI Bluechip,119551
19-08-2016,135.8687,SBI Bluechip,119551
18-08-2016,135.7343,SBI Bluechip,119551
16-08-2016,135.8902,SBI Bluechip,119551
12-08-2016,135.8182,SBI Bluechip,119551
11-08-2016,135.8291,SBI Bluechip,119551
10-08-2016,135.5838,SBI Bluechip,119551
09-08-2016,135.3606,SBI Bluechip,119551
08-08-2016,135.0387,SBI Bluechip,119551
05-08-2016,134.9377,SBI Bluechip,119551
04-08-2016,134.8655,SBI Bluechip,119551
03-08-2016,134.7377,SBI Bluechip,119551
02-08-2016,134.8488,SBI Bluechip,119551
01-08-2016,134.9712,SBI Bluechip,119551
29-07-2016,134.7325,SBI Bluechip,119551
28-07-2016,134.5985,SBI Bluechip,119551
27-07-2016,134.1788,SBI Bluechip,119551
26-07-2016,134.1531,SBI Bluechip,119551
25-07-2016,134.0989,SBI Bluechip,119551
22-07-2016,133.9622,SBI Bluechip,119551
21-07-2016,133.8544,SBI Bluechip,119551
20-07-2016,133.7495,SBI Bluechip,119551
19-07-2016,133.6134,SBI Bluechip,119551
18-07-2016,133.4825,SBI Bluechip,119551
15-07-2016,133.4658,SBI Bluechip,119551
14-07-2016,133.3927,SBI Bluechip,119551
13-07-2016,133.3212,SBI Bluechip,119551
12-07-2016,133.0156,SBI Bluechip,119551
11-07-2016,132.6835,SBI Bluechip,119551
08-07-2016,132.5679,SBI Bluechip,119551
07-07-2016,132.5112,SBI Bluechip,119551
05-07-2016,132.3858,SBI Bluechip,119551
04-07-2016,132.1492,SBI Bluechip,119551
01-07-2016,132.0459,SBI Bluechip,119551
30-06-2016,131.8646,SBI Bluechip,119551
29-06-2016,131.8008,SBI Bluechip,119551
28-06-2016,131.7077,SBI Bluechip,119551
27-06-2016,131.6653,SBI Bluechip,119551
24-06-2016,131.4875,SBI Bluechip,119551
23-06-2016,131.4681,SBI Bluechip,119551
22-06-2016,131.4024,SBI Bluechip,119551
21-06-2016,131.3168,SBI Bluechip,119551
20-06-2016,131.2455,SBI Bluechip,119551
17-06-2016,131.1983,SBI Bluechip,119551
16-06-2016,131.1648,SBI Bluechip,119551
15-06-2016,131.088,SBI Bluechip,119551
14-06-2016,131.0472,SBI Bluechip,119551
13-06-2016,131.0126,SBI Bluechip,119551
10-06-2016,131.0328,SBI Bluechip,119551
09-06-2016,131.006,SBI Bluechip,119551
08-06-2016,130.9713,SBI Bluechip,119551
07-06-2016,130.9498,SBI Bluechip,119551
06-06-2016,130.9418,SBI Bluechip,119551
03-06-2016,130.8097,SBI Bluechip,119551
02-06-2016,130.7746,SBI Bluechip,119551
01-06-2016,130.7344,SBI Bluechip,119551
31-05-2016,130.7549,SBI Bluechip,119551
30-05-2016,130.7441,SBI Bluechip,119551
27-05-2016,130.6615,SBI Bluechip,119551
26-05-2016,130.6326,SBI Bluechip,119551
25-05-2016,130.6325,SBI Bluechip,119551
24-05-2016,130.6043,SBI Bluechip,119551
23-05-2016,130.5755,SBI Bluechip,119551
20-05-2016,130.4614,SBI Bluechip,119551
19-05-2016,130.4821,SBI Bluechip,119551
18-05-2016,130.4225,SBI Bluechip,119551
17-05-2016,130.4413,SBI Bluechip,119551
16-05-2016,130.426,SBI Bluechip,119551
13-05-2016,130.3528,SBI Bluechip,119551
12-05-2016,130.371,SBI Bluechip,119551
11-05-2016,130.3016,SBI Bluechip,119551
10-05-2016,130.2617,SBI Bluechip,119551
09-05-2016,130.2163,SBI Bluechip,119551
06-05-2016,130.0972,SBI Bluechip,119551
05-05-2016,130.0702,SBI Bluechip,119551
04-05-2016,130.0353,SBI Bluechip,119551
03-05-2016,129.9719,SBI Bluechip,119551
02-05-2016,129.9765,SBI Bluechip,119551
29-04-2016,129.9119,SBI Bluechip,119551
28-04-2016,129.8405,SBI Bluechip,119551
27-04-2016,129.7993,SBI Bluechip,119551
26-04-2016,129.7797,SBI Bluechip,119551
25-04-2016,129.7723,SBI Bluechip,119551
22-04-2016,129.7155,SBI Bluechip,119551
21-04-2016,129.6356,SBI Bluechip,119551
20-04-2016,129.7601,SBI Bluechip,119551
18-04-2016,129.752,SBI Bluechip,119551
13-04-2016,129.5595,SBI Bluechip,119551
12-04-2016,129.6858,SBI Bluechip,119551
11-04-2016,129.6038,SBI Bluechip,119551
07-04-2016,129.3494,SBI Bluechip,119551
06-04-2016,129.1903,SBI Bluechip,119551
05-04-2016,129.0831,SBI Bluechip,119551
04-04-2016,129.038,SBI Bluechip,119551
31-03-2016,128.5789,SBI Bluechip,119551
30-03-2016,128.2653,SBI Bluechip,119551
29-03-2016,128.2341,SBI Bluechip,119551
28-03-2016,128.3103,SBI Bluechip,119551
23-03-2016,128.0675,SBI Bluechip,119551
22-03-2016,128.0579,SBI Bluechip,119551
21-03-2016,128.0543,SBI Bluechip,119551
18-03-2016,127.7673,SBI Bluechip,119551
17-03-2016,127.7124,SBI Bluechip,119551
16-03-2016,127.3719,SBI Bluechip,119551
15-03-2016,127.1887,SBI Bluechip,119551
14-03-2016,127.0352,SBI Bluechip,119551
11-03-2016,126.7653,SBI Bluechip,119551
10-03-2016,126.723,SBI Bluechip,119551
09-03-2016,126.6695,SBI Bluechip,119551
08-03-2016,126.6189,SBI Bluechip,119551
04-03-2016,126.4923,SBI Bluechip,119551
03-03-2016,126.2671,SBI Bluechip,119551
02-03-2016,126.329,SBI Bluechip,119551
01-03-2016,126.3215,SBI Bluechip,119551
29-02-2016,126.2203,SBI Bluechip,119551
26-02-2016,125.1214,SBI Bluechip,119551
25-02-2016,124.949,SBI Bluechip,119551
24-02-2016,125.2591,SBI Bluechip,119551
23-02-2016,125.3408,SBI Bluechip,119551
22-02-2016,125.6262,SBI Bluechip,119551
18-02-2016,125.6948,SBI Bluechip,119551
17-02-2016,125.6237,SBI Bluechip,119551
16-02-2016,125.7149,SBI Bluechip,119551
15-02-2016,125.8746,SBI Bluechip,119551
12-02-2016,125.9254,SBI Bluechip,119551
11-02-2016,125.9517,SBI Bluechip,119551
10-02-2016,125.9592,SBI Bluechip,119551
09-02-2016,125.937,SBI Bluechip,119551
08-02-2016,125.9596,SBI Bluechip,119551
05-02-2016,125.9207,SBI Bluechip,119551
04-02-2016,125.8428,SBI Bluechip,119551
03-02-2016,125.7466,SBI Bluechip,119551
02-02-2016,125.809,SBI Bluechip,119551
01-02-2016,125.9933,SBI Bluechip,119551
29-01-2016,125.9632,SBI Bluechip,119551
28-01-2016,125.8512,SBI Bluechip,119551
27-01-2016,125.8925,SBI Bluechip,119551
25-01-2016,125.8071,SBI Bluechip,119551
22-01-2016,125.8176,SBI Bluechip,119551
21-01-2016,125.8865,SBI Bluechip,119551
20-01-2016,125.7354,SBI Bluechip,119551
19-01-2016,125.6369,SBI Bluechip,119551
18-01-2016,125.4931,SBI Bluechip,119551
15-01-2016,125.4498,SBI Bluechip,119551
14-01-2016,125.5527,SBI Bluechip,119551
13-01-2016,125.6079,SBI Bluechip,119551
12-01-2016,125.6591,SBI Bluechip,119551
11-01-2016,125.7259,SBI Bluechip,119551
08-01-2016,125.7146,SBI Bluechip,119551
07-01-2016,125.6648,SBI Bluechip,119551
06-01-2016,125.5842,SBI Bluechip,119551
05-01-2016,125.538,SBI Bluechip,119551
04-01-2016,125.4695,SBI Bluechip,119551
01-01-2016,125.3359,SBI Bluechip,119551
31-12-2015,125.202,SBI Bluechip,119551
30-12-2015,125.18,SBI Bluechip,119551
29-12-2015,125.097,SBI Bluechip,119551
28-12-2015,125.1004,SBI Bluechip,119551
23-12-2015,125.0151,SBI Bluechip,119551
22-12-2015,124.8958,SBI Bluechip,119551
21-12-2015,124.826,SBI Bluechip,119551
18-12-2015,124.8784,SBI Bluechip,119551
17-12-2015,124.9378,SBI Bluechip,119551
16-12-2015,124.852,SBI Bluechip,119551
15-12-2015,124.6736,SBI Bluechip,119551
14-12-2015,124.6657,SBI Bluechip,119551
11-12-2015,124.7011,SBI Bluechip,119551
10-12-2015,124.6787,SBI Bluechip,119551
09-12-2015,124.6578,SBI Bluechip,119551
08-12-2015,124.6356,SBI Bluechip,119551
07-12-2015,124.7185,SBI Bluechip,119551
04-12-2015,124.672,SBI Bluechip,119551
03-12-2015,124.7928,SBI Bluechip,119551
02-12-2015,124.6293,SBI Bluechip,119551
01-12-2015,124.6288,SBI Bluechip,119551
30-11-2015,124.4419,SBI Bluechip,119551
27-11-2015,124.423,SBI Bluechip,119551
26-11-2015,124.5172,SBI Bluechip,119551
24-11-2015,124.5215,SBI Bluechip,119551
23-11-2015,124.4523,SBI Bluechip,119551
20-11-2015,124.4288,SBI Bluechip,119551
19-11-2015,124.5005,SBI Bluechip,119551
18-11-2015,124.4731,SBI Bluechip,119551
17-11-2015,124.471,SBI Bluechip,119551
16-11-2015,124.5039,SBI Bluechip,119551
13-11-2015,124.4146,SBI Bluechip,119551
10-11-2015,124.236,SBI Bluechip,119551
09-11-2015,124.1346,SBI Bluechip,119551
06-11-2015,124.1927,SBI Bluechip,119551
05-11-2015,124.1902,SBI Bluechip,119551
04-11-2015,124.2333,SBI Bluechip,119551
03-11-2015,124.2894,SBI Bluechip,119551
02-11-2015,124.2771,SBI Bluechip,119551
30-10-2015,124.1571,SBI Bluechip,119551
29-10-2015,124.1596,SBI Bluechip,119551
28-10-2015,124.2162,SBI Bluechip,119551
27-10-2015,124.1443,SBI Bluechip,119551
26-10-2015,124.0884,SBI Bluechip,119551
23-10-2015,124.1065,SBI Bluechip,119551
21-10-2015,124.0459,SBI Bluechip,119551
20-10-2015,124.0561,SBI Bluechip,119551
19-10-2015,124.0158,SBI Bluechip,119551
16-10-2015,123.9423,SBI Bluechip,119551
15-10-2015,123.9272,SBI Bluechip,119551
14-10-2015,123.8612,SBI Bluechip,119551
13-10-2015,123.7951,SBI Bluechip,119551
12-10-2015,123.7532,SBI Bluechip,119551
09-10-2015,123.8076,SBI Bluechip,119551
08-10-2015,123.7508,SBI Bluechip,119551
07-10-2015,123.6703,SBI Bluechip,119551
06-10-2015,123.7049,SBI Bluechip,119551
05-10-2015,123.7102,SBI Bluechip,119551
01-10-2015,123.4236,SBI Bluechip,119551
30-09-2015,123.4889,SBI Bluechip,119551
29-09-2015,123.1053,SBI Bluechip,119551
28-09-2015,122.4558,SBI Bluechip,119551
24-09-2015,122.3672,SBI Bluechip,119551
23-09-2015,122.3206,SBI Bluechip,119551
22-09-2015,122.3174,SBI Bluechip,119551
21-09-2015,122.338,SBI Bluechip,119551
18-09-2015,122.2648,SBI Bluechip,119551
16-09-2015,121.9789,SBI Bluechip,119551
15-09-2015,121.9858,SBI Bluechip,119551
14-09-2015,121.9531,SBI Bluechip,119551
11-09-2015,121.8402,SBI Bluechip,119551
10-09-2015,121.8109,SBI Bluechip,119551
09-09-2015,121.8833,SBI Bluechip,119551
08-09-2015,121.8281,SBI Bluechip,119551
07-09-2015,121.7402,SBI Bluechip,119551
04-09-2015,121.7976,SBI Bluechip,119551
03-09-2015,121.8344,SBI Bluechip,119551
02-09-2015,121.8592,SBI Bluechip,119551
01-09-2015,121.8545,SBI Bluechip,119551
31-08-2015,121.7255,SBI Bluechip,119551
28-08-2015,121.688,SBI Bluechip,119551
27-08-2015,121.6848,SBI Bluechip,119551
26-08-2015,121.5738,SBI Bluechip,119551
25-08-2015,121.4763,SBI Bluechip,119551
24-08-2015,121.2877,SBI Bluechip,119551
21-08-2015,121.5475,SBI Bluechip,119551
20-08-2015,121.6568,SBI Bluechip,119551
19-08-2015,121.6068,SBI Bluechip,119551
17-08-2015,121.5407,SBI Bluechip,119551
14-08-2015,121.4723,SBI Bluechip,119551
13-08-2015,121.3935,SBI Bluechip,119551
12-08-2015,121.1846,SBI Bluechip,119551
11-08-2015,121.1502,SBI Bluechip,119551
10-08-2015,121.1234,SBI Bluechip,119551
07-08-2015,120.9962,SBI Bluechip,119551
06-08-2015,120.9792,SBI Bluechip,119551
05-08-2015,120.864,SBI Bluechip,119551
04-08-2015,120.8481,SBI Bluechip,119551
03-08-2015,120.9192,SBI Bluechip,119551
31-07-2015,120.858,SBI Bluechip,119551
30-07-2015,120.7773,SBI Bluechip,119551
29-07-2015,120.7768,SBI Bluechip,119551
28-07-2015,120.7053,SBI Bluechip,119551
27-07-2015,120.5074,SBI Bluechip,119551
24-07-2015,120.411,SBI Bluechip,119551
23-07-2015,120.4142,SBI Bluechip,119551
22-07-2015,120.3286,SBI Bluechip,119551
21-07-2015,120.2742,SBI Bluechip,119551
20-07-2015,120.227,SBI Bluechip,119551
17-07-2015,120.1974,SBI Bluechip,119551
16-07-2015,120.1474,SBI Bluechip,119551
15-07-2015,120.1371,SBI Bluechip,119551
14-07-2015,120.0999,SBI Bluechip,119551
13-07-2015,119.9544,SBI Bluechip,119551
10-07-2015,120.1484,SBI Bluechip,119551
09-07-2015,120.0964,SBI Bluechip,119551
08-07-2015,120.0759,SBI Bluechip,119551
07-07-2015,120.0419,SBI Bluechip,119551
06-07-2015,120.0581,SBI Bluechip,119551
03-07-2015,119.8612,SBI Bluechip,119551
02-07-2015,119.7538,SBI Bluechip,119551
01-07-2015,119.6428,SBI Bluechip,119551
30-06-2015,119.4628,SBI Bluechip,119551
29-06-2015,119.3389,SBI Bluechip,119551
26-06-2015,119.5192,SBI Bluechip,119551
25-06-2015,119.4568,SBI Bluechip,119551
24-06-2015,119.586,SBI Bluechip,119551
23-06-2015,119.7242,SBI Bluechip,119551
22-06-2015,119.7631,SBI Bluechip,119551
19-06-2015,119.761,SBI Bluechip,119551
18-06-2015,119.5056,SBI Bluechip,119551
17-06-2015,119.1569,SBI Bluechip,119551
16-06-2015,118.9396,SBI Bluechip,119551
15-06-2015,119.029,SBI Bluechip,119551
12-06-2015,118.8557,SBI Bluechip,119551
11-06-2015,118.8986,SBI Bluechip,119551
10-06-2015,119.091,SBI Bluechip,119551
09-06-2015,119.1989,SBI Bluechip,119551
08-06-2015,119.0629,SBI Bluechip,119551
05-06-2015,119.0347,SBI Bluechip,119551
04-06-2015,118.9151,SBI Bluechip,119551
03-06-2015,119.0994,SBI Bluechip,119551
02-06-2015,119.1982,SBI Bluechip,119551
01-06-2015,119.5416,SBI Bluechip,119551
29-05-2015,119.4459,SBI Bluechip,119551
28-05-2015,119.3367,SBI Bluechip,119551
27-05-2015,119.2361,SBI Bluechip,119551
26-05-2015,119.1981,SBI Bluechip,119551
25-05-2015,119.2195,SBI Bluechip,119551
22-05-2015,119.1641,SBI Bluechip,119551
21-05-2015,119.0962,SBI Bluechip,119551
20-05-2015,119.0625,SBI Bluechip,119551
19-05-2015,119.0042,SBI Bluechip,119551
18-05-2015,118.8277,SBI Bluechip,119551
15-05-2015,118.638,SBI Bluechip,119551
14-05-2015,118.5984,SBI Bluechip,119551
13-05-2015,118.5796,SBI Bluechip,119551
12-05-2015,118.5949,SBI Bluechip,119551
11-05-2015,118.671,SBI Bluechip,119551
08-05-2015,118.3858,SBI Bluechip,119551
07-05-2015,118.376,SBI Bluechip,119551
06-05-2015,118.6148,SBI Bluechip,119551
05-05-2015,118.7349,SBI Bluechip,119551
30-04-2015,118.6387,SBI Bluechip,119551
29-04-2015,118.7676,SBI Bluechip,119551
28-04-2015,118.8214,SBI Bluechip,119551
27-04-2015,118.7981,SBI Bluechip,119551
24-04-2015,118.7424,SBI Bluechip,119551
23-04-2015,118.7552,SBI Bluechip,119551
22-04-2015,118.7833,SBI Bluechip,119551
21-04-2015,118.7199,SBI Bluechip,119551
20-04-2015,118.6696,SBI Bluechip,119551
17-04-2015,118.6016,SBI Bluechip,119551
16-04-2015,118.6022,SBI Bluechip,119551
15-04-2015,118.5848,SBI Bluechip,119551
13-04-2015,118.5303,SBI Bluechip,119551
10-04-2015,118.4427,SBI Bluechip,119551
09-04-2015,118.4202,SBI Bluechip,119551
08-04-2015,118.3201,SBI Bluechip,119551
07-04-2015,118.3426,SBI Bluechip,119551
06-04-2015,118.3359,SBI Bluechip,119551
31-03-2015,118.0538,SBI Bluechip,119551
30-03-2015,117.8781,SBI Bluechip,119551
27-03-2015,117.7888,SBI Bluechip,119551
26-03-2015,117.7366,SBI Bluechip,119551
25-03-2015,117.721,SBI Bluechip,119551
24-03-2015,117.7014,SBI Bluechip,119551
23-03-2015,117.6634,SBI Bluechip,119551
20-03-2015,117.6167,SBI Bluechip,119551
19-03-2015,117.5422,SBI Bluechip,119551
18-03-2015,117.4713,SBI Bluechip,119551
17-03-2015,117.4812,SBI Bluechip,119551
16-03-2015,117.4257,SBI Bluechip,119551
13-03-2015,117.3557,SBI Bluechip,119551
12-03-2015,117.4767,SBI Bluechip,119551
11-03-2015,117.412,SBI Bluechip,119551
10-03-2015,117.4224,SBI Bluechip,119551
09-03-2015,117.449,SBI Bluechip,119551
05-03-2015,117.4822,SBI Bluechip,119551
04-03-2015,117.4492,SBI Bluechip,119551
03-03-2015,117.2102,SBI Bluechip,119551
02-03-2015,117.2585,SBI Bluechip,119551
27-02-2015,117.1873,SBI Bluechip,119551
26-02-2015,117.1316,SBI Bluechip,119551
25-02-2015,117.136,SBI Bluechip,119551
24-02-2015,117.0714,SBI Bluechip,119551
23-02-2015,116.9984,SBI Bluechip,119551
20-02-2015,116.9274,SBI Bluechip,119551
18-02-2015,116.8588,SBI Bluechip,119551
16-02-2015,116.8223,SBI Bluechip,119551
13-02-2015,116.7452,SBI Bluechip,119551
12-02-2015,116.6546,SBI Bluechip,119551
11-02-2015,116.669,SBI Bluechip,119551
10-02-2015,116.6639,SBI Bluechip,119551
09-02-2015,116.6428,SBI Bluechip,119551
06-02-2015,116.6382,SBI Bluechip,119551
05-02-2015,116.6397,SBI Bluechip,119551
04-02-2015,116.6401,SBI Bluechip,119551
03-02-2015,116.6952,SBI Bluechip,119551
02-02-2015,116.7716,SBI Bluechip,119551
30-01-2015,116.5922,SBI Bluechip,119551
29-01-2015,116.583,SBI Bluechip,119551
28-01-2015,116.5474,SBI Bluechip,119551
27-01-2015,116.4896,SBI Bluechip,119551
23-01-2015,116.4146,SBI Bluechip,119551
22-01-2015,116.3811,SBI Bluechip,119551
21-01-2015,116.3456,SBI Bluechip,119551
20-01-2015,116.2527,SBI Bluechip,119551
19-01-2015,116.243,SBI Bluechip,119551
16-01-2015,116.1579,SBI Bluechip,119551
15-01-2015,115.9938,SBI Bluechip,119551
14-01-2015,115.6112,SBI Bluechip,119551
13-01-2015,115.5874,SBI Bluechip,119551
12-01-2015,115.4215,SBI Bluechip,119551
09-01-2015,115.2179,SBI Bluechip,119551
08-01-2015,115.1534,SBI Bluechip,119551
07-01-2015,115.0964,SBI Bluechip,119551
06-01-2015,115.0098,SBI Bluechip,119551
05-01-2015,115.0697,SBI Bluechip,119551
02-01-2015,115.0298,SBI Bluechip,119551
01-01-2015,115.0622,SBI Bluechip,119551
31-12-2014,115.0256,SBI Bluechip,119551
30-12-2014,114.9108,SBI Bluechip,119551
29-12-2014,114.7535,SBI Bluechip,119551
26-12-2014,114.5973,SBI Bluechip,119551
24-12-2014,114.5759,SBI Bluechip,119551
23-12-2014,114.6022,SBI Bluechip,119551
22-12-2014,114.5061,SBI Bluechip,119551
19-12-2014,114.4116,SBI Bluechip,119551
18-12-2014,114.4956,SBI Bluechip,119551
17-12-2014,114.3381,SBI Bluechip,119551
16-12-2014,114.3427,SBI Bluechip,119551
15-12-2014,114.8848,SBI Bluechip,119551
12-12-2014,114.7909,SBI Bluechip,119551
11-12-2014,114.6519,SBI Bluechip,119551
10-12-2014,114.5532,SBI Bluechip,119551
09-12-2014,114.6075,SBI Bluechip,119551
08-12-2014,114.5229,SBI Bluechip,119551
05-12-2014,114.4292,SBI Bluechip,119551
04-12-2014,114.375,SBI Bluechip,119551
03-12-2014,114.3739,SBI Bluechip,119551
02-12-2014,114.3339,SBI Bluechip,119551
01-12-2014,114.0367,SBI Bluechip,119551
28-11-2014,113.8838,SBI Bluechip,119551
27-11-2014,113.6867,SBI Bluechip,119551
26-11-2014,113.6632,SBI Bluechip,119551
25-11-2014,113.6379,SBI Bluechip,119551
24-11-2014,113.5794,SBI Bluechip,119551
21-11-2014,113.5065,SBI Bluechip,119551
20-11-2014,113.4823,SBI Bluechip,119551
19-11-2014,113.4418,SBI Bluechip,119551
18-11-2014,113.4102,SBI Bluechip,119551
17-11-2014,113.3374,SBI Bluechip,119551
14-11-2014,113.1821,SBI Bluechip,119551
13-11-2014,113.1662,SBI Bluechip,119551
12-11-2014,113.2863,SBI Bluechip,119551
11-11-2014,113.233,SBI Bluechip,119551
10-11-2014,113.2158,SBI Bluechip,119551
07-11-2014,113.0631,SBI Bluechip,119551
05-11-2014,113.0,SBI Bluechip,119551
03-11-2014,112.7413,SBI Bluechip,119551
31-10-2014,112.549,SBI Bluechip,119551
30-10-2014,112.3874,SBI Bluechip,119551
29-10-2014,112.2563,SBI Bluechip,119551
28-10-2014,112.18,SBI Bluechip,119551
27-10-2014,112.0815,SBI Bluechip,119551
22-10-2014,111.8628,SBI Bluechip,119551
21-10-2014,111.7859,SBI Bluechip,119551
20-10-2014,111.6753,SBI Bluechip,119551
17-10-2014,111.5184,SBI Bluechip,119551
16-10-2014,111.4989,SBI Bluechip,119551
14-10-2014,111.3032,SBI Bluechip,119551
13-10-2014,111.165,SBI Bluechip,119551
10-10-2014,111.0732,SBI Bluechip,119551
09-10-2014,110.9422,SBI Bluechip,119551
08-10-2014,110.9817,SBI Bluechip,119551
07-10-2014,110.878,SBI Bluechip,119551
01-10-2014,110.6379,SBI Bluechip,119551
30-09-2014,110.6084,SBI Bluechip,119551
29-09-2014,110.6058,SBI Bluechip,119551
26-09-2014,110.5813,SBI Bluechip,119551
25-09-2014,110.4443,SBI Bluechip,119551
24-09-2014,110.4004,SBI Bluechip,119551
23-09-2014,110.361,SBI Bluechip,119551
22-09-2014,110.3306,SBI Bluechip,119551
19-09-2014,110.2016,SBI Bluechip,119551
18-09-2014,110.1537,SBI Bluechip,119551
17-09-2014,110.0495,SBI Bluechip,119551
16-09-2014,109.9902,SBI Bluechip,119551
15-09-2014,109.9641,SBI Bluechip,119551
12-09-2014,109.8922,SBI Bluechip,119551
11-09-2014,109.8546,SBI Bluechip,119551
10-09-2014,109.8244,SBI Bluechip,119551
09-09-2014,109.721,SBI Bluechip,119551
08-09-2014,109.8163,SBI Bluechip,119551
05-09-2014,109.6985,SBI Bluechip,119551
04-09-2014,109.6473,SBI Bluechip,119551
03-09-2014,109.6166,SBI Bluechip,119551
02-09-2014,109.5448,SBI Bluechip,119551
01-09-2014,109.5116,SBI Bluechip,119551
28-08-2014,109.3934,SBI Bluechip,119551
27-08-2014,109.3655,SBI Bluechip,119551
26-08-2014,109.2961,SBI Bluechip,119551
25-08-2014,109.2596,SBI Bluechip,119551
22-08-2014,109.2192,SBI Bluechip,119551
21-08-2014,109.1791,SBI Bluechip,119551
20-08-2014,109.199,SBI Bluechip,119551
19-08-2014,109.1381,SBI Bluechip,119551
14-08-2014,108.9888,SBI Bluechip,119551
13-08-2014,108.9453,SBI Bluechip,119551
12-08-2014,108.8541,SBI Bluechip,119551
11-08-2014,108.8297,SBI Bluechip,119551
08-08-2014,108.7279,SBI Bluechip,119551
07-08-2014,108.7486,SBI Bluechip,119551
06-08-2014,108.6927,SBI Bluechip,119551
05-08-2014,108.7745,SBI Bluechip,119551
04-08-2014,108.8673,SBI Bluechip,119551
01-08-2014,108.7849,SBI Bluechip,119551
31-07-2014,108.8084,SBI Bluechip,119551
30-07-2014,108.7581,SBI Bluechip,119551
28-07-2014,108.7696,SBI Bluechip,119551
25-07-2014,108.7179,SBI Bluechip,119551
24-07-2014,108.6962,SBI Bluechip,119551
23-07-2014,108.5746,SBI Bluechip,119551
22-07-2014,108.4712,SBI Bluechip,119551
21-07-2014,108.3794,SBI Bluechip,119551
18-07-2014,108.2555,SBI Bluechip,119551
17-07-2014,108.2175,SBI Bluechip,119551
16-07-2014,108.1362,SBI Bluechip,119551
15-07-2014,108.0604,SBI Bluechip,119551
14-07-2014,107.9854,SBI Bluechip,119551
11-07-2014,108.1137,SBI Bluechip,119551
10-07-2014,108.4249,SBI Bluechip,119551
09-07-2014,108.4151,SBI Bluechip,119551
08-07-2014,108.3878,SBI Bluechip,119551
07-07-2014,108.3898,SBI Bluechip,119551
04-07-2014,108.3324,SBI Bluechip,119551
03-07-2014,108.2774,SBI Bluechip,119551
02-07-2014,108.251,SBI Bluechip,119551
30-06-2014,108.1211,SBI Bluechip,119551
27-06-2014,108.0211,SBI Bluechip,119551
26-06-2014,108.0195,SBI Bluechip,119551
25-06-2014,107.9552,SBI Bluechip,119551
24-06-2014,107.9086,SBI Bluechip,119551
23-06-2014,107.8791,SBI Bluechip,119551
20-06-2014,107.8502,SBI Bluechip,119551
19-06-2014,107.9016,SBI Bluechip,119551
18-06-2014,107.9489,SBI Bluechip,119551
17-06-2014,107.9426,SBI Bluechip,119551
16-06-2014,107.9536,SBI Bluechip,119551
13-06-2014,107.976,SBI Bluechip,119551
12-06-2014,107.9228,SBI Bluechip,119551
11-06-2014,107.8761,SBI Bluechip,119551
10-06-2014,107.878,SBI Bluechip,119551
09-06-2014,107.8767,SBI Bluechip,119551
06-06-2014,107.7408,SBI Bluechip,119551
05-06-2014,107.6529,SBI Bluechip,119551
04-06-2014,107.5222,SBI Bluechip,119551
03-06-2014,107.4231,SBI Bluechip,119551
02-06-2014,107.236,SBI Bluechip,119551
30-05-2014,107.1905,SBI Bluechip,119551
29-05-2014,107.1021,SBI Bluechip,119551
28-05-2014,107.0496,SBI Bluechip,119551
27-05-2014,107.0365,SBI Bluechip,119551
26-05-2014,106.9784,SBI Bluechip,119551
23-05-2014,106.9316,SBI Bluechip,119551
22-05-2014,106.7537,SBI Bluechip,119551
21-05-2014,106.6686,SBI Bluechip,119551
20-05-2014,106.5899,SBI Bluechip,119551
19-05-2014,106.5839,SBI Bluechip,119551
16-05-2014,106.578,SBI Bluechip,119551
15-05-2014,106.371,SBI Bluechip,119551
13-05-2014,106.2773,SBI Bluechip,119551
12-05-2014,106.283,SBI Bluechip,119551
09-05-2014,106.1508,SBI Bluechip,119551
08-05-2014,106.0486,SBI Bluechip,119551
07-05-2014,106.0297,SBI Bluechip,119551
06-05-2014,106.009,SBI Bluechip,119551
05-05-2014,105.9859,SBI Bluechip,119551
02-05-2014,105.7909,SBI Bluechip,119551
30-04-2014,105.6958,SBI Bluechip,119551
29-04-2014,105.6008,SBI Bluechip,119551
28-04-2014,105.5157,SBI Bluechip,119551
25-04-2014,105.4519,SBI Bluechip,119551
23-04-2014,105.3895,SBI Bluechip,119551
22-04-2014,105.3231,SBI Bluechip,119551
21-04-2014,105.1503,SBI Bluechip,119551
17-04-2014,104.9728,SBI Bluechip,119551
16-04-2014,104.979,SBI Bluechip,119551
15-04-2014,104.8973,SBI Bluechip,119551
11-04-2014,104.7961,SBI Bluechip,119551
10-04-2014,104.7079,SBI Bluechip,119551
09-04-2014,104.6926,SBI Bluechip,119551
07-04-2014,104.6708,SBI Bluechip,119551
04-04-2014,104.6173,SBI Bluechip,119551
03-04-2014,104.6613,SBI Bluechip,119551
02-04-2014,104.6459,SBI Bluechip,119551
31-03-2014,104.7403,SBI Bluechip,119551
28-03-2014,104.6408,SBI Bluechip,119551
27-03-2014,104.4245,SBI Bluechip,119551
26-03-2014,104.3934,SBI Bluechip,119551
25-03-2014,104.4319,SBI Bluechip,119551
24-03-2014,104.3035,SBI Bluechip,119551
21-03-2014,104.2069,SBI Bluechip,119551
20-03-2014,104.0972,SBI Bluechip,119551
19-03-2014,104.0916,SBI Bluechip,119551
18-03-2014,104.0619,SBI Bluechip,119551
14-03-2014,103.9564,SBI Bluechip,119551
13-03-2014,103.9202,SBI Bluechip,119551
12-03-2014,103.8563,SBI Bluechip,119551
11-03-2014,103.8533,SBI Bluechip,119551
10-03-2014,103.746,SBI Bluechip,119551
07-03-2014,103.6353,SBI Bluechip,119551
06-03-2014,103.5859,SBI Bluechip,119551
05-03-2014,103.5515,SBI Bluechip,119551
04-03-2014,103.4922,SBI Bluechip,119551
03-03-2014,103.4879,SBI Bluechip,119551
28-02-2014,103.7646,SBI Bluechip,119551
26-02-2014,103.7081,SBI Bluechip,119551
25-02-2014,103.687,SBI Bluechip,119551
24-02-2014,103.6626,SBI Bluechip,119551
21-02-2014,103.5927,SBI Bluechip,119551
20-02-2014,103.5667,SBI Bluechip,119551
18-02-2014,103.5059,SBI Bluechip,119551
17-02-2014,103.4821,SBI Bluechip,119551
14-02-2014,103.785,SBI Bluechip,119551
13-02-2014,103.7594,SBI Bluechip,119551
12-02-2014,103.7487,SBI Bluechip,119551
11-02-2014,103.7273,SBI Bluechip,119551
10-02-2014,103.7039,SBI Bluechip,119551
07-02-2014,103.6364,SBI Bluechip,119551
06-02-2014,103.6157,SBI Bluechip,119551
05-02-2014,103.5806,SBI Bluechip,119551
04-02-2014,103.5533,SBI Bluechip,119551
03-02-2014,103.5223,SBI Bluechip,119551
31-01-2014,103.4429,SBI Bluechip,119551
30-01-2014,103.4259,SBI Bluechip,119551
29-01-2014,103.4118,SBI Bluechip,119551
28-01-2014,103.6757,SBI Bluechip,119551
27-01-2014,103.6718,SBI Bluechip,119551
24-01-2014,103.6008,SBI Bluechip,119551
23-01-2014,103.5792,SBI Bluechip,119551
22-01-2014,103.5532,SBI Bluechip,119551
21-01-2014,103.5305,SBI Bluechip,119551
20-01-2014,103.4895,SBI Bluechip,119551
17-01-2014,103.4134,SBI Bluechip,119551
16-01-2014,103.3942,SBI Bluechip,119551
15-01-2014,103.7752,SBI Bluechip,119551
13-01-2014,103.721,SBI Bluechip,119551
10-01-2014,103.6477,SBI Bluechip,119551
09-01-2014,103.5989,SBI Bluechip,119551
08-01-2014,103.5945,SBI Bluechip,119551
07-01-2014,103.5881,SBI Bluechip,119551
06-01-2014,103.5815,SBI Bluechip,119551
03-01-2014,103.506,SBI Bluechip,119551
02-01-2014,103.4808,SBI Bluechip,119551
01-01-2014,103.446,SBI Bluechip,119551
31-12-2013,103.3941,SBI Bluechip,119551
30-12-2013,103.6429,SBI Bluechip,119551
27-12-2013,103.5893,SBI Bluechip,119551
26-12-2013,103.5763,SBI Bluechip,119551
24-12-2013,103.534,SBI Bluechip,119551
23-12-2013,103.5236,SBI Bluechip,119551
20-12-2013,103.4584,SBI Bluechip,119551
19-12-2013,103.4336,SBI Bluechip,119551
18-12-2013,103.4075,SBI Bluechip,119551
17-12-2013,103.3699,SBI Bluechip,119551
16-12-2013,103.8019,SBI Bluechip,119551
13-12-2013,103.7247,SBI Bluechip,119551
12-12-2013,103.7351,SBI Bluechip,119551
11-12-2013,103.6643,SBI Bluechip,119551
10-12-2013,103.6308,SBI Bluechip,119551
09-12-2013,103.618,SBI Bluechip,119551
06-12-2013,103.5593,SBI Bluechip,119551
05-12-2013,103.5545,SBI Bluechip,119551
04-12-2013,103.4962,SBI Bluechip,119551
03-12-2013,103.4693,SBI Bluechip,119551
02-12-2013,103.4284,SBI Bluechip,119551
29-11-2013,103.3436,SBI Bluechip,119551
28-11-2013,103.7346,SBI Bluechip,119551
27-11-2013,103.7259,SBI Bluechip,119551
26-11-2013,103.6402,SBI Bluechip,119551
25-11-2013,103.6001,SBI Bluechip,119551
22-11-2013,103.5041,SBI Bluechip,119551
21-11-2013,103.474,SBI Bluechip,119551
20-11-2013,103.4681,SBI Bluechip,119551
19-11-2013,103.4355,SBI Bluechip,119551
18-11-2013,103.396,SBI Bluechip,119551
14-11-2013,103.6701,SBI Bluechip,119551
13-11-2013,103.6314,SBI Bluechip,119551
12-11-2013,103.6068,SBI Bluechip,119551
11-11-2013,103.5975,SBI Bluechip,119551
08-11-2013,103.5326,SBI Bluechip,119551
07-11-2013,103.5073,SBI Bluechip,119551
06-11-2013,103.5239,SBI Bluechip,119551
05-11-2013,103.4962,SBI Bluechip,119551
01-11-2013,103.3966,SBI Bluechip,119551
31-10-2013,103.3858,SBI Bluechip,119551
30-10-2013,103.3571,SBI Bluechip,119551
29-10-2013,103.332,SBI Bluechip,119551
28-10-2013,103.6375,SBI Bluechip,119551
25-10-2013,103.5569,SBI Bluechip,119551
24-10-2013,103.5248,SBI Bluechip,119551
23-10-2013,103.4986,SBI Bluechip,119551
22-10-2013,103.4859,SBI Bluechip,119551
21-10-2013,103.4516,SBI Bluechip,119551
18-10-2013,103.3672,SBI Bluechip,119551
17-10-2013,103.3326,SBI Bluechip,119551
15-10-2013,103.2589,SBI Bluechip,119551
14-10-2013,103.8303,SBI Bluechip,119551
11-10-2013,103.7572,SBI Bluechip,119551
10-10-2013,103.7396,SBI Bluechip,119551
09-10-2013,103.7191,SBI Bluechip,119551
08-10-2013,103.7122,SBI Bluechip,119551
07-10-2013,103.5211,SBI Bluechip,119551
04-10-2013,103.4092,SBI Bluechip,119551
03-10-2013,103.3443,SBI Bluechip,119551
01-10-2013,103.2655,SBI Bluechip,119551
30-09-2013,103.7595,SBI Bluechip,119551
27-09-2013,103.724,SBI Bluechip,119551
26-09-2013,103.6866,SBI Bluechip,119551
25-09-2013,103.6534,SBI Bluechip,119551
24-09-2013,103.6,SBI Bluechip,119551
23-09-2013,103.594,SBI Bluechip,119551
20-09-2013,103.5346,SBI Bluechip,119551
19-09-2013,103.4545,SBI Bluechip,119551
18-09-2013,103.3108,SBI Bluechip,119551
17-09-2013,103.2261,SBI Bluechip,119551
16-09-2013,103.8949,SBI Bluechip,119551
13-09-2013,103.8036,SBI Bluechip,119551
12-09-2013,103.7831,SBI Bluechip,119551
11-09-2013,103.7462,SBI Bluechip,119551
10-09-2013,103.7133,SBI Bluechip,119551
06-09-2013,103.5778,SBI Bluechip,119551
05-09-2013,103.5445,SBI Bluechip,119551
04-09-2013,103.4408,SBI Bluechip,119551
03-09-2013,103.3815,SBI Bluechip,119551
02-09-2013,103.3253,SBI Bluechip,119551
30-08-2013,103.214,SBI Bluechip,119551
29-08-2013,103.1588,SBI Bluechip,119551
28-08-2013,103.4713,SBI Bluechip,119551
27-08-2013,103.4881,SBI Bluechip,119551
26-08-2013,103.4776,SBI Bluechip,119551
23-08-2013,103.3768,SBI Bluechip,119551
22-08-2013,103.3345,SBI Bluechip,119551
21-08-2013,103.3135,SBI Bluechip,119551
20-08-2013,103.2086,SBI Bluechip,119551
19-08-2013,103.207,SBI Bluechip,119551
16-08-2013,103.1558,SBI Bluechip,119551
14-08-2013,103.364,SBI Bluechip,119551
13-08-2013,103.3152,SBI Bluechip,119551
12-08-2013,103.2958,SBI Bluechip,119551
08-08-2013,103.2116,SBI Bluechip,119551
07-08-2013,103.1785,SBI Bluechip,119551
06-08-2013,103.1471,SBI Bluechip,119551
05-08-2013,103.1389,SBI Bluechip,119551
02-08-2013,103.0101,SBI Bluechip,119551
01-08-2013,102.9596,SBI Bluechip,119551
31-07-2013,102.9055,SBI Bluechip,119551
30-07-2013,102.8875,SBI Bluechip,119551
29-07-2013,102.8554,SBI Bluechip,119551
26-07-2013,102.7573,SBI Bluechip,119551
25-07-2013,102.6991,SBI Bluechip,119551
24-07-2013,102.6244,SBI Bluechip,119551
23-07-2013,102.8344,SBI Bluechip,119551
22-07-2013,102.9274,SBI Bluechip,119551
19-07-2013,102.8672,SBI Bluechip,119551
18-07-2013,102.8496,SBI Bluechip,119551
17-07-2013,102.7023,SBI Bluechip,119551
16-07-2013,102.6046,SBI Bluechip,119551
15-07-2013,103.4995,SBI Bluechip,119551
12-07-2013,103.4314,SBI Bluechip,119551
11-07-2013,103.4083,SBI Bluechip,119551
10-07-2013,103.3886,SBI Bluechip,119551
09-07-2013,103.368,SBI Bluechip,119551
08-07-2013,103.3431,SBI Bluechip,119551
05-07-2013,103.2854,SBI Bluechip,119551
04-07-2013,103.265,SBI Bluechip,119551
03-07-2013,103.2267,SBI Bluechip,119551
02-07-2013,103.2075,SBI Bluechip,119551
28-06-2013,103.4072,SBI Bluechip,119551
27-06-2013,103.3957,SBI Bluechip,119551
26-06-2013,103.3772,SBI Bluechip,119551
25-06-2013,103.3595,SBI Bluechip,119551
24-06-2013,103.3469,SBI Bluechip,119551
21-06-2013,103.2992,SBI Bluechip,119551
20-06-2013,103.2642,SBI Bluechip,119551
19-06-2013,103.2602,SBI Bluechip,119551
18-06-2013,103.221,SBI Bluechip,119551
17-06-2013,103.154,SBI Bluechip,119551
14-06-2013,103.4267,SBI Bluechip,119551
13-06-2013,103.4056,SBI Bluechip,119551
12-06-2013,103.3913,SBI Bluechip,119551
11-06-2013,103.3832,SBI Bluechip,119551
10-06-2013,103.3704,SBI Bluechip,119551
07-06-2013,103.3194,SBI Bluechip,119551
06-06-2013,103.2957,SBI Bluechip,119551
05-06-2013,103.2598,SBI Bluechip,119551
04-06-2013,103.225,SBI Bluechip,119551
03-06-2013,103.1984,SBI Bluechip,119551
31-05-2013,103.1296,SBI Bluechip,119551
30-05-2013,103.1152,SBI Bluechip,119551
29-05-2013,103.0877,SBI Bluechip,119551
28-05-2013,103.3617,SBI Bluechip,119551
27-05-2013,103.349,SBI Bluechip,119551
24-05-2013,103.2834,SBI Bluechip,119551
23-05-2013,103.2705,SBI Bluechip,119551
22-05-2013,103.2698,SBI Bluechip,119551
21-05-2013,103.2444,SBI Bluechip,119551
20-05-2013,103.2356,SBI Bluechip,119551
17-05-2013,103.1745,SBI Bluechip,119551
16-05-2013,103.141,SBI Bluechip,119551
15-05-2013,103.113,SBI Bluechip,119551
14-05-2013,103.5159,SBI Bluechip,119551
13-05-2013,103.4824,SBI Bluechip,119551
10-05-2013,103.4157,SBI Bluechip,119551
09-05-2013,103.3949,SBI Bluechip,119551
08-05-2013,103.3404,SBI Bluechip,119551
07-05-2013,103.3087,SBI Bluechip,119551
06-05-2013,103.2821,SBI Bluechip,119551
03-05-2013,103.2082,SBI Bluechip,119551
02-05-2013,103.2057,SBI Bluechip,119551
30-04-2013,103.0655,SBI Bluechip,119551
29-04-2013,103.3845,SBI Bluechip,119551
26-04-2013,103.3139,SBI Bluechip,119551
25-04-2013,103.2947,SBI Bluechip,119551
23-04-2013,103.2481,SBI Bluechip,119551
22-04-2013,103.216,SBI Bluechip,119551
18-04-2013,103.1589,SBI Bluechip,119551
17-04-2013,103.0866,SBI Bluechip,119551
16-04-2013,103.0719,SBI Bluechip,119551
15-04-2013,103.6711,SBI Bluechip,119551
12-04-2013,103.5704,SBI Bluechip,119551
10-04-2013,103.4653,SBI Bluechip,119551
09-04-2013,103.4716,SBI Bluechip,119551
08-04-2013,103.462,SBI Bluechip,119551
05-04-2013,103.4164,SBI Bluechip,119551
04-04-2013,103.4096,SBI Bluechip,119551
03-04-2013,103.3274,SBI Bluechip,119551
02-04-2013,103.2626,SBI Bluechip,119551
28-03-2013,103.2633,SBI Bluechip,119551
26-03-2013,103.2285,SBI Bluechip,119551
25-03-2013,103.2114,SBI Bluechip,119551
22-03-2013,103.1891,SBI Bluechip,119551
21-03-2013,103.157,SBI Bluechip,119551
20-03-2013,103.1016,SBI Bluechip,119551
19-03-2013,103.0632,SBI Bluechip,119551
18-03-2013,103.0355,SBI Bluechip,119551
15-03-2013,102.9975,SBI Bluechip,119551
14-03-2013,103.34,SBI Bluechip,119551
13-03-2013,103.2884,SBI Bluechip,119551
12-03-2013,103.251,SBI Bluechip,119551
11-03-2013,103.2199,SBI Bluechip,119551
08-03-2013,103.1462,SBI Bluechip,119551
07-03-2013,103.129,SBI Bluechip,119551
06-03-2013,103.1012,SBI Bluechip,119551
05-03-2013,103.0786,SBI Bluechip,119551
04-03-2013,103.0478,SBI Bluechip,119551
01-03-2013,102.9714,SBI Bluechip,119551
28-02-2013,103.254,SBI Bluechip,119551
27-02-2013,103.2322,SBI Bluechip,119551
26-02-2013,103.2097,SBI Bluechip,119551
25-02-2013,103.1919,SBI Bluechip,119551
22-02-2013,103.1226,SBI Bluechip,119551
21-02-2013,103.0965,SBI Bluechip,119551
20-02-2013,103.0725,SBI Bluechip,119551
18-02-2013,103.0229,SBI Bluechip,119551
15-02-2013,102.9522,SBI Bluechip,119551
14-02-2013,103.2937,SBI Bluechip,119551
13-02-2013,103.2745,SBI Bluechip,119551
12-02-2013,103.2523,SBI Bluechip,119551
11-02-2013,103.2303,SBI Bluechip,119551
08-02-2013,103.1594,SBI Bluechip,119551
07-02-2013,103.1356,SBI Bluechip,119551
06-02-2013,103.1119,SBI Bluechip,119551
05-02-2013,103.0886,SBI Bluechip,119551
04-02-2013,103.0659,SBI Bluechip,119551
01-02-2013,102.9976,SBI Bluechip,119551
31-01-2013,102.9778,SBI Bluechip,119551
30-01-2013,102.959,SBI Bluechip,119551
29-01-2013,102.9384,SBI Bluechip,119551
28-01-2013,103.2351,SBI Bluechip,119551
24-01-2013,103.1411,SBI Bluechip,119551
23-01-2013,103.1145,SBI Bluechip,119551
22-01-2013,103.0909,SBI Bluechip,119551
21-01-2013,103.0662,SBI Bluechip,119551
18-01-2013,102.9932,SBI Bluechip,119551
17-01-2013,102.9691,SBI Bluechip,119551
16-01-2013,102.9421,SBI Bluechip,119551
15-01-2013,102.9223,SBI Bluechip,119551
14-01-2013,103.3225,SBI Bluechip,119551
11-01-2013,103.2385,SBI Bluechip,119551
10-01-2013,103.2132,SBI Bluechip,119551
09-01-2013,103.1897,SBI Bluechip,119551
08-01-2013,103.1663,SBI Bluechip,119551
07-01-2013,103.1408,SBI Bluechip,119551
04-01-2013,103.0619,SBI Bluechip,119551
03-01-2013,103.0306,SBI Bluechip,119551
02-01-2013,103.0059,SBI Bluechip,119551
