date,nav,scheme_name,amfi_code
03-09-2026,249.88380,Kotak Bluechip,120841
02-09-2026,248.94760,Kotak Bluechip,120841
01-09-2026,250.66340,Kotak Bluechip,120841
31-08-2026,252.96400,Kotak Bluechip,120841
28-08-2026,252.81800,Kotak Bluechip,120841
27-08-2026,252.87890,Kotak Bluechip,120841
26-08-2026,251.77110,Kotak Bluechip,120841
25-08-2026,252.33970,Kotak Bluechip,120841
24-08-2026,250.70610,Kotak Bluechip,120841
21-08-2026,250.94620,Kotak Bluechip,120841
20-08-2026,250.95330,Kotak Bluechip,120841
19-08-2026,250.71350,Kotak Bluechip,120841
18-08-2026,251.66780,Kotak Bluechip,120841
17-08-2026,253.03730,Kotak Bluechip,120841
14-08-2026,252.26880,Kotak Bluechip,120841
13-08-2026,252.73770,Kotak Bluechip,120841
12-08-2026,252.70060,Kotak Bluechip,120841
11-08-2026,253.54190,Kotak Bluechip,120841
10-08-2026,254.57980,Kotak Bluechip,120841
07-08-2026,255.99320,Kotak Bluechip,120841
06-08-2026,254.25010,Kotak Bluechip,120841
05-08-2026,256.12070,Kotak Bluechip,120841
04-08-2026,254.50240,Kotak Bluechip,120841
03-08-2026,254.19650,Kotak Bluechip,120841
31-07-2026,252.20890,Kotak Bluechip,120841
30-07-2026,251.60490,Kotak Bluechip,120841
29-07-2026,253.43890,Kotak Bluechip,120841
28-07-2026,250.15270,Kotak Bluechip,120841
27-07-2026,251.26990,Kotak Bluechip,120841
24-07-2026,249.27150,Kotak Bluechip,120841
23-07-2026,248.75760,Kotak Bluechip,120841
22-07-2026,250.03750,Kotak Bluechip,120841
21-07-2026,255.40540,Kotak Bluechip,120841
20-07-2026,255.15960,Kotak Bluechip,120841
17-07-2026,254.19990,Kotak Bluechip,120841
16-07-2026,254.06990,Kotak Bluechip,120841
15-07-2026,253.68380,Kotak Bluechip,120841
14-07-2026,252.64880,Kotak Bluechip,120841
13-07-2026,253.79200,Kotak Bluechip,120841
10-07-2026,252.75360,Kotak Bluechip,120841
09-07-2026,250.21460,Kotak Bluechip,120841
08-07-2026,246.67100,Kotak Bluechip,120841
07-07-2026,250.00290,Kotak Bluechip,120841
06-07-2026,250.93770,Kotak Bluechip,120841
03-07-2026,251.33420,Kotak Bluechip,120841
02-07-2026,251.50080,Kotak Bluechip,120841
01-07-2026,250.44840,Kotak Bluechip,120841
30-06-2026,250.95400,Kotak Bluechip,120841
29-06-2026,250.64940,Kotak Bluechip,120841
25-06-2026,249.31200,Kotak Bluechip,120841
24-06-2026,249.84120,Kotak Bluechip,120841
23-06-2026,249.98140,Kotak Bluechip,120841
22-06-2026,252.06940,Kotak Bluechip,120841
19-06-2026,251.57130,Kotak Bluechip,120841
18-06-2026,249.15530,Kotak Bluechip,120841
17-06-2026,246.39250,Kotak Bluechip,120841
16-06-2026,245.24020,Kotak Bluechip,120841
15-06-2026,244.62900,Kotak Bluechip,120841
12-06-2026,244.72050,Kotak Bluechip,120841
11-06-2026,240.58860,Kotak Bluechip,120841
10-06-2026,241.91860,Kotak Bluechip,120841
09-06-2026,244.23470,Kotak Bluechip,120841
08-06-2026,242.15940,Kotak Bluechip,120841
05-06-2026,246.08780,Kotak Bluechip,120841
04-06-2026,246.07840,Kotak Bluechip,120841
03-06-2026,245.65930,Kotak Bluechip,120841
02-06-2026,246.85660,Kotak Bluechip,120841
01-06-2026,246.98140,Kotak Bluechip,120841
29-05-2026,248.66730,Kotak Bluechip,120841
27-05-2026,251.22730,Kotak Bluechip,120841
26-05-2026,251.27020,Kotak Bluechip,120841
25-05-2026,249.22660,Kotak Bluechip,120841
22-05-2026,247.80390,Kotak Bluechip,120841
21-05-2026,248.88530,Kotak Bluechip,120841
20-05-2026,244.71990,Kotak Bluechip,120841
19-05-2026,241.67710,Kotak Bluechip,120841
18-05-2026,241.26150,Kotak Bluechip,120841
15-05-2026,242.09520,Kotak Bluechip,120841
14-05-2026,243.53140,Kotak Bluechip,120841
13-05-2026,240.07460,Kotak Bluechip,120841
12-05-2026,238.15280,Kotak Bluechip,120841
11-05-2026,242.72190,Kotak Bluechip,120841
08-05-2026,244.62010,Kotak Bluechip,120841
07-05-2026,245.60550,Kotak Bluechip,120841
06-05-2026,245.38780,Kotak Bluechip,120841
05-05-2026,242.95940,Kotak Bluechip,120841
04-05-2026,242.76550,Kotak Bluechip,120841
30-04-2026,240.53530,Kotak Bluechip,120841
29-04-2026,242.34500,Kotak Bluechip,120841
28-04-2026,242.62410,Kotak Bluechip,120841
27-04-2026,241.25170,Kotak Bluechip,120841
24-04-2026,238.14560,Kotak Bluechip,120841
23-04-2026,239.75830,Kotak Bluechip,120841
22-04-2026,238.57020,Kotak Bluechip,120841
21-04-2026,236.45980,Kotak Bluechip,120841
20-04-2026,235.19610,Kotak Bluechip,120841
17-04-2026,236.21330,Kotak Bluechip,120841
16-04-2026,233.31800,Kotak Bluechip,120841
15-04-2026,231.54340,Kotak Bluechip,120841
13-04-2026,226.98090,Kotak Bluechip,120841
10-04-2026,228.69930,Kotak Bluechip,120841
09-04-2026,224.62350,Kotak Bluechip,120841
08-04-2026,224.59090,Kotak Bluechip,120841
07-04-2026,217.96040,Kotak Bluechip,120841
06-04-2026,217.64130,Kotak Bluechip,120841
02-04-2026,216.27950,Kotak Bluechip,120841
01-04-2026,216.76270,Kotak Bluechip,120841
31-03-2026,212.35710,Kotak Bluechip,120841
30-03-2026,212.35610,Kotak Bluechip,120841
27-03-2026,215.97900,Kotak Bluechip,120841
25-03-2026,218.68660,Kotak Bluechip,120841
24-03-2026,214.91640,Kotak Bluechip,120841
23-03-2026,210.11500,Kotak Bluechip,120841
20-03-2026,215.88190,Kotak Bluechip,120841
19-03-2026,214.08990,Kotak Bluechip,120841
18-03-2026,219.40770,Kotak Bluechip,120841
17-03-2026,215.87230,Kotak Bluechip,120841
16-03-2026,213.40910,Kotak Bluechip,120841
13-03-2026,212.78840,Kotak Bluechip,120841
12-03-2026,216.83130,Kotak Bluechip,120841
11-03-2026,217.26380,Kotak Bluechip,120841
10-03-2026,217.21510,Kotak Bluechip,120841
09-03-2026,213.72110,Kotak Bluechip,120841
06-03-2026,215.12440,Kotak Bluechip,120841
05-03-2026,216.04330,Kotak Bluechip,120841
04-03-2026,213.86320,Kotak Bluechip,120841
02-03-2026,217.44490,Kotak Bluechip,120841
27-02-2026,221.21080,Kotak Bluechip,120841
26-02-2026,223.82800,Kotak Bluechip,120841
25-02-2026,222.64820,Kotak Bluechip,120841
24-02-2026,220.56050,Kotak Bluechip,120841
23-02-2026,221.70510,Kotak Bluechip,120841
20-02-2026,221.34080,Kotak Bluechip,120841
19-02-2026,220.41320,Kotak Bluechip,120841
18-02-2026,223.26080,Kotak Bluechip,120841
17-02-2026,222.97730,Kotak Bluechip,120841
16-02-2026,222.49540,Kotak Bluechip,120841
13-02-2026,222.57480,Kotak Bluechip,120841
12-02-2026,225.42450,Kotak Bluechip,120841
11-02-2026,225.69290,Kotak Bluechip,120841
10-02-2026,225.19960,Kotak Bluechip,120841
09-02-2026,224.51980,Kotak Bluechip,120841
06-02-2026,221.73980,Kotak Bluechip,120841
05-02-2026,220.82750,Kotak Bluechip,120841
04-02-2026,220.85430,Kotak Bluechip,120841
03-02-2026,220.15360,Kotak Bluechip,120841
02-02-2026,215.36870,Kotak Bluechip,120841
30-01-2026,217.36270,Kotak Bluechip,120841
29-01-2026,215.82060,Kotak Bluechip,120841
28-01-2026,216.54810,Kotak Bluechip,120841
27-01-2026,214.53240,Kotak Bluechip,120841
23-01-2026,214.91300,Kotak Bluechip,120841
22-01-2026,218.23780,Kotak Bluechip,120841
21-01-2026,216.46310,Kotak Bluechip,120841
20-01-2026,220.30030,Kotak Bluechip,120841
19-01-2026,224.66870,Kotak Bluechip,120841
16-01-2026,224.95280,Kotak Bluechip,120841
14-01-2026,225.39530,Kotak Bluechip,120841
13-01-2026,225.48150,Kotak Bluechip,120841
12-01-2026,226.25870,Kotak Bluechip,120841
09-01-2026,227.02650,Kotak Bluechip,120841
08-01-2026,229.22630,Kotak Bluechip,120841
07-01-2026,233.31320,Kotak Bluechip,120841
06-01-2026,233.04090,Kotak Bluechip,120841
05-01-2026,234.50690,Kotak Bluechip,120841
02-01-2026,236.41320,Kotak Bluechip,120841
01-01-2026,235.25900,Kotak Bluechip,120841
31-12-2025,235.50630,Kotak Bluechip,120841
30-12-2025,234.37540,Kotak Bluechip,120841
29-12-2025,235.98540,Kotak Bluechip,120841
26-12-2025,236.98480,Kotak Bluechip,120841
24-12-2025,237.65300,Kotak Bluechip,120841
23-12-2025,238.76290,Kotak Bluechip,120841
22-12-2025,238.04470,Kotak Bluechip,120841
19-12-2025,236.96310,Kotak Bluechip,120841
18-12-2025,234.70450,Kotak Bluechip,120841
17-12-2025,234.31330,Kotak Bluechip,120841
16-12-2025,235.70840,Kotak Bluechip,120841
15-12-2025,238.37730,Kotak Bluechip,120841
12-12-2025,238.11250,Kotak Bluechip,120841
11-12-2025,236.16150,Kotak Bluechip,120841
10-12-2025,234.27460,Kotak Bluechip,120841
09-12-2025,234.72470,Kotak Bluechip,120841
08-12-2025,234.30840,Kotak Bluechip,120841
05-12-2025,238.01100,Kotak Bluechip,120841
04-12-2025,238.01410,Kotak Bluechip,120841
03-12-2025,238.60280,Kotak Bluechip,120841
02-12-2025,239.28740,Kotak Bluechip,120841
01-12-2025,240.11950,Kotak Bluechip,120841
28-11-2025,240.04280,Kotak Bluechip,120841
27-11-2025,240.95650,Kotak Bluechip,120841
26-11-2025,240.60920,Kotak Bluechip,120841
25-11-2025,237.44390,Kotak Bluechip,120841
24-11-2025,238.08580,Kotak Bluechip,120841
21-11-2025,240.21400,Kotak Bluechip,120841
20-11-2025,242.10440,Kotak Bluechip,120841
19-11-2025,241.85870,Kotak Bluechip,120841
18-11-2025,241.34640,Kotak Bluechip,120841
17-11-2025,242.36250,Kotak Bluechip,120841
14-11-2025,240.14220,Kotak Bluechip,120841
13-11-2025,240.68510,Kotak Bluechip,120841
12-11-2025,240.83330,Kotak Bluechip,120841
11-11-2025,239.26950,Kotak Bluechip,120841
10-11-2025,239.01480,Kotak Bluechip,120841
07-11-2025,238.53950,Kotak Bluechip,120841
06-11-2025,238.33670,Kotak Bluechip,120841
04-11-2025,241.39910,Kotak Bluechip,120841
03-11-2025,242.43600,Kotak Bluechip,120841
31-10-2025,241.24100,Kotak Bluechip,120841
30-10-2025,241.59120,Kotak Bluechip,120841
29-10-2025,242.12690,Kotak Bluechip,120841
28-10-2025,240.59060,Kotak Bluechip,120841
27-10-2025,241.11160,Kotak Bluechip,120841
24-10-2025,238.55860,Kotak Bluechip,120841
23-10-2025,238.17410,Kotak Bluechip,120841
20-10-2025,238.56580,Kotak Bluechip,120841
17-10-2025,237.95850,Kotak Bluechip,120841
16-10-2025,239.73860,Kotak Bluechip,120841
15-10-2025,238.45860,Kotak Bluechip,120841
14-10-2025,236.66680,Kotak Bluechip,120841
13-10-2025,237.22620,Kotak Bluechip,120841
10-10-2025,238.75690,Kotak Bluechip,120841
09-10-2025,235.93800,Kotak Bluechip,120841
08-10-2025,232.78110,Kotak Bluechip,120841
07-10-2025,233.95910,Kotak Bluechip,120841
06-10-2025,233.81850,Kotak Bluechip,120841
03-10-2025,233.37890,Kotak Bluechip,120841
01-10-2025,231.36910,Kotak Bluechip,120841
30-09-2025,229.52820,Kotak Bluechip,120841
26-09-2025,229.74300,Kotak Bluechip,120841
25-09-2025,233.87710,Kotak Bluechip,120841
24-09-2025,235.11270,Kotak Bluechip,120841
23-09-2025,236.44530,Kotak Bluechip,120841
22-09-2025,236.63080,Kotak Bluechip,120841
19-09-2025,238.75510,Kotak Bluechip,120841
18-09-2025,239.20090,Kotak Bluechip,120841
17-09-2025,238.48040,Kotak Bluechip,120841
16-09-2025,238.55530,Kotak Bluechip,120841
15-09-2025,236.80300,Kotak Bluechip,120841
12-09-2025,235.50090,Kotak Bluechip,120841
11-09-2025,234.58140,Kotak Bluechip,120841
10-09-2025,232.91720,Kotak Bluechip,120841
09-09-2025,231.76010,Kotak Bluechip,120841
08-09-2025,230.33340,Kotak Bluechip,120841
05-09-2025,230.02610,Kotak Bluechip,120841
04-09-2025,230.31470,Kotak Bluechip,120841
03-09-2025,231.83080,Kotak Bluechip,120841
02-09-2025,230.25640,Kotak Bluechip,120841
01-09-2025,230.56000,Kotak Bluechip,120841
29-08-2025,228.18410,Kotak Bluechip,120841
28-08-2025,228.61610,Kotak Bluechip,120841
26-08-2025,231.52440,Kotak Bluechip,120841
25-08-2025,234.82660,Kotak Bluechip,120841
22-08-2025,234.64730,Kotak Bluechip,120841
21-08-2025,235.99250,Kotak Bluechip,120841
20-08-2025,237.68750,Kotak Bluechip,120841
19-08-2025,238.16060,Kotak Bluechip,120841
18-08-2025,235.89660,Kotak Bluechip,120841
14-08-2025,235.41450,Kotak Bluechip,120841
13-08-2025,235.05280,Kotak Bluechip,120841
12-08-2025,233.81600,Kotak Bluechip,120841
11-08-2025,234.27090,Kotak Bluechip,120841
08-08-2025,232.48970,Kotak Bluechip,120841
07-08-2025,235.67910,Kotak Bluechip,120841
06-08-2025,235.13930,Kotak Bluechip,120841
05-08-2025,236.25070,Kotak Bluechip,120841
04-08-2025,237.98360,Kotak Bluechip,120841
01-08-2025,235.53400,Kotak Bluechip,120841
31-07-2025,240.15810,Kotak Bluechip,120841
30-07-2025,243.45610,Kotak Bluechip,120841
29-07-2025,243.06130,Kotak Bluechip,120841
28-07-2025,240.37700,Kotak Bluechip,120841
25-07-2025,242.22850,Kotak Bluechip,120841
24-07-2025,244.72590,Kotak Bluechip,120841
23-07-2025,245.91230,Kotak Bluechip,120841
22-07-2025,244.27000,Kotak Bluechip,120841
21-07-2025,246.48610,Kotak Bluechip,120841
18-07-2025,246.05880,Kotak Bluechip,120841
17-07-2025,247.61990,Kotak Bluechip,120841
16-07-2025,247.86510,Kotak Bluechip,120841
15-07-2025,247.64960,Kotak Bluechip,120841
14-07-2025,246.36030,Kotak Bluechip,120841
11-07-2025,245.42670,Kotak Bluechip,120841
10-07-2025,247.92590,Kotak Bluechip,120841
09-07-2025,248.25050,Kotak Bluechip,120841
08-07-2025,249.01420,Kotak Bluechip,120841
07-07-2025,249.68770,Kotak Bluechip,120841
04-07-2025,250.23430,Kotak Bluechip,120841
03-07-2025,248.61830,Kotak Bluechip,120841
02-07-2025,249.10570,Kotak Bluechip,120841
01-07-2025,248.28820,Kotak Bluechip,120841
30-06-2025,247.82730,Kotak Bluechip,120841
27-06-2025,247.14610,Kotak Bluechip,120841
26-06-2025,246.32230,Kotak Bluechip,120841
25-06-2025,243.87750,Kotak Bluechip,120841
24-06-2025,242.58750,Kotak Bluechip,120841
23-06-2025,242.26740,Kotak Bluechip,120841
20-06-2025,241.43830,Kotak Bluechip,120841
19-06-2025,238.56300,Kotak Bluechip,120841
18-06-2025,241.99560,Kotak Bluechip,120841
17-06-2025,243.23150,Kotak Bluechip,120841
16-06-2025,245.61500,Kotak Bluechip,120841
13-06-2025,243.69350,Kotak Bluechip,120841
12-06-2025,245.07360,Kotak Bluechip,120841
11-06-2025,248.66570,Kotak Bluechip,120841
10-06-2025,248.96190,Kotak Bluechip,120841
09-06-2025,249.38530,Kotak Bluechip,120841
06-06-2025,246.85390,Kotak Bluechip,120841
05-06-2025,246.35900,Kotak Bluechip,120841
04-06-2025,244.55630,Kotak Bluechip,120841
03-06-2025,242.91490,Kotak Bluechip,120841
02-06-2025,242.98490,Kotak Bluechip,120841
30-05-2025,243.28810,Kotak Bluechip,120841
29-05-2025,245.59560,Kotak Bluechip,120841
28-05-2025,244.18980,Kotak Bluechip,120841
27-05-2025,244.84710,Kotak Bluechip,120841
26-05-2025,244.66170,Kotak Bluechip,120841
23-05-2025,243.17780,Kotak Bluechip,120841
22-05-2025,242.51250,Kotak Bluechip,120841
21-05-2025,243.74660,Kotak Bluechip,120841
20-05-2025,241.44050,Kotak Bluechip,120841
19-05-2025,244.83960,Kotak Bluechip,120841
16-05-2025,245.97440,Kotak Bluechip,120841
15-05-2025,244.82280,Kotak Bluechip,120841
14-05-2025,242.83230,Kotak Bluechip,120841
13-05-2025,239.39580,Kotak Bluechip,120841
12-05-2025,239.46420,Kotak Bluechip,120841
09-05-2025,231.15890,Kotak Bluechip,120841
08-05-2025,231.23960,Kotak Bluechip,120841
07-05-2025,235.41200,Kotak Bluechip,120841
06-05-2025,233.28860,Kotak Bluechip,120841
05-05-2025,238.12590,Kotak Bluechip,120841
02-05-2025,234.77150,Kotak Bluechip,120841
30-04-2025,236.41840,Kotak Bluechip,120841
29-04-2025,237.56590,Kotak Bluechip,120841
28-04-2025,237.84030,Kotak Bluechip,120841
25-04-2025,234.11170,Kotak Bluechip,120841
24-04-2025,239.26360,Kotak Bluechip,120841
23-04-2025,239.17520,Kotak Bluechip,120841
22-04-2025,237.21510,Kotak Bluechip,120841
21-04-2025,236.18130,Kotak Bluechip,120841
17-04-2025,233.07000,Kotak Bluechip,120841
16-04-2025,231.07710,Kotak Bluechip,120841
15-04-2025,229.19420,Kotak Bluechip,120841
11-04-2025,223.76780,Kotak Bluechip,120841
09-04-2025,220.37870,Kotak Bluechip,120841
08-04-2025,221.45250,Kotak Bluechip,120841
07-04-2025,216.23630,Kotak Bluechip,120841
04-04-2025,223.14210,Kotak Bluechip,120841
03-04-2025,230.67280,Kotak Bluechip,120841
02-04-2025,229.46580,Kotak Bluechip,120841
01-04-2025,226.65970,Kotak Bluechip,120841
31-03-2025,227.72340,Kotak Bluechip,120841
28-03-2025,227.71980,Kotak Bluechip,120841
27-03-2025,228.43030,Kotak Bluechip,120841
26-03-2025,226.77850,Kotak Bluechip,120841
25-03-2025,228.56380,Kotak Bluechip,120841
24-03-2025,231.56300,Kotak Bluechip,120841
21-03-2025,228.95350,Kotak Bluechip,120841
20-03-2025,226.42200,Kotak Bluechip,120841
19-03-2025,224.17580,Kotak Bluechip,120841
18-03-2025,219.81790,Kotak Bluechip,120841
17-03-2025,216.04260,Kotak Bluechip,120841
13-03-2025,215.28160,Kotak Bluechip,120841
12-03-2025,216.59170,Kotak Bluechip,120841
11-03-2025,215.84260,Kotak Bluechip,120841
10-03-2025,215.32820,Kotak Bluechip,120841
07-03-2025,217.73490,Kotak Bluechip,120841
06-03-2025,217.36140,Kotak Bluechip,120841
05-03-2025,214.35130,Kotak Bluechip,120841
04-03-2025,208.14790,Kotak Bluechip,120841
03-03-2025,208.67430,Kotak Bluechip,120841
28-02-2025,209.93370,Kotak Bluechip,120841
27-02-2025,215.25270,Kotak Bluechip,120841
25-02-2025,217.69510,Kotak Bluechip,120841
24-02-2025,219.50910,Kotak Bluechip,120841
21-02-2025,222.19160,Kotak Bluechip,120841
20-02-2025,223.48540,Kotak Bluechip,120841
19-02-2025,221.76370,Kotak Bluechip,120841
18-02-2025,219.78780,Kotak Bluechip,120841
17-02-2025,221.54140,Kotak Bluechip,120841
14-02-2025,220.16290,Kotak Bluechip,120841
13-02-2025,224.75550,Kotak Bluechip,120841
12-02-2025,223.74700,Kotak Bluechip,120841
11-02-2025,223.66980,Kotak Bluechip,120841
10-02-2025,228.54370,Kotak Bluechip,120841
07-02-2025,232.79490,Kotak Bluechip,120841
06-02-2025,233.51210,Kotak Bluechip,120841
05-02-2025,234.77000,Kotak Bluechip,120841
04-02-2025,233.85140,Kotak Bluechip,120841
03-02-2025,229.58760,Kotak Bluechip,120841
31-01-2025,238.74590,Kotak Bluechip,120841
30-01-2025,234.02110,Kotak Bluechip,120841
29-01-2025,232.21610,Kotak Bluechip,120841
28-01-2025,228.97400,Kotak Bluechip,120841
27-01-2025,230.12100,Kotak Bluechip,120841
24-01-2025,236.84180,Kotak Bluechip,120841
23-01-2025,240.14200,Kotak Bluechip,120841
22-01-2025,238.06520,Kotak Bluechip,120841
21-01-2025,240.17730,Kotak Bluechip,120841
20-01-2025,243.38880,Kotak Bluechip,120841
17-01-2025,241.85130,Kotak Bluechip,120841
16-01-2025,239.08700,Kotak Bluechip,120841
15-01-2025,236.81930,Kotak Bluechip,120841
14-01-2025,237.23680,Kotak Bluechip,120841
13-01-2025,232.23360,Kotak Bluechip,120841
10-01-2025,240.37350,Kotak Bluechip,120841
09-01-2025,243.70670,Kotak Bluechip,120841
08-01-2025,245.65960,Kotak Bluechip,120841
07-01-2025,246.12800,Kotak Bluechip,120841
06-01-2025,245.10460,Kotak Bluechip,120841
03-01-2025,251.75580,Kotak Bluechip,120841
02-01-2025,251.29330,Kotak Bluechip,120841
01-01-2025,248.19780,Kotak Bluechip,120841
31-12-2024,246.49220,Kotak Bluechip,120841
30-12-2024,243.47220,Kotak Bluechip,120841
27-12-2024,244.06600,Kotak Bluechip,120841
26-12-2024,244.00380,Kotak Bluechip,120841
24-12-2024,244.33310,Kotak Bluechip,120841
23-12-2024,244.11490,Kotak Bluechip,120841
20-12-2024,242.15420,Kotak Bluechip,120841
19-12-2024,247.01220,Kotak Bluechip,120841
18-12-2024,249.15120,Kotak Bluechip,120841
17-12-2024,250.29680,Kotak Bluechip,120841
16-12-2024,253.21940,Kotak Bluechip,120841
13-12-2024,252.22450,Kotak Bluechip,120841
12-12-2024,252.26300,Kotak Bluechip,120841
11-12-2024,254.50990,Kotak Bluechip,120841
10-12-2024,253.23170,Kotak Bluechip,120841
09-12-2024,253.74640,Kotak Bluechip,120841
06-12-2024,253.40450,Kotak Bluechip,120841
05-12-2024,253.00510,Kotak Bluechip,120841
04-12-2024,252.61810,Kotak Bluechip,120841
03-12-2024,252.25920,Kotak Bluechip,120841
02-12-2024,250.65840,Kotak Bluechip,120841
29-11-2024,249.15510,Kotak Bluechip,120841
28-11-2024,247.07270,Kotak Bluechip,120841
27-11-2024,246.60740,Kotak Bluechip,120841
26-11-2024,245.17800,Kotak Bluechip,120841
25-11-2024,244.55130,Kotak Bluechip,120841
22-11-2024,240.63170,Kotak Bluechip,120841
21-11-2024,236.69090,Kotak Bluechip,120841
19-11-2024,240.00880,Kotak Bluechip,120841
18-11-2024,239.48100,Kotak Bluechip,120841
14-11-2024,240.39520,Kotak Bluechip,120841
13-11-2024,240.37300,Kotak Bluechip,120841
12-11-2024,244.90380,Kotak Bluechip,120841
11-11-2024,248.00540,Kotak Bluechip,120841
08-11-2024,250.13450,Kotak Bluechip,120841
07-11-2024,253.74270,Kotak Bluechip,120841
06-11-2024,256.91980,Kotak Bluechip,120841
05-11-2024,252.31120,Kotak Bluechip,120841
04-11-2024,251.69180,Kotak Bluechip,120841
31-10-2024,253.53320,Kotak Bluechip,120841
30-10-2024,255.05050,Kotak Bluechip,120841
29-10-2024,251.70440,Kotak Bluechip,120841
28-10-2024,250.39200,Kotak Bluechip,120841
25-10-2024,249.74380,Kotak Bluechip,120841
24-10-2024,254.33200,Kotak Bluechip,120841
23-10-2024,254.76880,Kotak Bluechip,120841
22-10-2024,254.99760,Kotak Bluechip,120841
21-10-2024,260.13790,Kotak Bluechip,120841
18-10-2024,263.28120,Kotak Bluechip,120841
17-10-2024,262.79870,Kotak Bluechip,120841
16-10-2024,265.53590,Kotak Bluechip,120841
15-10-2024,265.96680,Kotak Bluechip,120841
14-10-2024,266.95090,Kotak Bluechip,120841
11-10-2024,266.99490,Kotak Bluechip,120841
10-10-2024,265.50010,Kotak Bluechip,120841
09-10-2024,267.52660,Kotak Bluechip,120841
08-10-2024,266.62380,Kotak Bluechip,120841
07-10-2024,262.03360,Kotak Bluechip,120841
04-10-2024,268.02920,Kotak Bluechip,120841
03-10-2024,270.32340,Kotak Bluechip,120841
01-10-2024,274.71780,Kotak Bluechip,120841
30-09-2024,274.59140,Kotak Bluechip,120841
27-09-2024,276.85040,Kotak Bluechip,120841
26-09-2024,275.17990,Kotak Bluechip,120841
25-09-2024,273.80490,Kotak Bluechip,120841
24-09-2024,273.07000,Kotak Bluechip,120841
23-09-2024,272.04160,Kotak Bluechip,120841
20-09-2024,270.51070,Kotak Bluechip,120841
19-09-2024,268.56550,Kotak Bluechip,120841
18-09-2024,270.86160,Kotak Bluechip,120841
17-09-2024,272.85060,Kotak Bluechip,120841
16-09-2024,273.44170,Kotak Bluechip,120841
13-09-2024,274.17360,Kotak Bluechip,120841
12-09-2024,271.53000,Kotak Bluechip,120841
11-09-2024,268.70560,Kotak Bluechip,120841
10-09-2024,270.53260,Kotak Bluechip,120841
09-09-2024,268.76080,Kotak Bluechip,120841
06-09-2024,269.51290,Kotak Bluechip,120841
05-09-2024,270.83880,Kotak Bluechip,120841
04-09-2024,271.38580,Kotak Bluechip,120841
03-09-2024,271.96500,Kotak Bluechip,120841
02-09-2024,271.65470,Kotak Bluechip,120841
30-08-2024,271.87520,Kotak Bluechip,120841
29-08-2024,272.54360,Kotak Bluechip,120841
28-08-2024,273.52840,Kotak Bluechip,120841
27-08-2024,274.51940,Kotak Bluechip,120841
26-08-2024,275.74070,Kotak Bluechip,120841
23-08-2024,273.04670,Kotak Bluechip,120841
22-08-2024,274.19030,Kotak Bluechip,120841
21-08-2024,273.48510,Kotak Bluechip,120841
20-08-2024,272.17850,Kotak Bluechip,120841
19-08-2024,270.75320,Kotak Bluechip,120841
16-08-2024,268.11380,Kotak Bluechip,120841
14-08-2024,264.91840,Kotak Bluechip,120841
13-08-2024,266.64490,Kotak Bluechip,120841
12-08-2024,267.89910,Kotak Bluechip,120841
09-08-2024,267.93600,Kotak Bluechip,120841
08-08-2024,269.63240,Kotak Bluechip,120841
07-08-2024,269.16620,Kotak Bluechip,120841
06-08-2024,263.32290,Kotak Bluechip,120841
05-08-2024,265.49790,Kotak Bluechip,120841
02-08-2024,274.63820,Kotak Bluechip,120841
01-08-2024,277.22990,Kotak Bluechip,120841
31-07-2024,278.06320,Kotak Bluechip,120841
30-07-2024,276.39400,Kotak Bluechip,120841
29-07-2024,276.58950,Kotak Bluechip,120841
26-07-2024,275.76540,Kotak Bluechip,120841
25-07-2024,271.94950,Kotak Bluechip,120841
24-07-2024,272.83520,Kotak Bluechip,120841
23-07-2024,271.82250,Kotak Bluechip,120841
22-07-2024,273.18380,Kotak Bluechip,120841
19-07-2024,272.55870,Kotak Bluechip,120841
18-07-2024,278.15950,Kotak Bluechip,120841
16-07-2024,281.05430,Kotak Bluechip,120841
15-07-2024,281.10830,Kotak Bluechip,120841
12-07-2024,278.28190,Kotak Bluechip,120841
11-07-2024,278.24630,Kotak Bluechip,120841
10-07-2024,277.75180,Kotak Bluechip,120841
09-07-2024,279.57060,Kotak Bluechip,120841
08-07-2024,277.69960,Kotak Bluechip,120841
05-07-2024,278.47430,Kotak Bluechip,120841
04-07-2024,276.76350,Kotak Bluechip,120841
03-07-2024,275.95790,Kotak Bluechip,120841
02-07-2024,273.44370,Kotak Bluechip,120841
01-07-2024,272.88240,Kotak Bluechip,120841
28-06-2024,270.85150,Kotak Bluechip,120841
27-06-2024,269.78360,Kotak Bluechip,120841
26-06-2024,269.63980,Kotak Bluechip,120841
25-06-2024,270.07780,Kotak Bluechip,120841
24-06-2024,269.84480,Kotak Bluechip,120841
21-06-2024,272.38500,Kotak Bluechip,120841
20-06-2024,273.06960,Kotak Bluechip,120841
19-06-2024,271.08970,Kotak Bluechip,120841
18-06-2024,273.35250,Kotak Bluechip,120841
14-06-2024,272.79890,Kotak Bluechip,120841
13-06-2024,271.12380,Kotak Bluechip,120841
12-06-2024,270.13790,Kotak Bluechip,120841
11-06-2024,266.91250,Kotak Bluechip,120841
10-06-2024,264.35610,Kotak Bluechip,120841
07-06-2024,264.48030,Kotak Bluechip,120841
06-06-2024,260.59480,Kotak Bluechip,120841
05-06-2024,256.10550,Kotak Bluechip,120841
04-06-2024,246.10660,Kotak Bluechip,120841
03-06-2024,269.80030,Kotak Bluechip,120841
31-05-2024,260.13200,Kotak Bluechip,120841
30-05-2024,258.61510,Kotak Bluechip,120841
29-05-2024,259.09830,Kotak Bluechip,120841
28-05-2024,259.19870,Kotak Bluechip,120841
27-05-2024,261.47050,Kotak Bluechip,120841
24-05-2024,264.42230,Kotak Bluechip,120841
23-05-2024,264.28090,Kotak Bluechip,120841
22-05-2024,262.35790,Kotak Bluechip,120841
21-05-2024,263.74110,Kotak Bluechip,120841
17-05-2024,258.85890,Kotak Bluechip,120841
16-05-2024,254.83620,Kotak Bluechip,120841
15-05-2024,253.39550,Kotak Bluechip,120841
14-05-2024,252.37820,Kotak Bluechip,120841
13-05-2024,247.77440,Kotak Bluechip,120841
10-05-2024,246.54790,Kotak Bluechip,120841
09-05-2024,243.93720,Kotak Bluechip,120841
08-05-2024,248.62170,Kotak Bluechip,120841
07-05-2024,246.49450,Kotak Bluechip,120841
06-05-2024,252.00950,Kotak Bluechip,120841
03-05-2024,254.94790,Kotak Bluechip,120841
02-05-2024,255.20920,Kotak Bluechip,120841
30-04-2024,252.92000,Kotak Bluechip,120841
29-04-2024,252.89210,Kotak Bluechip,120841
26-04-2024,254.03660,Kotak Bluechip,120841
25-04-2024,249.70390,Kotak Bluechip,120841
24-04-2024,247.17660,Kotak Bluechip,120841
23-04-2024,244.58880,Kotak Bluechip,120841
22-04-2024,242.42560,Kotak Bluechip,120841
19-04-2024,240.65650,Kotak Bluechip,120841
18-04-2024,241.63940,Kotak Bluechip,120841
16-04-2024,240.65700,Kotak Bluechip,120841
15-04-2024,239.86750,Kotak Bluechip,120841
12-04-2024,242.79750,Kotak Bluechip,120841
10-04-2024,244.73960,Kotak Bluechip,120841
09-04-2024,242.32120,Kotak Bluechip,120841
08-04-2024,242.68060,Kotak Bluechip,120841
05-04-2024,242.78840,Kotak Bluechip,120841
04-04-2024,242.47420,Kotak Bluechip,120841
03-04-2024,243.22800,Kotak Bluechip,120841
02-04-2024,240.26010,Kotak Bluechip,120841
01-04-2024,237.44060,Kotak Bluechip,120841
31-03-2024,233.21920,Kotak Bluechip,120841
28-03-2024,233.22610,Kotak Bluechip,120841
27-03-2024,231.29450,Kotak Bluechip,120841
26-03-2024,230.49220,Kotak Bluechip,120841
22-03-2024,228.67950,Kotak Bluechip,120841
21-03-2024,228.50070,Kotak Bluechip,120841
20-03-2024,224.08170,Kotak Bluechip,120841
19-03-2024,223.28100,Kotak Bluechip,120841
18-03-2024,227.50490,Kotak Bluechip,120841
15-03-2024,223.94470,Kotak Bluechip,120841
14-03-2024,226.11930,Kotak Bluechip,120841
13-03-2024,222.22140,Kotak Bluechip,120841
12-03-2024,233.84080,Kotak Bluechip,120841
11-03-2024,235.01750,Kotak Bluechip,120841
07-03-2024,236.22580,Kotak Bluechip,120841
06-03-2024,235.96640,Kotak Bluechip,120841
05-03-2024,237.78500,Kotak Bluechip,120841
04-03-2024,237.42780,Kotak Bluechip,120841
01-03-2024,231.81630,Kotak Bluechip,120841
29-02-2024,228.31540,Kotak Bluechip,120841
28-02-2024,227.15510,Kotak Bluechip,120841
27-02-2024,230.42110,Kotak Bluechip,120841
26-02-2024,231.87950,Kotak Bluechip,120841
23-02-2024,233.06100,Kotak Bluechip,120841
22-02-2024,232.50250,Kotak Bluechip,120841
21-02-2024,229.83520,Kotak Bluechip,120841
20-02-2024,232.85860,Kotak Bluechip,120841
19-02-2024,233.20580,Kotak Bluechip,120841
16-02-2024,231.42920,Kotak Bluechip,120841
15-02-2024,230.83690,Kotak Bluechip,120841
14-02-2024,226.86670,Kotak Bluechip,120841
13-02-2024,224.63300,Kotak Bluechip,120841
12-02-2024,223.66980,Kotak Bluechip,120841
09-02-2024,229.71800,Kotak Bluechip,120841
08-02-2024,230.75310,Kotak Bluechip,120841
07-02-2024,230.50550,Kotak Bluechip,120841
06-02-2024,229.70840,Kotak Bluechip,120841
05-02-2024,227.47100,Kotak Bluechip,120841
02-02-2024,224.80780,Kotak Bluechip,120841
01-02-2024,221.54250,Kotak Bluechip,120841
31-01-2024,222.49220,Kotak Bluechip,120841
30-01-2024,220.03280,Kotak Bluechip,120841
29-01-2024,221.22430,Kotak Bluechip,120841
25-01-2024,216.49880,Kotak Bluechip,120841
24-01-2024,214.26400,Kotak Bluechip,120841
23-01-2024,210.75290,Kotak Bluechip,120841
19-01-2024,217.17910,Kotak Bluechip,120841
18-01-2024,212.89680,Kotak Bluechip,120841
17-01-2024,209.52560,Kotak Bluechip,120841
16-01-2024,212.26060,Kotak Bluechip,120841
15-01-2024,213.85480,Kotak Bluechip,120841
12-01-2024,211.13790,Kotak Bluechip,120841
11-01-2024,210.03250,Kotak Bluechip,120841
10-01-2024,208.83340,Kotak Bluechip,120841
09-01-2024,208.27460,Kotak Bluechip,120841
08-01-2024,207.54490,Kotak Bluechip,120841
05-01-2024,210.16490,Kotak Bluechip,120841
04-01-2024,210.04400,Kotak Bluechip,120841
03-01-2024,207.24250,Kotak Bluechip,120841
02-01-2024,206.99200,Kotak Bluechip,120841
01-01-2024,205.90270,Kotak Bluechip,120841
29-12-2023,204.95280,Kotak Bluechip,120841
28-12-2023,204.99050,Kotak Bluechip,120841
27-12-2023,201.62360,Kotak Bluechip,120841
26-12-2023,201.27010,Kotak Bluechip,120841
22-12-2023,200.71160,Kotak Bluechip,120841
21-12-2023,200.36010,Kotak Bluechip,120841
20-12-2023,195.59660,Kotak Bluechip,120841
19-12-2023,202.10360,Kotak Bluechip,120841
18-12-2023,202.51170,Kotak Bluechip,120841
15-12-2023,201.55990,Kotak Bluechip,120841
14-12-2023,200.32660,Kotak Bluechip,120841
13-12-2023,198.10830,Kotak Bluechip,120841
12-12-2023,197.35960,Kotak Bluechip,120841
11-12-2023,199.03500,Kotak Bluechip,120841
08-12-2023,197.99550,Kotak Bluechip,120841
07-12-2023,200.40170,Kotak Bluechip,120841
06-12-2023,198.88360,Kotak Bluechip,120841
05-12-2023,198.57210,Kotak Bluechip,120841
04-12-2023,197.15940,Kotak Bluechip,120841
01-12-2023,195.43070,Kotak Bluechip,120841
30-11-2023,193.11750,Kotak Bluechip,120841
29-11-2023,191.43740,Kotak Bluechip,120841
28-11-2023,190.12360,Kotak Bluechip,120841
24-11-2023,188.39070,Kotak Bluechip,120841
23-11-2023,187.29640,Kotak Bluechip,120841
22-11-2023,187.70580,Kotak Bluechip,120841
21-11-2023,187.93690,Kotak Bluechip,120841
20-11-2023,187.46190,Kotak Bluechip,120841
17-11-2023,187.89880,Kotak Bluechip,120841
16-11-2023,188.05600,Kotak Bluechip,120841
15-11-2023,186.28440,Kotak Bluechip,120841
13-11-2023,185.98120,Kotak Bluechip,120841
10-11-2023,184.57930,Kotak Bluechip,120841
09-11-2023,184.04950,Kotak Bluechip,120841
08-11-2023,184.49270,Kotak Bluechip,120841
07-11-2023,182.92010,Kotak Bluechip,120841
06-11-2023,182.06350,Kotak Bluechip,120841
03-11-2023,180.47610,Kotak Bluechip,120841
02-11-2023,179.98860,Kotak Bluechip,120841
01-11-2023,176.66550,Kotak Bluechip,120841
31-10-2023,176.47230,Kotak Bluechip,120841
30-10-2023,176.37260,Kotak Bluechip,120841
27-10-2023,175.78870,Kotak Bluechip,120841
26-10-2023,173.63020,Kotak Bluechip,120841
25-10-2023,174.65330,Kotak Bluechip,120841
23-10-2023,175.63220,Kotak Bluechip,120841
20-10-2023,180.27280,Kotak Bluechip,120841
19-10-2023,182.87280,Kotak Bluechip,120841
18-10-2023,182.61420,Kotak Bluechip,120841
17-10-2023,184.71530,Kotak Bluechip,120841
16-10-2023,184.13220,Kotak Bluechip,120841
13-10-2023,183.72320,Kotak Bluechip,120841
12-10-2023,184.69350,Kotak Bluechip,120841
11-10-2023,181.70820,Kotak Bluechip,120841
10-10-2023,180.44850,Kotak Bluechip,120841
09-10-2023,177.67780,Kotak Bluechip,120841
06-10-2023,180.12730,Kotak Bluechip,120841
05-10-2023,179.35140,Kotak Bluechip,120841
04-10-2023,179.60640,Kotak Bluechip,120841
03-10-2023,182.32460,Kotak Bluechip,120841
29-09-2023,182.32110,Kotak Bluechip,120841
27-09-2023,182.19940,Kotak Bluechip,120841
26-09-2023,180.70820,Kotak Bluechip,120841
25-09-2023,180.21270,Kotak Bluechip,120841
22-09-2023,178.42280,Kotak Bluechip,120841
21-09-2023,178.71280,Kotak Bluechip,120841
20-09-2023,179.80080,Kotak Bluechip,120841
18-09-2023,181.39550,Kotak Bluechip,120841
15-09-2023,181.82060,Kotak Bluechip,120841
14-09-2023,181.77950,Kotak Bluechip,120841
13-09-2023,180.75730,Kotak Bluechip,120841
12-09-2023,178.53770,Kotak Bluechip,120841
11-09-2023,182.70230,Kotak Bluechip,120841
08-09-2023,180.53120,Kotak Bluechip,120841
07-09-2023,179.06150,Kotak Bluechip,120841
06-09-2023,178.45060,Kotak Bluechip,120841
05-09-2023,179.15310,Kotak Bluechip,120841
04-09-2023,177.59600,Kotak Bluechip,120841
01-09-2023,175.35290,Kotak Bluechip,120841
31-08-2023,172.72570,Kotak Bluechip,120841
30-08-2023,172.87890,Kotak Bluechip,120841
29-08-2023,171.74310,Kotak Bluechip,120841
28-08-2023,171.58600,Kotak Bluechip,120841
25-08-2023,170.41030,Kotak Bluechip,120841
24-08-2023,171.31850,Kotak Bluechip,120841
23-08-2023,172.38170,Kotak Bluechip,120841
22-08-2023,172.45170,Kotak Bluechip,120841
21-08-2023,171.14400,Kotak Bluechip,120841
18-08-2023,170.25420,Kotak Bluechip,120841
17-08-2023,170.28750,Kotak Bluechip,120841
16-08-2023,169.97280,Kotak Bluechip,120841
14-08-2023,169.37510,Kotak Bluechip,120841
11-08-2023,170.06360,Kotak Bluechip,120841
10-08-2023,170.75990,Kotak Bluechip,120841
09-08-2023,170.32860,Kotak Bluechip,120841
08-08-2023,169.60700,Kotak Bluechip,120841
07-08-2023,168.90460,Kotak Bluechip,120841
04-08-2023,168.02840,Kotak Bluechip,120841
03-08-2023,167.61710,Kotak Bluechip,120841
02-08-2023,167.22170,Kotak Bluechip,120841
01-08-2023,170.48700,Kotak Bluechip,120841
31-07-2023,171.12200,Kotak Bluechip,120841
28-07-2023,170.60530,Kotak Bluechip,120841
27-07-2023,169.30050,Kotak Bluechip,120841
26-07-2023,168.31660,Kotak Bluechip,120841
25-07-2023,165.26900,Kotak Bluechip,120841
24-07-2023,164.44360,Kotak Bluechip,120841
21-07-2023,164.27070,Kotak Bluechip,120841
20-07-2023,164.83060,Kotak Bluechip,120841
19-07-2023,164.09550,Kotak Bluechip,120841
18-07-2023,162.77160,Kotak Bluechip,120841
17-07-2023,163.20760,Kotak Bluechip,120841
14-07-2023,161.93010,Kotak Bluechip,120841
13-07-2023,159.80870,Kotak Bluechip,120841
12-07-2023,161.54150,Kotak Bluechip,120841
11-07-2023,161.05700,Kotak Bluechip,120841
10-07-2023,160.03430,Kotak Bluechip,120841
07-07-2023,160.18350,Kotak Bluechip,120841
06-07-2023,160.49790,Kotak Bluechip,120841
05-07-2023,159.31000,Kotak Bluechip,120841
04-07-2023,158.42540,Kotak Bluechip,120841
03-07-2023,158.39860,Kotak Bluechip,120841
30-06-2023,156.87760,Kotak Bluechip,120841
28-06-2023,155.69110,Kotak Bluechip,120841
27-06-2023,154.69070,Kotak Bluechip,120841
26-06-2023,153.89630,Kotak Bluechip,120841
23-06-2023,153.18750,Kotak Bluechip,120841
22-06-2023,154.55860,Kotak Bluechip,120841
21-06-2023,156.35350,Kotak Bluechip,120841
20-06-2023,154.95880,Kotak Bluechip,120841
19-06-2023,154.57520,Kotak Bluechip,120841
16-06-2023,154.80560,Kotak Bluechip,120841
15-06-2023,153.69120,Kotak Bluechip,120841
14-06-2023,154.35170,Kotak Bluechip,120841
13-06-2023,153.76760,Kotak Bluechip,120841
12-06-2023,151.32190,Kotak Bluechip,120841
09-06-2023,150.49850,Kotak Bluechip,120841
08-06-2023,150.47920,Kotak Bluechip,120841
07-06-2023,151.55830,Kotak Bluechip,120841
06-06-2023,149.95410,Kotak Bluechip,120841
05-06-2023,149.87710,Kotak Bluechip,120841
02-06-2023,149.27490,Kotak Bluechip,120841
01-06-2023,148.82140,Kotak Bluechip,120841
31-05-2023,148.25210,Kotak Bluechip,120841
30-05-2023,148.25810,Kotak Bluechip,120841
29-05-2023,147.21310,Kotak Bluechip,120841
26-05-2023,146.99070,Kotak Bluechip,120841
25-05-2023,145.57900,Kotak Bluechip,120841
24-05-2023,145.20010,Kotak Bluechip,120841
23-05-2023,145.29430,Kotak Bluechip,120841
22-05-2023,145.29820,Kotak Bluechip,120841
19-05-2023,144.58520,Kotak Bluechip,120841
18-05-2023,144.55640,Kotak Bluechip,120841
17-05-2023,145.54360,Kotak Bluechip,120841
16-05-2023,146.00160,Kotak Bluechip,120841
15-05-2023,146.18920,Kotak Bluechip,120841
12-05-2023,145.36710,Kotak Bluechip,120841
11-05-2023,146.08690,Kotak Bluechip,120841
10-05-2023,146.40760,Kotak Bluechip,120841
09-05-2023,146.96460,Kotak Bluechip,120841
08-05-2023,147.32980,Kotak Bluechip,120841
05-05-2023,146.23960,Kotak Bluechip,120841
04-05-2023,148.17130,Kotak Bluechip,120841
03-05-2023,146.93040,Kotak Bluechip,120841
02-05-2023,147.47070,Kotak Bluechip,120841
28-04-2023,146.36580,Kotak Bluechip,120841
27-04-2023,143.96850,Kotak Bluechip,120841
26-04-2023,143.88990,Kotak Bluechip,120841
25-04-2023,143.26850,Kotak Bluechip,120841
24-04-2023,143.06050,Kotak Bluechip,120841
21-04-2023,142.11200,Kotak Bluechip,120841
20-04-2023,142.86970,Kotak Bluechip,120841
19-04-2023,142.77040,Kotak Bluechip,120841
18-04-2023,142.84660,Kotak Bluechip,120841
17-04-2023,142.83240,Kotak Bluechip,120841
13-04-2023,142.50510,Kotak Bluechip,120841
12-04-2023,142.10340,Kotak Bluechip,120841
11-04-2023,141.93360,Kotak Bluechip,120841
10-04-2023,141.25300,Kotak Bluechip,120841
06-04-2023,140.89730,Kotak Bluechip,120841
05-04-2023,140.18580,Kotak Bluechip,120841
03-04-2023,140.08030,Kotak Bluechip,120841
31-03-2023,139.19770,Kotak Bluechip,120841
29-03-2023,137.20990,Kotak Bluechip,120841
28-03-2023,134.80720,Kotak Bluechip,120841
27-03-2023,135.01550,Kotak Bluechip,120841
24-03-2023,135.39020,Kotak Bluechip,120841
23-03-2023,136.76990,Kotak Bluechip,120841
22-03-2023,137.80240,Kotak Bluechip,120841
21-03-2023,137.42400,Kotak Bluechip,120841
20-03-2023,136.29040,Kotak Bluechip,120841
17-03-2023,137.97190,Kotak Bluechip,120841
16-03-2023,137.71930,Kotak Bluechip,120841
15-03-2023,137.86010,Kotak Bluechip,120841
14-03-2023,137.98460,Kotak Bluechip,120841
13-03-2023,139.65850,Kotak Bluechip,120841
10-03-2023,142.52470,Kotak Bluechip,120841
09-03-2023,144.00230,Kotak Bluechip,120841
08-03-2023,144.83620,Kotak Bluechip,120841
06-03-2023,143.97380,Kotak Bluechip,120841
03-03-2023,143.23780,Kotak Bluechip,120841
02-03-2023,141.21250,Kotak Bluechip,120841
01-03-2023,141.09570,Kotak Bluechip,120841
28-02-2023,139.42660,Kotak Bluechip,120841
27-02-2023,139.11440,Kotak Bluechip,120841
24-02-2023,139.79420,Kotak Bluechip,120841
23-02-2023,141.24080,Kotak Bluechip,120841
22-02-2023,141.17450,Kotak Bluechip,120841
21-02-2023,142.64170,Kotak Bluechip,120841
20-02-2023,143.17700,Kotak Bluechip,120841
17-02-2023,143.21640,Kotak Bluechip,120841
16-02-2023,144.31780,Kotak Bluechip,120841
15-02-2023,143.16220,Kotak Bluechip,120841
14-02-2023,141.95870,Kotak Bluechip,120841
13-02-2023,141.61870,Kotak Bluechip,120841
10-02-2023,142.88880,Kotak Bluechip,120841
09-02-2023,142.12720,Kotak Bluechip,120841
08-02-2023,142.21130,Kotak Bluechip,120841
07-02-2023,141.39970,Kotak Bluechip,120841
06-02-2023,142.13990,Kotak Bluechip,120841
03-02-2023,141.83290,Kotak Bluechip,120841
02-02-2023,141.43430,Kotak Bluechip,120841
01-02-2023,141.18900,Kotak Bluechip,120841
31-01-2023,144.65780,Kotak Bluechip,120841
30-01-2023,141.18360,Kotak Bluechip,120841
27-01-2023,141.37070,Kotak Bluechip,120841
25-01-2023,146.00430,Kotak Bluechip,120841
24-01-2023,149.14140,Kotak Bluechip,120841
23-01-2023,150.25570,Kotak Bluechip,120841
20-01-2023,150.05170,Kotak Bluechip,120841
19-01-2023,150.80090,Kotak Bluechip,120841
18-01-2023,150.74110,Kotak Bluechip,120841
17-01-2023,150.91900,Kotak Bluechip,120841
16-01-2023,151.41800,Kotak Bluechip,120841
13-01-2023,151.25590,Kotak Bluechip,120841
12-01-2023,150.53840,Kotak Bluechip,120841
11-01-2023,151.35550,Kotak Bluechip,120841
10-01-2023,150.98170,Kotak Bluechip,120841
09-01-2023,152.28430,Kotak Bluechip,120841
06-01-2023,150.56030,Kotak Bluechip,120841
05-01-2023,151.82080,Kotak Bluechip,120841
04-01-2023,150.96400,Kotak Bluechip,120841
03-01-2023,152.95690,Kotak Bluechip,120841
02-01-2023,152.10240,Kotak Bluechip,120841
30-12-2022,150.25850,Kotak Bluechip,120841
29-12-2022,148.65370,Kotak Bluechip,120841
28-12-2022,148.20890,Kotak Bluechip,120841
27-12-2022,148.03850,Kotak Bluechip,120841
26-12-2022,145.82910,Kotak Bluechip,120841
23-12-2022,140.38610,Kotak Bluechip,120841
22-12-2022,146.83450,Kotak Bluechip,120841
21-12-2022,148.56600,Kotak Bluechip,120841
20-12-2022,152.07560,Kotak Bluechip,120841
19-12-2022,152.52100,Kotak Bluechip,120841
16-12-2022,151.18210,Kotak Bluechip,120841
15-12-2022,153.85810,Kotak Bluechip,120841
14-12-2022,155.62150,Kotak Bluechip,120841
13-12-2022,155.14660,Kotak Bluechip,120841
12-12-2022,153.60170,Kotak Bluechip,120841
09-12-2022,152.63430,Kotak Bluechip,120841
08-12-2022,154.73710,Kotak Bluechip,120841
07-12-2022,152.66130,Kotak Bluechip,120841
06-12-2022,152.91560,Kotak Bluechip,120841
05-12-2022,153.07900,Kotak Bluechip,120841
02-12-2022,152.38860,Kotak Bluechip,120841
01-12-2022,151.31280,Kotak Bluechip,120841
30-11-2022,149.66500,Kotak Bluechip,120841
29-11-2022,149.71150,Kotak Bluechip,120841
28-11-2022,149.99240,Kotak Bluechip,120841
25-11-2022,149.23330,Kotak Bluechip,120841
24-11-2022,147.59410,Kotak Bluechip,120841
23-11-2022,147.02590,Kotak Bluechip,120841
22-11-2022,146.29660,Kotak Bluechip,120841
21-11-2022,145.14870,Kotak Bluechip,120841
18-11-2022,144.31650,Kotak Bluechip,120841
17-11-2022,144.08310,Kotak Bluechip,120841
16-11-2022,144.36850,Kotak Bluechip,120841
15-11-2022,145.80040,Kotak Bluechip,120841
14-11-2022,145.96420,Kotak Bluechip,120841
11-11-2022,146.30300,Kotak Bluechip,120841
10-11-2022,146.80620,Kotak Bluechip,120841
09-11-2022,147.57420,Kotak Bluechip,120841
07-11-2022,146.10470,Kotak Bluechip,120841
04-11-2022,145.65000,Kotak Bluechip,120841
03-11-2022,145.43110,Kotak Bluechip,120841
02-11-2022,144.35720,Kotak Bluechip,120841
01-11-2022,144.45540,Kotak Bluechip,120841
31-10-2022,144.50660,Kotak Bluechip,120841
28-10-2022,143.30290,Kotak Bluechip,120841
27-10-2022,143.61540,Kotak Bluechip,120841
25-10-2022,142.47030,Kotak Bluechip,120841
21-10-2022,141.34020,Kotak Bluechip,120841
20-10-2022,142.42910,Kotak Bluechip,120841
19-10-2022,142.14610,Kotak Bluechip,120841
18-10-2022,142.09110,Kotak Bluechip,120841
17-10-2022,140.11570,Kotak Bluechip,120841
14-10-2022,139.01920,Kotak Bluechip,120841
13-10-2022,139.15900,Kotak Bluechip,120841
12-10-2022,140.58430,Kotak Bluechip,120841
11-10-2022,139.29990,Kotak Bluechip,120841
10-10-2022,142.09860,Kotak Bluechip,120841
07-10-2022,142.96060,Kotak Bluechip,120841
06-10-2022,142.87240,Kotak Bluechip,120841
04-10-2022,141.58150,Kotak Bluechip,120841
03-10-2022,137.91700,Kotak Bluechip,120841
30-09-2022,140.71020,Kotak Bluechip,120841
29-09-2022,138.42880,Kotak Bluechip,120841
28-09-2022,137.52520,Kotak Bluechip,120841
27-09-2022,139.23900,Kotak Bluechip,120841
26-09-2022,138.90110,Kotak Bluechip,120841
23-09-2022,143.75640,Kotak Bluechip,120841
22-09-2022,147.02750,Kotak Bluechip,120841
21-09-2022,147.08900,Kotak Bluechip,120841
20-09-2022,148.09990,Kotak Bluechip,120841
19-09-2022,146.44190,Kotak Bluechip,120841
16-09-2022,144.62790,Kotak Bluechip,120841
15-09-2022,148.08740,Kotak Bluechip,120841
14-09-2022,147.72330,Kotak Bluechip,120841
13-09-2022,147.02810,Kotak Bluechip,120841
12-09-2022,146.65050,Kotak Bluechip,120841
09-09-2022,145.29520,Kotak Bluechip,120841
08-09-2022,144.58180,Kotak Bluechip,120841
07-09-2022,143.29480,Kotak Bluechip,120841
06-09-2022,142.60980,Kotak Bluechip,120841
05-09-2022,142.54140,Kotak Bluechip,120841
02-09-2022,141.54790,Kotak Bluechip,120841
01-09-2022,140.34870,Kotak Bluechip,120841
30-08-2022,139.80720,Kotak Bluechip,120841
29-08-2022,137.42540,Kotak Bluechip,120841
26-08-2022,138.05880,Kotak Bluechip,120841
25-08-2022,136.55250,Kotak Bluechip,120841
24-08-2022,137.23370,Kotak Bluechip,120841
23-08-2022,135.72560,Kotak Bluechip,120841
22-08-2022,134.41950,Kotak Bluechip,120841
19-08-2022,135.94000,Kotak Bluechip,120841
18-08-2022,136.24580,Kotak Bluechip,120841
17-08-2022,136.07950,Kotak Bluechip,120841
16-08-2022,136.15430,Kotak Bluechip,120841
12-08-2022,134.44210,Kotak Bluechip,120841
11-08-2022,134.67310,Kotak Bluechip,120841
10-08-2022,133.68400,Kotak Bluechip,120841
08-08-2022,134.00480,Kotak Bluechip,120841
05-08-2022,133.30980,Kotak Bluechip,120841
04-08-2022,132.77870,Kotak Bluechip,120841
03-08-2022,133.96740,Kotak Bluechip,120841
02-08-2022,134.51690,Kotak Bluechip,120841
01-08-2022,134.38730,Kotak Bluechip,120841
29-07-2022,132.63750,Kotak Bluechip,120841
28-07-2022,131.07390,Kotak Bluechip,120841
27-07-2022,130.91630,Kotak Bluechip,120841
26-07-2022,129.80950,Kotak Bluechip,120841
25-07-2022,130.50510,Kotak Bluechip,120841
22-07-2022,130.48690,Kotak Bluechip,120841
21-07-2022,130.31750,Kotak Bluechip,120841
20-07-2022,128.34940,Kotak Bluechip,120841
19-07-2022,128.54860,Kotak Bluechip,120841
18-07-2022,127.64180,Kotak Bluechip,120841
15-07-2022,125.92860,Kotak Bluechip,120841
14-07-2022,125.15830,Kotak Bluechip,120841
13-07-2022,125.92550,Kotak Bluechip,120841
12-07-2022,126.17130,Kotak Bluechip,120841
11-07-2022,126.51950,Kotak Bluechip,120841
08-07-2022,125.37230,Kotak Bluechip,120841
07-07-2022,125.03870,Kotak Bluechip,120841
06-07-2022,123.15030,Kotak Bluechip,120841
05-07-2022,121.54460,Kotak Bluechip,120841
04-07-2022,121.60480,Kotak Bluechip,120841
01-07-2022,120.35860,Kotak Bluechip,120841
30-06-2022,119.98350,Kotak Bluechip,120841
29-06-2022,121.30450,Kotak Bluechip,120841
28-06-2022,121.39010,Kotak Bluechip,120841
27-06-2022,120.93240,Kotak Bluechip,120841
24-06-2022,119.92590,Kotak Bluechip,120841
23-06-2022,118.06990,Kotak Bluechip,120841
22-06-2022,116.65600,Kotak Bluechip,120841
21-06-2022,119.12330,Kotak Bluechip,120841
20-06-2022,115.45940,Kotak Bluechip,120841
17-06-2022,117.28600,Kotak Bluechip,120841
16-06-2022,117.86470,Kotak Bluechip,120841
15-06-2022,120.98350,Kotak Bluechip,120841
14-06-2022,121.49340,Kotak Bluechip,120841
13-06-2022,121.50620,Kotak Bluechip,120841
10-06-2022,125.70570,Kotak Bluechip,120841
09-06-2022,126.41980,Kotak Bluechip,120841
08-06-2022,125.60390,Kotak Bluechip,120841
07-06-2022,126.17560,Kotak Bluechip,120841
06-06-2022,126.80110,Kotak Bluechip,120841
03-06-2022,127.14360,Kotak Bluechip,120841
02-06-2022,128.93050,Kotak Bluechip,120841
01-06-2022,127.75550,Kotak Bluechip,120841
31-05-2022,127.66610,Kotak Bluechip,120841
30-05-2022,128.30990,Kotak Bluechip,120841
27-05-2022,125.36690,Kotak Bluechip,120841
26-05-2022,123.73390,Kotak Bluechip,120841
25-05-2022,122.49120,Kotak Bluechip,120841
24-05-2022,125.06770,Kotak Bluechip,120841
23-05-2022,126.55240,Kotak Bluechip,120841
20-05-2022,127.51410,Kotak Bluechip,120841
19-05-2022,123.90270,Kotak Bluechip,120841
18-05-2022,127.11440,Kotak Bluechip,120841
17-05-2022,126.96140,Kotak Bluechip,120841
16-05-2022,123.26960,Kotak Bluechip,120841
13-05-2022,120.74550,Kotak Bluechip,120841
12-05-2022,120.11960,Kotak Bluechip,120841
11-05-2022,122.66520,Kotak Bluechip,120841
10-05-2022,124.59860,Kotak Bluechip,120841
09-05-2022,127.11310,Kotak Bluechip,120841
06-05-2022,129.57220,Kotak Bluechip,120841
05-05-2022,130.96870,Kotak Bluechip,120841
04-05-2022,130.57760,Kotak Bluechip,120841
02-05-2022,135.12520,Kotak Bluechip,120841
29-04-2022,135.42380,Kotak Bluechip,120841
28-04-2022,136.14670,Kotak Bluechip,120841
27-04-2022,135.48550,Kotak Bluechip,120841
26-04-2022,135.92780,Kotak Bluechip,120841
25-04-2022,133.37530,Kotak Bluechip,120841
22-04-2022,136.70780,Kotak Bluechip,120841
21-04-2022,138.08410,Kotak Bluechip,120841
20-04-2022,136.04070,Kotak Bluechip,120841
19-04-2022,136.21500,Kotak Bluechip,120841
18-04-2022,138.41530,Kotak Bluechip,120841
13-04-2022,139.54620,Kotak Bluechip,120841
12-04-2022,140.06600,Kotak Bluechip,120841
11-04-2022,141.74200,Kotak Bluechip,120841
08-04-2022,141.30350,Kotak Bluechip,120841
07-04-2022,138.73430,Kotak Bluechip,120841
06-04-2022,139.28680,Kotak Bluechip,120841
05-04-2022,138.39600,Kotak Bluechip,120841
04-04-2022,138.17570,Kotak Bluechip,120841
01-04-2022,137.16960,Kotak Bluechip,120841
31-03-2022,135.68360,Kotak Bluechip,120841
30-03-2022,134.32130,Kotak Bluechip,120841
29-03-2022,132.71460,Kotak Bluechip,120841
28-03-2022,130.14680,Kotak Bluechip,120841
25-03-2022,130.65460,Kotak Bluechip,120841
24-03-2022,130.07870,Kotak Bluechip,120841
23-03-2022,127.25150,Kotak Bluechip,120841
22-03-2022,126.36800,Kotak Bluechip,120841
21-03-2022,126.32590,Kotak Bluechip,120841
17-03-2022,125.80220,Kotak Bluechip,120841
16-03-2022,124.55930,Kotak Bluechip,120841
15-03-2022,122.43050,Kotak Bluechip,120841
14-03-2022,122.83030,Kotak Bluechip,120841
11-03-2022,122.62140,Kotak Bluechip,120841
10-03-2022,122.11450,Kotak Bluechip,120841
09-03-2022,121.82610,Kotak Bluechip,120841
08-03-2022,118.31430,Kotak Bluechip,120841
07-03-2022,116.58480,Kotak Bluechip,120841
04-03-2022,118.58410,Kotak Bluechip,120841
03-03-2022,121.30600,Kotak Bluechip,120841
02-03-2022,120.94980,Kotak Bluechip,120841
28-02-2022,121.33140,Kotak Bluechip,120841
25-02-2022,120.14300,Kotak Bluechip,120841
24-02-2022,115.35400,Kotak Bluechip,120841
23-02-2022,122.48410,Kotak Bluechip,120841
22-02-2022,122.14000,Kotak Bluechip,120841
21-02-2022,124.02260,Kotak Bluechip,120841
18-02-2022,125.04810,Kotak Bluechip,120841
17-02-2022,126.12270,Kotak Bluechip,120841
16-02-2022,126.58860,Kotak Bluechip,120841
15-02-2022,126.53170,Kotak Bluechip,120841
14-02-2022,123.33250,Kotak Bluechip,120841
11-02-2022,128.11040,Kotak Bluechip,120841
10-02-2022,130.32100,Kotak Bluechip,120841
09-02-2022,129.71800,Kotak Bluechip,120841
08-02-2022,128.25570,Kotak Bluechip,120841
07-02-2022,129.39860,Kotak Bluechip,120841
04-02-2022,130.64920,Kotak Bluechip,120841
03-02-2022,131.64620,Kotak Bluechip,120841
02-02-2022,132.05230,Kotak Bluechip,120841
01-02-2022,129.73130,Kotak Bluechip,120841
31-01-2022,128.12080,Kotak Bluechip,120841
28-01-2022,126.21270,Kotak Bluechip,120841
27-01-2022,124.56140,Kotak Bluechip,120841
25-01-2022,124.17980,Kotak Bluechip,120841
24-01-2022,122.39920,Kotak Bluechip,120841
21-01-2022,126.96730,Kotak Bluechip,120841
20-01-2022,129.12060,Kotak Bluechip,120841
19-01-2022,129.41170,Kotak Bluechip,120841
18-01-2022,129.72850,Kotak Bluechip,120841
17-01-2022,131.66760,Kotak Bluechip,120841
14-01-2022,131.32470,Kotak Bluechip,120841
13-01-2022,130.95520,Kotak Bluechip,120841
12-01-2022,130.41420,Kotak Bluechip,120841
11-01-2022,128.93760,Kotak Bluechip,120841
10-01-2022,128.68340,Kotak Bluechip,120841
07-01-2022,126.99770,Kotak Bluechip,120841
06-01-2022,127.20910,Kotak Bluechip,120841
05-01-2022,127.23680,Kotak Bluechip,120841
04-01-2022,126.49060,Kotak Bluechip,120841
03-01-2022,126.50680,Kotak Bluechip,120841
31-12-2021,125.28070,Kotak Bluechip,120841
30-12-2021,123.80130,Kotak Bluechip,120841
29-12-2021,124.47170,Kotak Bluechip,120841
28-12-2021,124.57600,Kotak Bluechip,120841
27-12-2021,123.31880,Kotak Bluechip,120841
24-12-2021,122.87400,Kotak Bluechip,120841
23-12-2021,124.19310,Kotak Bluechip,120841
22-12-2021,123.26280,Kotak Bluechip,120841
21-12-2021,121.79500,Kotak Bluechip,120841
20-12-2021,119.71000,Kotak Bluechip,120841
17-12-2021,123.67490,Kotak Bluechip,120841
16-12-2021,127.20770,Kotak Bluechip,120841
15-12-2021,128.03050,Kotak Bluechip,120841
14-12-2021,129.40640,Kotak Bluechip,120841
13-12-2021,130.51650,Kotak Bluechip,120841
10-12-2021,130.51460,Kotak Bluechip,120841
09-12-2021,128.93600,Kotak Bluechip,120841
08-12-2021,127.87770,Kotak Bluechip,120841
07-12-2021,125.90460,Kotak Bluechip,120841
06-12-2021,123.56840,Kotak Bluechip,120841
03-12-2021,125.67910,Kotak Bluechip,120841
02-12-2021,126.11150,Kotak Bluechip,120841
01-12-2021,125.26890,Kotak Bluechip,120841
30-11-2021,123.28820,Kotak Bluechip,120841
29-11-2021,123.49470,Kotak Bluechip,120841
26-11-2021,124.51820,Kotak Bluechip,120841
25-11-2021,127.30850,Kotak Bluechip,120841
24-11-2021,126.76010,Kotak Bluechip,120841
23-11-2021,126.69710,Kotak Bluechip,120841
22-11-2021,124.84280,Kotak Bluechip,120841
18-11-2021,127.77370,Kotak Bluechip,120841
17-11-2021,127.61500,Kotak Bluechip,120841
16-11-2021,128.23580,Kotak Bluechip,120841
15-11-2021,127.94410,Kotak Bluechip,120841
12-11-2021,127.81620,Kotak Bluechip,120841
11-11-2021,126.70110,Kotak Bluechip,120841
10-11-2021,128.52920,Kotak Bluechip,120841
09-11-2021,129.46270,Kotak Bluechip,120841
08-11-2021,126.55530,Kotak Bluechip,120841
03-11-2021,123.96710,Kotak Bluechip,120841
02-11-2021,124.35280,Kotak Bluechip,120841
01-11-2021,122.37310,Kotak Bluechip,120841
29-10-2021,121.12500,Kotak Bluechip,120841
28-10-2021,120.58650,Kotak Bluechip,120841
27-10-2021,125.17660,Kotak Bluechip,120841
26-10-2021,124.23590,Kotak Bluechip,120841
25-10-2021,122.38860,Kotak Bluechip,120841
22-10-2021,123.57950,Kotak Bluechip,120841
21-10-2021,124.05660,Kotak Bluechip,120841
20-10-2021,123.81360,Kotak Bluechip,120841
19-10-2021,125.35300,Kotak Bluechip,120841
18-10-2021,128.13340,Kotak Bluechip,120841
14-10-2021,128.10770,Kotak Bluechip,120841
13-10-2021,126.73290,Kotak Bluechip,120841
12-10-2021,125.38650,Kotak Bluechip,120841
11-10-2021,125.08330,Kotak Bluechip,120841
08-10-2021,124.41680,Kotak Bluechip,120841
07-10-2021,123.90850,Kotak Bluechip,120841
06-10-2021,121.00310,Kotak Bluechip,120841
05-10-2021,122.80850,Kotak Bluechip,120841
04-10-2021,121.36770,Kotak Bluechip,120841
01-10-2021,119.60670,Kotak Bluechip,120841
30-09-2021,119.63750,Kotak Bluechip,120841
29-09-2021,119.51440,Kotak Bluechip,120841
28-09-2021,118.95510,Kotak Bluechip,120841
27-09-2021,120.52590,Kotak Bluechip,120841
24-09-2021,120.40510,Kotak Bluechip,120841
23-09-2021,121.35430,Kotak Bluechip,120841
22-09-2021,119.05670,Kotak Bluechip,120841
21-09-2021,116.82530,Kotak Bluechip,120841
20-09-2021,116.27390,Kotak Bluechip,120841
17-09-2021,118.29590,Kotak Bluechip,120841
16-09-2021,120.08890,Kotak Bluechip,120841
15-09-2021,120.18090,Kotak Bluechip,120841
14-09-2021,119.68250,Kotak Bluechip,120841
13-09-2021,118.00070,Kotak Bluechip,120841
09-09-2021,117.59040,Kotak Bluechip,120841
08-09-2021,117.25610,Kotak Bluechip,120841
07-09-2021,117.17230,Kotak Bluechip,120841
06-09-2021,118.41290,Kotak Bluechip,120841
03-09-2021,118.32320,Kotak Bluechip,120841
02-09-2021,116.83840,Kotak Bluechip,120841
01-09-2021,115.81900,Kotak Bluechip,120841
31-08-2021,115.08030,Kotak Bluechip,120841
30-08-2021,114.56170,Kotak Bluechip,120841
27-08-2021,112.85230,Kotak Bluechip,120841
26-08-2021,111.32240,Kotak Bluechip,120841
25-08-2021,111.25870,Kotak Bluechip,120841
24-08-2021,110.74650,Kotak Bluechip,120841
23-08-2021,108.56360,Kotak Bluechip,120841
20-08-2021,110.10440,Kotak Bluechip,120841
18-08-2021,112.25950,Kotak Bluechip,120841
17-08-2021,112.45960,Kotak Bluechip,120841
16-08-2021,112.94770,Kotak Bluechip,120841
13-08-2021,113.20910,Kotak Bluechip,120841
12-08-2021,113.48080,Kotak Bluechip,120841
11-08-2021,111.62550,Kotak Bluechip,120841
10-08-2021,111.33680,Kotak Bluechip,120841
09-08-2021,113.76660,Kotak Bluechip,120841
06-08-2021,115.07730,Kotak Bluechip,120841
05-08-2021,114.89140,Kotak Bluechip,120841
04-08-2021,116.38950,Kotak Bluechip,120841
03-08-2021,118.24700,Kotak Bluechip,120841
02-08-2021,117.60430,Kotak Bluechip,120841
30-07-2021,116.20140,Kotak Bluechip,120841
29-07-2021,115.36920,Kotak Bluechip,120841
28-07-2021,114.80530,Kotak Bluechip,120841
27-07-2021,114.73060,Kotak Bluechip,120841
26-07-2021,114.63990,Kotak Bluechip,120841
23-07-2021,113.84970,Kotak Bluechip,120841
22-07-2021,114.42460,Kotak Bluechip,120841
20-07-2021,112.63940,Kotak Bluechip,120841
19-07-2021,114.58250,Kotak Bluechip,120841
16-07-2021,114.87080,Kotak Bluechip,120841
15-07-2021,113.98960,Kotak Bluechip,120841
14-07-2021,113.99170,Kotak Bluechip,120841
13-07-2021,113.16380,Kotak Bluechip,120841
12-07-2021,112.51960,Kotak Bluechip,120841
09-07-2021,112.67120,Kotak Bluechip,120841
08-07-2021,112.44260,Kotak Bluechip,120841
07-07-2021,113.53510,Kotak Bluechip,120841
06-07-2021,112.88440,Kotak Bluechip,120841
05-07-2021,112.52490,Kotak Bluechip,120841
02-07-2021,111.42490,Kotak Bluechip,120841
01-07-2021,110.34940,Kotak Bluechip,120841
30-06-2021,110.03100,Kotak Bluechip,120841
29-06-2021,109.76620,Kotak Bluechip,120841
28-06-2021,110.44740,Kotak Bluechip,120841
25-06-2021,110.59510,Kotak Bluechip,120841
24-06-2021,109.15050,Kotak Bluechip,120841
23-06-2021,109.38200,Kotak Bluechip,120841
22-06-2021,109.06710,Kotak Bluechip,120841
21-06-2021,108.33000,Kotak Bluechip,120841
18-06-2021,107.79610,Kotak Bluechip,120841
17-06-2021,107.78130,Kotak Bluechip,120841
16-06-2021,108.93610,Kotak Bluechip,120841
15-06-2021,109.46850,Kotak Bluechip,120841
14-06-2021,109.39740,Kotak Bluechip,120841
11-06-2021,108.28120,Kotak Bluechip,120841
10-06-2021,107.82070,Kotak Bluechip,120841
09-06-2021,106.60640,Kotak Bluechip,120841
08-06-2021,107.84850,Kotak Bluechip,120841
07-06-2021,107.82340,Kotak Bluechip,120841
04-06-2021,106.66580,Kotak Bluechip,120841
03-06-2021,106.13940,Kotak Bluechip,120841
02-06-2021,105.69990,Kotak Bluechip,120841
01-06-2021,104.90830,Kotak Bluechip,120841
31-05-2021,105.83560,Kotak Bluechip,120841
28-05-2021,105.36390,Kotak Bluechip,120841
27-05-2021,104.88580,Kotak Bluechip,120841
26-05-2021,104.57780,Kotak Bluechip,120841
25-05-2021,104.71530,Kotak Bluechip,120841
24-05-2021,105.23870,Kotak Bluechip,120841
21-05-2021,104.46340,Kotak Bluechip,120841
20-05-2021,103.87300,Kotak Bluechip,120841
19-05-2021,103.99130,Kotak Bluechip,120841
18-05-2021,103.95440,Kotak Bluechip,120841
17-05-2021,103.05220,Kotak Bluechip,120841
14-05-2021,101.90950,Kotak Bluechip,120841
12-05-2021,104.07490,Kotak Bluechip,120841
11-05-2021,103.97380,Kotak Bluechip,120841
10-05-2021,101.76220,Kotak Bluechip,120841
07-05-2021,99.82280,Kotak Bluechip,120841
06-05-2021,98.81420,Kotak Bluechip,120841
05-05-2021,98.06320,Kotak Bluechip,120841
04-05-2021,96.31190,Kotak Bluechip,120841
03-05-2021,96.32130,Kotak Bluechip,120841
30-04-2021,94.71520,Kotak Bluechip,120841
29-04-2021,94.94220,Kotak Bluechip,120841
28-04-2021,95.73040,Kotak Bluechip,120841
27-04-2021,95.28420,Kotak Bluechip,120841
26-04-2021,93.81190,Kotak Bluechip,120841
23-04-2021,93.29590,Kotak Bluechip,120841
22-04-2021,92.96170,Kotak Bluechip,120841
20-04-2021,91.93980,Kotak Bluechip,120841
19-04-2021,91.15520,Kotak Bluechip,120841
16-04-2021,92.20920,Kotak Bluechip,120841
15-04-2021,91.31540,Kotak Bluechip,120841
13-04-2021,91.69680,Kotak Bluechip,120841
12-04-2021,91.00160,Kotak Bluechip,120841
09-04-2021,95.19500,Kotak Bluechip,120841
08-04-2021,93.61190,Kotak Bluechip,120841
07-04-2021,92.42120,Kotak Bluechip,120841
06-04-2021,91.81450,Kotak Bluechip,120841
05-04-2021,90.88650,Kotak Bluechip,120841
01-04-2021,90.46440,Kotak Bluechip,120841
31-03-2021,89.04260,Kotak Bluechip,120841
30-03-2021,89.55020,Kotak Bluechip,120841
26-03-2021,87.47330,Kotak Bluechip,120841
25-03-2021,86.53140,Kotak Bluechip,120841
24-03-2021,88.03790,Kotak Bluechip,120841
23-03-2021,89.62350,Kotak Bluechip,120841
22-03-2021,89.31460,Kotak Bluechip,120841
19-03-2021,88.30190,Kotak Bluechip,120841
18-03-2021,85.38370,Kotak Bluechip,120841
17-03-2021,85.77450,Kotak Bluechip,120841
16-03-2021,87.81890,Kotak Bluechip,120841
15-03-2021,87.27410,Kotak Bluechip,120841
12-03-2021,87.28980,Kotak Bluechip,120841
10-03-2021,87.47130,Kotak Bluechip,120841
09-03-2021,87.54840,Kotak Bluechip,120841
08-03-2021,87.54960,Kotak Bluechip,120841
05-03-2021,86.74310,Kotak Bluechip,120841
04-03-2021,88.27360,Kotak Bluechip,120841
03-03-2021,87.36250,Kotak Bluechip,120841
02-03-2021,86.98810,Kotak Bluechip,120841
01-03-2021,85.24980,Kotak Bluechip,120841
26-02-2021,83.50020,Kotak Bluechip,120841
25-02-2021,83.73880,Kotak Bluechip,120841
24-02-2021,82.09460,Kotak Bluechip,120841
23-02-2021,81.80100,Kotak Bluechip,120841
22-02-2021,81.56410,Kotak Bluechip,120841
19-02-2021,82.24550,Kotak Bluechip,120841
18-02-2021,83.07970,Kotak Bluechip,120841
17-02-2021,83.07350,Kotak Bluechip,120841
16-02-2021,83.01160,Kotak Bluechip,120841
15-02-2021,83.20450,Kotak Bluechip,120841
12-02-2021,83.25030,Kotak Bluechip,120841
11-02-2021,83.36200,Kotak Bluechip,120841
10-02-2021,83.43870,Kotak Bluechip,120841
09-02-2021,83.41240,Kotak Bluechip,120841
08-02-2021,83.07650,Kotak Bluechip,120841
05-02-2021,82.07740,Kotak Bluechip,120841
04-02-2021,82.35490,Kotak Bluechip,120841
03-02-2021,82.00920,Kotak Bluechip,120841
02-02-2021,80.70350,Kotak Bluechip,120841
01-02-2021,80.24700,Kotak Bluechip,120841
29-01-2021,79.12660,Kotak Bluechip,120841
28-01-2021,79.51970,Kotak Bluechip,120841
27-01-2021,79.56430,Kotak Bluechip,120841
25-01-2021,81.19780,Kotak Bluechip,120841
22-01-2021,82.29570,Kotak Bluechip,120841
21-01-2021,83.40440,Kotak Bluechip,120841
20-01-2021,84.44450,Kotak Bluechip,120841
19-01-2021,84.81740,Kotak Bluechip,120841
18-01-2021,83.46490,Kotak Bluechip,120841
15-01-2021,84.96910,Kotak Bluechip,120841
14-01-2021,85.93770,Kotak Bluechip,120841
13-01-2021,85.51000,Kotak Bluechip,120841
12-01-2021,85.50990,Kotak Bluechip,120841
11-01-2021,85.82520,Kotak Bluechip,120841
08-01-2021,85.62880,Kotak Bluechip,120841
07-01-2021,83.86890,Kotak Bluechip,120841
06-01-2021,84.30430,Kotak Bluechip,120841
05-01-2021,84.25460,Kotak Bluechip,120841
04-01-2021,83.32300,Kotak Bluechip,120841
01-01-2021,82.39320,Kotak Bluechip,120841
31-12-2020,81.43260,Kotak Bluechip,120841
30-12-2020,81.29290,Kotak Bluechip,120841
29-12-2020,81.40130,Kotak Bluechip,120841
28-12-2020,81.12670,Kotak Bluechip,120841
24-12-2020,80.26020,Kotak Bluechip,120841
23-12-2020,79.68550,Kotak Bluechip,120841
22-12-2020,78.41770,Kotak Bluechip,120841
21-12-2020,77.02380,Kotak Bluechip,120841
18-12-2020,80.13870,Kotak Bluechip,120841
17-12-2020,79.18710,Kotak Bluechip,120841
16-12-2020,78.62630,Kotak Bluechip,120841
15-12-2020,78.35650,Kotak Bluechip,120841
14-12-2020,78.01390,Kotak Bluechip,120841
11-12-2020,77.58910,Kotak Bluechip,120841
10-12-2020,77.42700,Kotak Bluechip,120841
09-12-2020,77.57290,Kotak Bluechip,120841
08-12-2020,77.28360,Kotak Bluechip,120841
07-12-2020,77.80690,Kotak Bluechip,120841
04-12-2020,76.56680,Kotak Bluechip,120841
03-12-2020,75.76480,Kotak Bluechip,120841
02-12-2020,75.25480,Kotak Bluechip,120841
01-12-2020,74.42410,Kotak Bluechip,120841
27-11-2020,72.62310,Kotak Bluechip,120841
26-11-2020,71.78210,Kotak Bluechip,120841
25-11-2020,71.14470,Kotak Bluechip,120841
24-11-2020,71.93090,Kotak Bluechip,120841
23-11-2020,71.00880,Kotak Bluechip,120841
20-11-2020,70.19590,Kotak Bluechip,120841
19-11-2020,70.05250,Kotak Bluechip,120841
18-11-2020,70.31770,Kotak Bluechip,120841
17-11-2020,69.98250,Kotak Bluechip,120841
13-11-2020,68.97020,Kotak Bluechip,120841
12-11-2020,68.68130,Kotak Bluechip,120841
11-11-2020,68.19970,Kotak Bluechip,120841
10-11-2020,68.19610,Kotak Bluechip,120841
09-11-2020,68.78610,Kotak Bluechip,120841
06-11-2020,68.60930,Kotak Bluechip,120841
05-11-2020,68.48090,Kotak Bluechip,120841
04-11-2020,66.98650,Kotak Bluechip,120841
03-11-2020,66.35150,Kotak Bluechip,120841
02-11-2020,66.01870,Kotak Bluechip,120841
30-10-2020,65.90000,Kotak Bluechip,120841
29-10-2020,65.47690,Kotak Bluechip,120841
28-10-2020,65.18780,Kotak Bluechip,120841
27-10-2020,65.20390,Kotak Bluechip,120841
26-10-2020,65.00520,Kotak Bluechip,120841
23-10-2020,65.84420,Kotak Bluechip,120841
22-10-2020,65.46070,Kotak Bluechip,120841
21-10-2020,65.16980,Kotak Bluechip,120841
20-10-2020,65.29170,Kotak Bluechip,120841
19-10-2020,65.12750,Kotak Bluechip,120841
16-10-2020,65.14790,Kotak Bluechip,120841
15-10-2020,64.53170,Kotak Bluechip,120841
14-10-2020,65.79570,Kotak Bluechip,120841
13-10-2020,65.80730,Kotak Bluechip,120841
12-10-2020,65.99210,Kotak Bluechip,120841
09-10-2020,66.21000,Kotak Bluechip,120841
08-10-2020,66.80600,Kotak Bluechip,120841
07-10-2020,66.64210,Kotak Bluechip,120841
06-10-2020,66.90870,Kotak Bluechip,120841
05-10-2020,66.41880,Kotak Bluechip,120841
01-10-2020,65.74410,Kotak Bluechip,120841
30-09-2020,65.69530,Kotak Bluechip,120841
29-09-2020,65.66230,Kotak Bluechip,120841
28-09-2020,65.65290,Kotak Bluechip,120841
25-09-2020,64.48830,Kotak Bluechip,120841
24-09-2020,63.28430,Kotak Bluechip,120841
23-09-2020,64.48890,Kotak Bluechip,120841
22-09-2020,63.75330,Kotak Bluechip,120841
21-09-2020,64.37060,Kotak Bluechip,120841
18-09-2020,66.31890,Kotak Bluechip,120841
17-09-2020,65.84000,Kotak Bluechip,120841
16-09-2020,66.06780,Kotak Bluechip,120841
15-09-2020,65.12820,Kotak Bluechip,120841
14-09-2020,64.28410,Kotak Bluechip,120841
11-09-2020,63.77020,Kotak Bluechip,120841
10-09-2020,63.43660,Kotak Bluechip,120841
09-09-2020,62.29260,Kotak Bluechip,120841
08-09-2020,62.50350,Kotak Bluechip,120841
07-09-2020,63.16890,Kotak Bluechip,120841
04-09-2020,63.09200,Kotak Bluechip,120841
03-09-2020,64.24490,Kotak Bluechip,120841
02-09-2020,64.09110,Kotak Bluechip,120841
01-09-2020,63.12210,Kotak Bluechip,120841
31-08-2020,62.47560,Kotak Bluechip,120841
28-08-2020,65.14760,Kotak Bluechip,120841
27-08-2020,65.29440,Kotak Bluechip,120841
26-08-2020,65.71810,Kotak Bluechip,120841
25-08-2020,65.56940,Kotak Bluechip,120841
24-08-2020,65.69340,Kotak Bluechip,120841
21-08-2020,65.11650,Kotak Bluechip,120841
20-08-2020,64.56370,Kotak Bluechip,120841
19-08-2020,63.93550,Kotak Bluechip,120841
18-08-2020,63.28250,Kotak Bluechip,120841
17-08-2020,62.73960,Kotak Bluechip,120841
14-08-2020,62.64530,Kotak Bluechip,120841
13-08-2020,62.73830,Kotak Bluechip,120841
12-08-2020,62.75560,Kotak Bluechip,120841
11-08-2020,62.99860,Kotak Bluechip,120841
10-08-2020,63.62040,Kotak Bluechip,120841
07-08-2020,62.61110,Kotak Bluechip,120841
06-08-2020,62.13610,Kotak Bluechip,120841
05-08-2020,61.33840,Kotak Bluechip,120841
04-08-2020,61.29550,Kotak Bluechip,120841
03-08-2020,61.03980,Kotak Bluechip,120841
31-07-2020,60.40400,Kotak Bluechip,120841
30-07-2020,59.59410,Kotak Bluechip,120841
29-07-2020,60.13100,Kotak Bluechip,120841
28-07-2020,59.33230,Kotak Bluechip,120841
27-07-2020,59.05590,Kotak Bluechip,120841
24-07-2020,59.33580,Kotak Bluechip,120841
23-07-2020,59.64380,Kotak Bluechip,120841
22-07-2020,58.87620,Kotak Bluechip,120841
21-07-2020,58.77060,Kotak Bluechip,120841
20-07-2020,59.05900,Kotak Bluechip,120841
17-07-2020,58.54000,Kotak Bluechip,120841
16-07-2020,57.98060,Kotak Bluechip,120841
15-07-2020,57.91930,Kotak Bluechip,120841
14-07-2020,57.99190,Kotak Bluechip,120841
13-07-2020,58.64370,Kotak Bluechip,120841
10-07-2020,58.29810,Kotak Bluechip,120841
09-07-2020,58.29800,Kotak Bluechip,120841
08-07-2020,58.06630,Kotak Bluechip,120841
07-07-2020,57.93500,Kotak Bluechip,120841
06-07-2020,58.11300,Kotak Bluechip,120841
03-07-2020,57.16960,Kotak Bluechip,120841
02-07-2020,56.52850,Kotak Bluechip,120841
01-07-2020,56.30510,Kotak Bluechip,120841
30-06-2020,56.37960,Kotak Bluechip,120841
29-06-2020,56.98510,Kotak Bluechip,120841
26-06-2020,57.54250,Kotak Bluechip,120841
25-06-2020,57.85400,Kotak Bluechip,120841
24-06-2020,57.13580,Kotak Bluechip,120841
23-06-2020,58.25610,Kotak Bluechip,120841
22-06-2020,57.45470,Kotak Bluechip,120841
19-06-2020,55.76880,Kotak Bluechip,120841
18-06-2020,55.55560,Kotak Bluechip,120841
17-06-2020,55.39300,Kotak Bluechip,120841
16-06-2020,54.82120,Kotak Bluechip,120841
15-06-2020,54.24320,Kotak Bluechip,120841
12-06-2020,54.65590,Kotak Bluechip,120841
11-06-2020,54.41550,Kotak Bluechip,120841
10-06-2020,54.84850,Kotak Bluechip,120841
09-06-2020,54.60840,Kotak Bluechip,120841
08-06-2020,55.10660,Kotak Bluechip,120841
05-06-2020,55.08390,Kotak Bluechip,120841
04-06-2020,54.12890,Kotak Bluechip,120841
03-06-2020,54.14720,Kotak Bluechip,120841
02-06-2020,54.09960,Kotak Bluechip,120841
01-06-2020,53.84110,Kotak Bluechip,120841
29-05-2020,53.21970,Kotak Bluechip,120841
28-05-2020,52.90980,Kotak Bluechip,120841
27-05-2020,52.63680,Kotak Bluechip,120841
26-05-2020,52.27570,Kotak Bluechip,120841
22-05-2020,52.31400,Kotak Bluechip,120841
21-05-2020,52.20250,Kotak Bluechip,120841
20-05-2020,51.62040,Kotak Bluechip,120841
19-05-2020,51.24380,Kotak Bluechip,120841
18-05-2020,50.89050,Kotak Bluechip,120841
15-05-2020,52.02530,Kotak Bluechip,120841
14-05-2020,51.85940,Kotak Bluechip,120841
13-05-2020,51.61340,Kotak Bluechip,120841
12-05-2020,51.55990,Kotak Bluechip,120841
11-05-2020,51.84460,Kotak Bluechip,120841
08-05-2020,51.88290,Kotak Bluechip,120841
07-05-2020,52.08840,Kotak Bluechip,120841
06-05-2020,52.10500,Kotak Bluechip,120841
05-05-2020,51.73310,Kotak Bluechip,120841
04-05-2020,51.78640,Kotak Bluechip,120841
30-04-2020,51.91380,Kotak Bluechip,120841
29-04-2020,51.82120,Kotak Bluechip,120841
28-04-2020,51.76870,Kotak Bluechip,120841
27-04-2020,51.66010,Kotak Bluechip,120841
24-04-2020,50.39920,Kotak Bluechip,120841
23-04-2020,50.62320,Kotak Bluechip,120841
22-04-2020,49.94460,Kotak Bluechip,120841
21-04-2020,49.94280,Kotak Bluechip,120841
20-04-2020,50.53950,Kotak Bluechip,120841
17-04-2020,50.83690,Kotak Bluechip,120841
16-04-2020,50.68580,Kotak Bluechip,120841
15-04-2020,49.93750,Kotak Bluechip,120841
13-04-2020,49.79870,Kotak Bluechip,120841
09-04-2020,49.73110,Kotak Bluechip,120841
08-04-2020,48.53260,Kotak Bluechip,120841
07-04-2020,46.71500,Kotak Bluechip,120841
03-04-2020,43.64070,Kotak Bluechip,120841
01-04-2020,43.71470,Kotak Bluechip,120841
31-03-2020,44.41000,Kotak Bluechip,120841
30-03-2020,42.99230,Kotak Bluechip,120841
27-03-2020,43.33320,Kotak Bluechip,120841
26-03-2020,43.37820,Kotak Bluechip,120841
25-03-2020,41.75400,Kotak Bluechip,120841
24-03-2020,40.74550,Kotak Bluechip,120841
23-03-2020,40.49960,Kotak Bluechip,120841
20-03-2020,45.00550,Kotak Bluechip,120841
19-03-2020,42.09940,Kotak Bluechip,120841
18-03-2020,43.31210,Kotak Bluechip,120841
17-03-2020,46.20540,Kotak Bluechip,120841
16-03-2020,47.31600,Kotak Bluechip,120841
13-03-2020,50.20950,Kotak Bluechip,120841
12-03-2020,49.23530,Kotak Bluechip,120841
11-03-2020,53.34430,Kotak Bluechip,120841
09-03-2020,53.62950,Kotak Bluechip,120841
06-03-2020,56.16370,Kotak Bluechip,120841
05-03-2020,57.16140,Kotak Bluechip,120841
04-03-2020,56.51700,Kotak Bluechip,120841
03-03-2020,57.01810,Kotak Bluechip,120841
02-03-2020,55.92810,Kotak Bluechip,120841
28-02-2020,55.80330,Kotak Bluechip,120841
27-02-2020,57.93470,Kotak Bluechip,120841
26-02-2020,58.76610,Kotak Bluechip,120841
25-02-2020,59.64280,Kotak Bluechip,120841
24-02-2020,59.71330,Kotak Bluechip,120841
20-02-2020,60.71930,Kotak Bluechip,120841
19-02-2020,60.41770,Kotak Bluechip,120841
18-02-2020,59.01370,Kotak Bluechip,120841
17-02-2020,58.47970,Kotak Bluechip,120841
14-02-2020,58.99990,Kotak Bluechip,120841
13-02-2020,59.89240,Kotak Bluechip,120841
12-02-2020,60.12190,Kotak Bluechip,120841
11-02-2020,60.05880,Kotak Bluechip,120841
10-02-2020,59.57730,Kotak Bluechip,120841
07-02-2020,59.65840,Kotak Bluechip,120841
06-02-2020,59.09510,Kotak Bluechip,120841
05-02-2020,59.19070,Kotak Bluechip,120841
04-02-2020,58.57630,Kotak Bluechip,120841
03-02-2020,58.04250,Kotak Bluechip,120841
31-01-2020,59.71570,Kotak Bluechip,120841
30-01-2020,60.10500,Kotak Bluechip,120841
29-01-2020,60.83750,Kotak Bluechip,120841
28-01-2020,60.57520,Kotak Bluechip,120841
27-01-2020,60.65310,Kotak Bluechip,120841
24-01-2020,60.40240,Kotak Bluechip,120841
23-01-2020,59.70820,Kotak Bluechip,120841
22-01-2020,58.89530,Kotak Bluechip,120841
21-01-2020,58.71610,Kotak Bluechip,120841
20-01-2020,58.57220,Kotak Bluechip,120841
17-01-2020,58.70120,Kotak Bluechip,120841
16-01-2020,58.59490,Kotak Bluechip,120841
15-01-2020,58.45060,Kotak Bluechip,120841
14-01-2020,58.21170,Kotak Bluechip,120841
13-01-2020,57.42740,Kotak Bluechip,120841
10-01-2020,57.01360,Kotak Bluechip,120841
09-01-2020,57.06190,Kotak Bluechip,120841
08-01-2020,56.12550,Kotak Bluechip,120841
07-01-2020,56.21730,Kotak Bluechip,120841
06-01-2020,55.69760,Kotak Bluechip,120841
03-01-2020,56.77800,Kotak Bluechip,120841
02-01-2020,56.96880,Kotak Bluechip,120841
01-01-2020,56.41890,Kotak Bluechip,120841
31-12-2019,56.42800,Kotak Bluechip,120841
30-12-2019,56.53260,Kotak Bluechip,120841
27-12-2019,56.39960,Kotak Bluechip,120841
26-12-2019,55.95280,Kotak Bluechip,120841
24-12-2019,55.77720,Kotak Bluechip,120841
23-12-2019,55.93660,Kotak Bluechip,120841
20-12-2019,56.06460,Kotak Bluechip,120841
19-12-2019,56.07730,Kotak Bluechip,120841
18-12-2019,55.80290,Kotak Bluechip,120841
17-12-2019,56.09880,Kotak Bluechip,120841
16-12-2019,55.90570,Kotak Bluechip,120841
13-12-2019,56.41800,Kotak Bluechip,120841
12-12-2019,56.07620,Kotak Bluechip,120841
11-12-2019,55.61480,Kotak Bluechip,120841
10-12-2019,55.33570,Kotak Bluechip,120841
09-12-2019,56.17100,Kotak Bluechip,120841
06-12-2019,56.29170,Kotak Bluechip,120841
05-12-2019,56.78380,Kotak Bluechip,120841
04-12-2019,57.07550,Kotak Bluechip,120841
03-12-2019,56.96500,Kotak Bluechip,120841
02-12-2019,57.36290,Kotak Bluechip,120841
29-11-2019,57.59180,Kotak Bluechip,120841
28-11-2019,57.84830,Kotak Bluechip,120841
27-11-2019,57.34080,Kotak Bluechip,120841
26-11-2019,56.72510,Kotak Bluechip,120841
25-11-2019,57.22650,Kotak Bluechip,120841
22-11-2019,56.90150,Kotak Bluechip,120841
21-11-2019,57.35100,Kotak Bluechip,120841
20-11-2019,57.43790,Kotak Bluechip,120841
19-11-2019,57.33070,Kotak Bluechip,120841
18-11-2019,57.05680,Kotak Bluechip,120841
15-11-2019,56.68100,Kotak Bluechip,120841
14-11-2019,56.81780,Kotak Bluechip,120841
13-11-2019,56.71020,Kotak Bluechip,120841
11-11-2019,56.18370,Kotak Bluechip,120841
08-11-2019,55.74640,Kotak Bluechip,120841
07-11-2019,56.06010,Kotak Bluechip,120841
06-11-2019,56.28540,Kotak Bluechip,120841
05-11-2019,56.20480,Kotak Bluechip,120841
04-11-2019,57.08100,Kotak Bluechip,120841
01-11-2019,57.08200,Kotak Bluechip,120841
31-10-2019,57.51530,Kotak Bluechip,120841
30-10-2019,57.10140,Kotak Bluechip,120841
29-10-2019,56.39990,Kotak Bluechip,120841
25-10-2019,55.39990,Kotak Bluechip,120841
24-10-2019,55.35040,Kotak Bluechip,120841
23-10-2019,55.77650,Kotak Bluechip,120841
22-10-2019,54.98540,Kotak Bluechip,120841
18-10-2019,54.32530,Kotak Bluechip,120841
17-10-2019,53.41890,Kotak Bluechip,120841
16-10-2019,52.29960,Kotak Bluechip,120841
15-10-2019,52.14960,Kotak Bluechip,120841
14-10-2019,52.00630,Kotak Bluechip,120841
11-10-2019,51.71570,Kotak Bluechip,120841
10-10-2019,51.35200,Kotak Bluechip,120841
09-10-2019,52.12010,Kotak Bluechip,120841
07-10-2019,51.58740,Kotak Bluechip,120841
04-10-2019,51.51980,Kotak Bluechip,120841
03-10-2019,52.40470,Kotak Bluechip,120841
01-10-2019,52.32660,Kotak Bluechip,120841
30-09-2019,53.01180,Kotak Bluechip,120841
27-09-2019,53.90870,Kotak Bluechip,120841
26-09-2019,53.91010,Kotak Bluechip,120841
25-09-2019,53.46710,Kotak Bluechip,120841
24-09-2019,53.80590,Kotak Bluechip,120841
23-09-2019,54.13980,Kotak Bluechip,120841
20-09-2019,52.92280,Kotak Bluechip,120841
19-09-2019,49.83590,Kotak Bluechip,120841
18-09-2019,50.46350,Kotak Bluechip,120841
17-09-2019,50.15860,Kotak Bluechip,120841
16-09-2019,51.18960,Kotak Bluechip,120841
13-09-2019,51.92640,Kotak Bluechip,120841
12-09-2019,51.61760,Kotak Bluechip,120841
11-09-2019,52.13340,Kotak Bluechip,120841
09-09-2019,52.27420,Kotak Bluechip,120841
06-09-2019,51.69880,Kotak Bluechip,120841
05-09-2019,51.03700,Kotak Bluechip,120841
04-09-2019,51.20900,Kotak Bluechip,120841
03-09-2019,51.19420,Kotak Bluechip,120841
30-08-2019,51.48040,Kotak Bluechip,120841
29-08-2019,50.95880,Kotak Bluechip,120841
28-08-2019,51.40260,Kotak Bluechip,120841
27-08-2019,51.17770,Kotak Bluechip,120841
26-08-2019,50.25160,Kotak Bluechip,120841
23-08-2019,49.29950,Kotak Bluechip,120841
22-08-2019,48.90950,Kotak Bluechip,120841
21-08-2019,49.59600,Kotak Bluechip,120841
20-08-2019,50.57130,Kotak Bluechip,120841
19-08-2019,51.03070,Kotak Bluechip,120841
16-08-2019,51.10220,Kotak Bluechip,120841
14-08-2019,50.85350,Kotak Bluechip,120841
13-08-2019,50.16150,Kotak Bluechip,120841
09-08-2019,51.37380,Kotak Bluechip,120841
08-08-2019,50.85150,Kotak Bluechip,120841
07-08-2019,50.51970,Kotak Bluechip,120841
06-08-2019,50.88860,Kotak Bluechip,120841
05-08-2019,50.16180,Kotak Bluechip,120841
02-08-2019,50.70780,Kotak Bluechip,120841
01-08-2019,50.82500,Kotak Bluechip,120841
31-07-2019,51.56010,Kotak Bluechip,120841
30-07-2019,51.11310,Kotak Bluechip,120841
29-07-2019,51.73900,Kotak Bluechip,120841
26-07-2019,52.21390,Kotak Bluechip,120841
25-07-2019,52.00650,Kotak Bluechip,120841
24-07-2019,51.81810,Kotak Bluechip,120841
23-07-2019,52.88340,Kotak Bluechip,120841
22-07-2019,53.13470,Kotak Bluechip,120841
19-07-2019,53.30290,Kotak Bluechip,120841
18-07-2019,53.83070,Kotak Bluechip,120841
17-07-2019,54.37600,Kotak Bluechip,120841
16-07-2019,54.61430,Kotak Bluechip,120841
15-07-2019,54.29860,Kotak Bluechip,120841
12-07-2019,54.34780,Kotak Bluechip,120841
11-07-2019,53.93270,Kotak Bluechip,120841
10-07-2019,53.59340,Kotak Bluechip,120841
09-07-2019,54.15230,Kotak Bluechip,120841
08-07-2019,53.63740,Kotak Bluechip,120841
05-07-2019,54.93230,Kotak Bluechip,120841
04-07-2019,55.66380,Kotak Bluechip,120841
03-07-2019,55.54080,Kotak Bluechip,120841
02-07-2019,55.55940,Kotak Bluechip,120841
01-07-2019,55.46500,Kotak Bluechip,120841
28-06-2019,55.46080,Kotak Bluechip,120841
27-06-2019,55.51330,Kotak Bluechip,120841
26-06-2019,55.50500,Kotak Bluechip,120841
25-06-2019,55.19630,Kotak Bluechip,120841
24-06-2019,54.97550,Kotak Bluechip,120841
21-06-2019,55.02840,Kotak Bluechip,120841
20-06-2019,55.06080,Kotak Bluechip,120841
19-06-2019,54.27410,Kotak Bluechip,120841
18-06-2019,54.81240,Kotak Bluechip,120841
17-06-2019,54.72350,Kotak Bluechip,120841
14-06-2019,55.41990,Kotak Bluechip,120841
13-06-2019,55.84550,Kotak Bluechip,120841
12-06-2019,55.97070,Kotak Bluechip,120841
11-06-2019,56.31850,Kotak Bluechip,120841
10-06-2019,56.13140,Kotak Bluechip,120841
07-06-2019,55.79480,Kotak Bluechip,120841
06-06-2019,55.89310,Kotak Bluechip,120841
04-06-2019,56.86670,Kotak Bluechip,120841
03-06-2019,57.12270,Kotak Bluechip,120841
31-05-2019,56.63810,Kotak Bluechip,120841
30-05-2019,56.76490,Kotak Bluechip,120841
29-05-2019,56.62540,Kotak Bluechip,120841
28-05-2019,57.42630,Kotak Bluechip,120841
27-05-2019,57.52080,Kotak Bluechip,120841
24-05-2019,56.02860,Kotak Bluechip,120841
23-05-2019,54.24210,Kotak Bluechip,120841
22-05-2019,54.13460,Kotak Bluechip,120841
21-05-2019,54.01630,Kotak Bluechip,120841
20-05-2019,54.71790,Kotak Bluechip,120841
17-05-2019,52.77480,Kotak Bluechip,120841
16-05-2019,52.48590,Kotak Bluechip,120841
15-05-2019,52.27740,Kotak Bluechip,120841
14-05-2019,52.75530,Kotak Bluechip,120841
13-05-2019,52.58870,Kotak Bluechip,120841
10-05-2019,53.77710,Kotak Bluechip,120841
09-05-2019,53.77410,Kotak Bluechip,120841
08-05-2019,54.07870,Kotak Bluechip,120841
07-05-2019,54.83530,Kotak Bluechip,120841
06-05-2019,55.43160,Kotak Bluechip,120841
03-05-2019,56.02840,Kotak Bluechip,120841
02-05-2019,55.93520,Kotak Bluechip,120841
30-04-2019,56.39430,Kotak Bluechip,120841
26-04-2019,57.12590,Kotak Bluechip,120841
25-04-2019,56.76430,Kotak Bluechip,120841
24-04-2019,57.07100,Kotak Bluechip,120841
23-04-2019,57.34510,Kotak Bluechip,120841
22-04-2019,57.14360,Kotak Bluechip,120841
18-04-2019,58.41150,Kotak Bluechip,120841
16-04-2019,58.89780,Kotak Bluechip,120841
15-04-2019,58.85630,Kotak Bluechip,120841
12-04-2019,58.42210,Kotak Bluechip,120841
11-04-2019,58.02740,Kotak Bluechip,120841
10-04-2019,57.99610,Kotak Bluechip,120841
09-04-2019,58.23340,Kotak Bluechip,120841
08-04-2019,58.23620,Kotak Bluechip,120841
05-04-2019,58.42310,Kotak Bluechip,120841
04-04-2019,58.11160,Kotak Bluechip,120841
03-04-2019,58.38330,Kotak Bluechip,120841
02-04-2019,58.93180,Kotak Bluechip,120841
01-04-2019,59.15500,Kotak Bluechip,120841
29-03-2019,58.91690,Kotak Bluechip,120841
28-03-2019,58.32510,Kotak Bluechip,120841
27-03-2019,57.88500,Kotak Bluechip,120841
26-03-2019,57.59310,Kotak Bluechip,120841
25-03-2019,56.91770,Kotak Bluechip,120841
22-03-2019,57.46230,Kotak Bluechip,120841
20-03-2019,57.51330,Kotak Bluechip,120841
19-03-2019,57.48910,Kotak Bluechip,120841
18-03-2019,56.86900,Kotak Bluechip,120841
15-03-2019,56.95370,Kotak Bluechip,120841
14-03-2019,56.76690,Kotak Bluechip,120841
13-03-2019,56.78120,Kotak Bluechip,120841
12-03-2019,57.14180,Kotak Bluechip,120841
11-03-2019,56.86260,Kotak Bluechip,120841
08-03-2019,55.83810,Kotak Bluechip,120841
07-03-2019,56.23620,Kotak Bluechip,120841
06-03-2019,55.96490,Kotak Bluechip,120841
05-03-2019,55.73950,Kotak Bluechip,120841
01-03-2019,54.15440,Kotak Bluechip,120841
28-02-2019,53.79380,Kotak Bluechip,120841
27-02-2019,53.51900,Kotak Bluechip,120841
26-02-2019,53.32900,Kotak Bluechip,120841
25-02-2019,53.68580,Kotak Bluechip,120841
22-02-2019,53.30400,Kotak Bluechip,120841
21-02-2019,53.18620,Kotak Bluechip,120841
20-02-2019,52.44950,Kotak Bluechip,120841
19-02-2019,52.10160,Kotak Bluechip,120841
18-02-2019,51.90010,Kotak Bluechip,120841
15-02-2019,52.23240,Kotak Bluechip,120841
14-02-2019,52.90700,Kotak Bluechip,120841
13-02-2019,52.73160,Kotak Bluechip,120841
12-02-2019,53.09630,Kotak Bluechip,120841
11-02-2019,53.40230,Kotak Bluechip,120841
08-02-2019,54.49520,Kotak Bluechip,120841
07-02-2019,55.56050,Kotak Bluechip,120841
06-02-2019,55.02840,Kotak Bluechip,120841
05-02-2019,54.71390,Kotak Bluechip,120841
04-02-2019,54.94980,Kotak Bluechip,120841
01-02-2019,54.99920,Kotak Bluechip,120841
31-01-2019,55.40750,Kotak Bluechip,120841
30-01-2019,55.49690,Kotak Bluechip,120841
29-01-2019,54.95970,Kotak Bluechip,120841
28-01-2019,54.69510,Kotak Bluechip,120841
25-01-2019,55.57670,Kotak Bluechip,120841
24-01-2019,56.28500,Kotak Bluechip,120841
23-01-2019,56.18670,Kotak Bluechip,120841
22-01-2019,56.48790,Kotak Bluechip,120841
21-01-2019,56.46260,Kotak Bluechip,120841
18-01-2019,56.95960,Kotak Bluechip,120841
17-01-2019,57.23100,Kotak Bluechip,120841
16-01-2019,57.51660,Kotak Bluechip,120841
15-01-2019,57.52850,Kotak Bluechip,120841
14-01-2019,57.38140,Kotak Bluechip,120841
11-01-2019,57.55180,Kotak Bluechip,120841
10-01-2019,57.72910,Kotak Bluechip,120841
09-01-2019,57.49300,Kotak Bluechip,120841
08-01-2019,57.51870,Kotak Bluechip,120841
07-01-2019,57.16200,Kotak Bluechip,120841
04-01-2019,57.17730,Kotak Bluechip,120841
03-01-2019,56.49650,Kotak Bluechip,120841
02-01-2019,56.93980,Kotak Bluechip,120841
01-01-2019,57.48330,Kotak Bluechip,120841
31-12-2018,57.26910,Kotak Bluechip,120841
28-12-2018,57.18600,Kotak Bluechip,120841
27-12-2018,56.71480,Kotak Bluechip,120841
26-12-2018,56.87440,Kotak Bluechip,120841
24-12-2018,56.76210,Kotak Bluechip,120841
21-12-2018,57.19870,Kotak Bluechip,120841
20-12-2018,58.00180,Kotak Bluechip,120841
19-12-2018,58.10220,Kotak Bluechip,120841
18-12-2018,57.24130,Kotak Bluechip,120841
17-12-2018,56.87860,Kotak Bluechip,120841
14-12-2018,56.76110,Kotak Bluechip,120841
13-12-2018,56.64670,Kotak Bluechip,120841
12-12-2018,56.31050,Kotak Bluechip,120841
11-12-2018,55.00140,Kotak Bluechip,120841
10-12-2018,53.90160,Kotak Bluechip,120841
07-12-2018,55.02680,Kotak Bluechip,120841
06-12-2018,54.76880,Kotak Bluechip,120841
05-12-2018,55.78340,Kotak Bluechip,120841
04-12-2018,56.63210,Kotak Bluechip,120841
03-12-2018,57.05560,Kotak Bluechip,120841
30-11-2018,57.18980,Kotak Bluechip,120841
29-11-2018,56.68110,Kotak Bluechip,120841
28-11-2018,56.37660,Kotak Bluechip,120841
27-11-2018,56.67660,Kotak Bluechip,120841
26-11-2018,56.29980,Kotak Bluechip,120841
22-11-2018,56.04090,Kotak Bluechip,120841
21-11-2018,56.56870,Kotak Bluechip,120841
20-11-2018,56.06440,Kotak Bluechip,120841
19-11-2018,56.92100,Kotak Bluechip,120841
16-11-2018,56.93800,Kotak Bluechip,120841
15-11-2018,56.91650,Kotak Bluechip,120841
14-11-2018,56.16000,Kotak Bluechip,120841
13-11-2018,56.06280,Kotak Bluechip,120841
12-11-2018,55.91040,Kotak Bluechip,120841
09-11-2018,56.35600,Kotak Bluechip,120841
06-11-2018,55.83550,Kotak Bluechip,120841
05-11-2018,55.60860,Kotak Bluechip,120841
02-11-2018,56.18320,Kotak Bluechip,120841
01-11-2018,56.27480,Kotak Bluechip,120841
31-10-2018,55.55400,Kotak Bluechip,120841
30-10-2018,54.83270,Kotak Bluechip,120841
29-10-2018,54.64690,Kotak Bluechip,120841
26-10-2018,53.16440,Kotak Bluechip,120841
25-10-2018,53.30530,Kotak Bluechip,120841
24-10-2018,53.59100,Kotak Bluechip,120841
23-10-2018,53.66920,Kotak Bluechip,120841
22-10-2018,53.98970,Kotak Bluechip,120841
19-10-2018,53.95270,Kotak Bluechip,120841
17-10-2018,54.46360,Kotak Bluechip,120841
16-10-2018,54.91430,Kotak Bluechip,120841
15-10-2018,54.62680,Kotak Bluechip,120841
12-10-2018,54.27660,Kotak Bluechip,120841
11-10-2018,53.61890,Kotak Bluechip,120841
10-10-2018,54.81050,Kotak Bluechip,120841
09-10-2018,53.89190,Kotak Bluechip,120841
08-10-2018,53.90970,Kotak Bluechip,120841
05-10-2018,54.58730,Kotak Bluechip,120841
04-10-2018,55.77460,Kotak Bluechip,120841
03-10-2018,56.76770,Kotak Bluechip,120841
01-10-2018,57.10710,Kotak Bluechip,120841
28-09-2018,56.70320,Kotak Bluechip,120841
27-09-2018,57.28370,Kotak Bluechip,120841
26-09-2018,57.77390,Kotak Bluechip,120841
25-09-2018,57.54020,Kotak Bluechip,120841
24-09-2018,56.93560,Kotak Bluechip,120841
21-09-2018,58.05380,Kotak Bluechip,120841
19-09-2018,58.75450,Kotak Bluechip,120841
18-09-2018,58.98160,Kotak Bluechip,120841
17-09-2018,59.55650,Kotak Bluechip,120841
14-09-2018,60.11010,Kotak Bluechip,120841
12-09-2018,59.41100,Kotak Bluechip,120841
11-09-2018,58.96330,Kotak Bluechip,120841
10-09-2018,59.80020,Kotak Bluechip,120841
07-09-2018,60.63670,Kotak Bluechip,120841
06-09-2018,60.25920,Kotak Bluechip,120841
05-09-2018,59.53980,Kotak Bluechip,120841
04-09-2018,59.70350,Kotak Bluechip,120841
03-09-2018,60.36490,Kotak Bluechip,120841
31-08-2018,60.75970,Kotak Bluechip,120841
30-08-2018,60.51870,Kotak Bluechip,120841
29-08-2018,60.52340,Kotak Bluechip,120841
28-08-2018,60.66190,Kotak Bluechip,120841
27-08-2018,60.42110,Kotak Bluechip,120841
24-08-2018,60.11120,Kotak Bluechip,120841
23-08-2018,60.07560,Kotak Bluechip,120841
21-08-2018,59.84490,Kotak Bluechip,120841
20-08-2018,59.75220,Kotak Bluechip,120841
17-08-2018,59.27940,Kotak Bluechip,120841
16-08-2018,58.70010,Kotak Bluechip,120841
14-08-2018,58.94800,Kotak Bluechip,120841
13-08-2018,58.62160,Kotak Bluechip,120841
10-08-2018,58.82250,Kotak Bluechip,120841
09-08-2018,58.87570,Kotak Bluechip,120841
08-08-2018,58.92470,Kotak Bluechip,120841
07-08-2018,58.78230,Kotak Bluechip,120841
06-08-2018,58.84500,Kotak Bluechip,120841
03-08-2018,58.82460,Kotak Bluechip,120841
02-08-2018,58.55080,Kotak Bluechip,120841
01-08-2018,58.86780,Kotak Bluechip,120841
31-07-2018,58.72780,Kotak Bluechip,120841
30-07-2018,58.56540,Kotak Bluechip,120841
27-07-2018,58.51390,Kotak Bluechip,120841
26-07-2018,58.14630,Kotak Bluechip,120841
25-07-2018,58.05880,Kotak Bluechip,120841
24-07-2018,58.06020,Kotak Bluechip,120841
23-07-2018,57.64330,Kotak Bluechip,120841
20-07-2018,57.29050,Kotak Bluechip,120841
19-07-2018,57.01740,Kotak Bluechip,120841
18-07-2018,57.17590,Kotak Bluechip,120841
17-07-2018,57.37170,Kotak Bluechip,120841
16-07-2018,56.99230,Kotak Bluechip,120841
13-07-2018,57.45310,Kotak Bluechip,120841
12-07-2018,57.58620,Kotak Bluechip,120841
11-07-2018,57.31630,Kotak Bluechip,120841
10-07-2018,57.64910,Kotak Bluechip,120841
09-07-2018,57.33340,Kotak Bluechip,120841
06-07-2018,56.96480,Kotak Bluechip,120841
05-07-2018,56.86310,Kotak Bluechip,120841
04-07-2018,56.82420,Kotak Bluechip,120841
03-07-2018,56.61310,Kotak Bluechip,120841
02-07-2018,56.32850,Kotak Bluechip,120841
29-06-2018,56.48480,Kotak Bluechip,120841
28-06-2018,56.12230,Kotak Bluechip,120841
27-06-2018,56.49900,Kotak Bluechip,120841
26-06-2018,56.81860,Kotak Bluechip,120841
25-06-2018,56.80200,Kotak Bluechip,120841
22-06-2018,57.16080,Kotak Bluechip,120841
21-06-2018,57.01010,Kotak Bluechip,120841
20-06-2018,57.13970,Kotak Bluechip,120841
19-06-2018,57.00150,Kotak Bluechip,120841
18-06-2018,57.25220,Kotak Bluechip,120841
15-06-2018,57.17580,Kotak Bluechip,120841
14-06-2018,57.32120,Kotak Bluechip,120841
13-06-2018,57.34880,Kotak Bluechip,120841
12-06-2018,57.49560,Kotak Bluechip,120841
11-06-2018,57.16460,Kotak Bluechip,120841
08-06-2018,56.98290,Kotak Bluechip,120841
07-06-2018,56.91920,Kotak Bluechip,120841
06-06-2018,56.53790,Kotak Bluechip,120841
05-06-2018,56.04840,Kotak Bluechip,120841
04-06-2018,56.29030,Kotak Bluechip,120841
01-06-2018,56.74630,Kotak Bluechip,120841
31-05-2018,57.18830,Kotak Bluechip,120841
30-05-2018,56.99740,Kotak Bluechip,120841
29-05-2018,57.08880,Kotak Bluechip,120841
28-05-2018,57.34060,Kotak Bluechip,120841
25-05-2018,56.94770,Kotak Bluechip,120841
24-05-2018,56.36520,Kotak Bluechip,120841
23-05-2018,56.41040,Kotak Bluechip,120841
22-05-2018,56.88820,Kotak Bluechip,120841
21-05-2018,56.70510,Kotak Bluechip,120841
18-05-2018,57.04790,Kotak Bluechip,120841
17-05-2018,57.46750,Kotak Bluechip,120841
16-05-2018,57.47980,Kotak Bluechip,120841
15-05-2018,57.63490,Kotak Bluechip,120841
14-05-2018,57.97160,Kotak Bluechip,120841
11-05-2018,58.14850,Kotak Bluechip,120841
10-05-2018,57.77640,Kotak Bluechip,120841
09-05-2018,57.99790,Kotak Bluechip,120841
08-05-2018,58.01890,Kotak Bluechip,120841
07-05-2018,58.06710,Kotak Bluechip,120841
04-05-2018,57.82270,Kotak Bluechip,120841
03-05-2018,58.00480,Kotak Bluechip,120841
02-05-2018,58.41710,Kotak Bluechip,120841
30-04-2018,58.83620,Kotak Bluechip,120841
27-04-2018,58.52140,Kotak Bluechip,120841
26-04-2018,58.22360,Kotak Bluechip,120841
25-04-2018,58.00150,Kotak Bluechip,120841
24-04-2018,57.97740,Kotak Bluechip,120841
23-04-2018,57.87670,Kotak Bluechip,120841
20-04-2018,57.77970,Kotak Bluechip,120841
19-04-2018,58.01170,Kotak Bluechip,120841
18-04-2018,57.83330,Kotak Bluechip,120841
17-04-2018,57.87810,Kotak Bluechip,120841
16-04-2018,57.77510,Kotak Bluechip,120841
13-04-2018,57.53740,Kotak Bluechip,120841
12-04-2018,57.41370,Kotak Bluechip,120841
11-04-2018,57.56320,Kotak Bluechip,120841
10-04-2018,57.57430,Kotak Bluechip,120841
09-04-2018,57.53010,Kotak Bluechip,120841
06-04-2018,57.42630,Kotak Bluechip,120841
05-04-2018,57.10570,Kotak Bluechip,120841
04-04-2018,56.55920,Kotak Bluechip,120841
03-04-2018,57.01410,Kotak Bluechip,120841
02-04-2018,56.81950,Kotak Bluechip,120841
31-03-2018,55.99280,Kotak Bluechip,120841
28-03-2018,55.99240,Kotak Bluechip,120841
27-03-2018,56.14370,Kotak Bluechip,120841
26-03-2018,55.79660,Kotak Bluechip,120841
23-03-2018,55.17850,Kotak Bluechip,120841
22-03-2018,55.48180,Kotak Bluechip,120841
21-03-2018,55.57570,Kotak Bluechip,120841
20-03-2018,55.46010,Kotak Bluechip,120841
19-03-2018,55.23400,Kotak Bluechip,120841
16-03-2018,55.66190,Kotak Bluechip,120841
15-03-2018,56.15150,Kotak Bluechip,120841
14-03-2018,56.14940,Kotak Bluechip,120841
13-03-2018,56.19630,Kotak Bluechip,120841
12-03-2018,56.04970,Kotak Bluechip,120841
09-03-2018,55.48930,Kotak Bluechip,120841
08-03-2018,55.58610,Kotak Bluechip,120841
07-03-2018,55.33470,Kotak Bluechip,120841
06-03-2018,55.88120,Kotak Bluechip,120841
05-03-2018,56.27300,Kotak Bluechip,120841
01-03-2018,56.78420,Kotak Bluechip,120841
28-02-2018,56.99690,Kotak Bluechip,120841
27-02-2018,57.06930,Kotak Bluechip,120841
26-02-2018,57.15680,Kotak Bluechip,120841
23-02-2018,56.68590,Kotak Bluechip,120841
22-02-2018,56.06970,Kotak Bluechip,120841
21-02-2018,56.18440,Kotak Bluechip,120841
20-02-2018,56.18130,Kotak Bluechip,120841
19-02-2018,56.29880,Kotak Bluechip,120841
16-02-2018,56.59240,Kotak Bluechip,120841
15-02-2018,56.98740,Kotak Bluechip,120841
14-02-2018,57.18920,Kotak Bluechip,120841
12-02-2018,57.07390,Kotak Bluechip,120841
09-02-2018,56.44800,Kotak Bluechip,120841
08-02-2018,56.72010,Kotak Bluechip,120841
07-02-2018,56.26310,Kotak Bluechip,120841
06-02-2018,55.84480,Kotak Bluechip,120841
05-02-2018,56.36220,Kotak Bluechip,120841
02-02-2018,56.64890,Kotak Bluechip,120841
01-02-2018,57.99650,Kotak Bluechip,120841
31-01-2018,57.82540,Kotak Bluechip,120841
30-01-2018,57.89250,Kotak Bluechip,120841
29-01-2018,58.22840,Kotak Bluechip,120841
25-01-2018,58.08730,Kotak Bluechip,120841
24-01-2018,58.40060,Kotak Bluechip,120841
23-01-2018,58.62210,Kotak Bluechip,120841
22-01-2018,58.54720,Kotak Bluechip,120841
19-01-2018,58.33720,Kotak Bluechip,120841
18-01-2018,58.05000,Kotak Bluechip,120841
17-01-2018,58.57820,Kotak Bluechip,120841
16-01-2018,58.25430,Kotak Bluechip,120841
15-01-2018,58.86350,Kotak Bluechip,120841
12-01-2018,58.77090,Kotak Bluechip,120841
11-01-2018,58.77660,Kotak Bluechip,120841
10-01-2018,58.55130,Kotak Bluechip,120841
09-01-2018,58.73380,Kotak Bluechip,120841
08-01-2018,58.68100,Kotak Bluechip,120841
05-01-2018,58.27550,Kotak Bluechip,120841
04-01-2018,57.94000,Kotak Bluechip,120841
03-01-2018,57.69140,Kotak Bluechip,120841
02-01-2018,57.44450,Kotak Bluechip,120841
01-01-2018,57.75660,Kotak Bluechip,120841
29-12-2017,57.93190,Kotak Bluechip,120841
28-12-2017,57.60140,Kotak Bluechip,120841
27-12-2017,57.76820,Kotak Bluechip,120841
26-12-2017,57.84880,Kotak Bluechip,120841
22-12-2017,57.00130,Kotak Bluechip,120841
21-12-2017,56.80260,Kotak Bluechip,120841
20-12-2017,56.70390,Kotak Bluechip,120841
19-12-2017,56.74980,Kotak Bluechip,120841
18-12-2017,56.12350,Kotak Bluechip,120841
15-12-2017,55.97590,Kotak Bluechip,120841
14-12-2017,55.58110,Kotak Bluechip,120841
13-12-2017,55.57460,Kotak Bluechip,120841
12-12-2017,55.94910,Kotak Bluechip,120841
11-12-2017,56.43580,Kotak Bluechip,120841
08-12-2017,56.33630,Kotak Bluechip,120841
07-12-2017,55.73910,Kotak Bluechip,120841
06-12-2017,55.32050,Kotak Bluechip,120841
05-12-2017,55.72190,Kotak Bluechip,120841
04-12-2017,55.73990,Kotak Bluechip,120841
01-12-2017,55.59390,Kotak Bluechip,120841
30-11-2017,55.81230,Kotak Bluechip,120841
29-11-2017,56.09990,Kotak Bluechip,120841
28-11-2017,56.27720,Kotak Bluechip,120841
27-11-2017,56.35920,Kotak Bluechip,120841
24-11-2017,56.33100,Kotak Bluechip,120841
23-11-2017,56.03660,Kotak Bluechip,120841
22-11-2017,55.77420,Kotak Bluechip,120841
21-11-2017,55.30080,Kotak Bluechip,120841
20-11-2017,55.06080,Kotak Bluechip,120841
17-11-2017,54.84160,Kotak Bluechip,120841
16-11-2017,54.57610,Kotak Bluechip,120841
15-11-2017,54.45040,Kotak Bluechip,120841
14-11-2017,54.98000,Kotak Bluechip,120841
13-11-2017,54.91310,Kotak Bluechip,120841
10-11-2017,55.29600,Kotak Bluechip,120841
09-11-2017,55.53550,Kotak Bluechip,120841
08-11-2017,55.39570,Kotak Bluechip,120841
07-11-2017,55.88340,Kotak Bluechip,120841
06-11-2017,56.47590,Kotak Bluechip,120841
03-11-2017,56.01560,Kotak Bluechip,120841
02-11-2017,55.66190,Kotak Bluechip,120841
01-11-2017,55.58440,Kotak Bluechip,120841
31-10-2017,55.17520,Kotak Bluechip,120841
30-10-2017,54.88780,Kotak Bluechip,120841
27-10-2017,54.55080,Kotak Bluechip,120841
26-10-2017,54.32160,Kotak Bluechip,120841
25-10-2017,54.15780,Kotak Bluechip,120841
24-10-2017,54.11480,Kotak Bluechip,120841
23-10-2017,53.84590,Kotak Bluechip,120841
18-10-2017,53.96670,Kotak Bluechip,120841
17-10-2017,54.07400,Kotak Bluechip,120841
16-10-2017,53.85670,Kotak Bluechip,120841
13-10-2017,53.70150,Kotak Bluechip,120841
12-10-2017,53.67730,Kotak Bluechip,120841
11-10-2017,53.42350,Kotak Bluechip,120841
10-10-2017,53.80800,Kotak Bluechip,120841
09-10-2017,53.77490,Kotak Bluechip,120841
06-10-2017,53.61760,Kotak Bluechip,120841
05-10-2017,53.11790,Kotak Bluechip,120841
04-10-2017,52.96940,Kotak Bluechip,120841
03-10-2017,52.78020,Kotak Bluechip,120841
29-09-2017,52.32240,Kotak Bluechip,120841
28-09-2017,52.11370,Kotak Bluechip,120841
27-09-2017,51.81330,Kotak Bluechip,120841
26-09-2017,52.27020,Kotak Bluechip,120841
25-09-2017,52.01660,Kotak Bluechip,120841
22-09-2017,52.36970,Kotak Bluechip,120841
21-09-2017,53.55120,Kotak Bluechip,120841
20-09-2017,53.76440,Kotak Bluechip,120841
19-09-2017,53.90210,Kotak Bluechip,120841
18-09-2017,53.63690,Kotak Bluechip,120841
15-09-2017,53.41290,Kotak Bluechip,120841
14-09-2017,53.34510,Kotak Bluechip,120841
13-09-2017,53.25160,Kotak Bluechip,120841
12-09-2017,53.64000,Kotak Bluechip,120841
11-09-2017,53.26750,Kotak Bluechip,120841
08-09-2017,53.13530,Kotak Bluechip,120841
07-09-2017,52.85140,Kotak Bluechip,120841
06-09-2017,52.67380,Kotak Bluechip,120841
05-09-2017,52.74520,Kotak Bluechip,120841
04-09-2017,52.31240,Kotak Bluechip,120841
01-09-2017,52.39860,Kotak Bluechip,120841
31-08-2017,52.00160,Kotak Bluechip,120841
30-08-2017,51.48540,Kotak Bluechip,120841
29-08-2017,51.08480,Kotak Bluechip,120841
28-08-2017,51.43590,Kotak Bluechip,120841
24-08-2017,51.13570,Kotak Bluechip,120841
23-08-2017,51.30410,Kotak Bluechip,120841
22-08-2017,51.06670,Kotak Bluechip,120841
21-08-2017,51.15160,Kotak Bluechip,120841
18-08-2017,51.39250,Kotak Bluechip,120841
17-08-2017,51.44680,Kotak Bluechip,120841
16-08-2017,51.44690,Kotak Bluechip,120841
14-08-2017,51.01240,Kotak Bluechip,120841
11-08-2017,50.71610,Kotak Bluechip,120841
10-08-2017,50.83840,Kotak Bluechip,120841
09-08-2017,51.55660,Kotak Bluechip,120841
08-08-2017,51.86750,Kotak Bluechip,120841
07-08-2017,51.99900,Kotak Bluechip,120841
04-08-2017,51.80160,Kotak Bluechip,120841
03-08-2017,51.54640,Kotak Bluechip,120841
02-08-2017,51.62280,Kotak Bluechip,120841
01-08-2017,51.59240,Kotak Bluechip,120841
31-07-2017,51.59400,Kotak Bluechip,120841
28-07-2017,51.66880,Kotak Bluechip,120841
27-07-2017,51.63260,Kotak Bluechip,120841
26-07-2017,51.70390,Kotak Bluechip,120841
25-07-2017,51.66990,Kotak Bluechip,120841
24-07-2017,51.52580,Kotak Bluechip,120841
21-07-2017,51.67790,Kotak Bluechip,120841
20-07-2017,51.62410,Kotak Bluechip,120841
19-07-2017,51.76770,Kotak Bluechip,120841
18-07-2017,51.59880,Kotak Bluechip,120841
17-07-2017,52.13580,Kotak Bluechip,120841
14-07-2017,51.98990,Kotak Bluechip,120841
13-07-2017,52.19890,Kotak Bluechip,120841
12-07-2017,51.78940,Kotak Bluechip,120841
11-07-2017,51.64440,Kotak Bluechip,120841
10-07-2017,51.75950,Kotak Bluechip,120841
07-07-2017,51.62440,Kotak Bluechip,120841
06-07-2017,51.78000,Kotak Bluechip,120841
05-07-2017,51.69770,Kotak Bluechip,120841
04-07-2017,51.41550,Kotak Bluechip,120841
03-07-2017,51.49570,Kotak Bluechip,120841
30-06-2017,51.04280,Kotak Bluechip,120841
29-06-2017,50.60240,Kotak Bluechip,120841
28-06-2017,50.26210,Kotak Bluechip,120841
27-06-2017,50.16620,Kotak Bluechip,120841
23-06-2017,50.63400,Kotak Bluechip,120841
22-06-2017,51.01050,Kotak Bluechip,120841
21-06-2017,51.16270,Kotak Bluechip,120841
20-06-2017,51.33250,Kotak Bluechip,120841
19-06-2017,51.03770,Kotak Bluechip,120841
16-06-2017,50.85270,Kotak Bluechip,120841
15-06-2017,50.79150,Kotak Bluechip,120841
14-06-2017,50.66850,Kotak Bluechip,120841
13-06-2017,50.73510,Kotak Bluechip,120841
12-06-2017,50.85260,Kotak Bluechip,120841
09-06-2017,50.96330,Kotak Bluechip,120841
08-06-2017,50.90980,Kotak Bluechip,120841
07-06-2017,50.92780,Kotak Bluechip,120841
06-06-2017,50.91860,Kotak Bluechip,120841
05-06-2017,51.13890,Kotak Bluechip,120841
02-06-2017,50.81370,Kotak Bluechip,120841
01-06-2017,50.56910,Kotak Bluechip,120841
31-05-2017,50.08600,Kotak Bluechip,120841
30-05-2017,49.90860,Kotak Bluechip,120841
29-05-2017,49.96940,Kotak Bluechip,120841
26-05-2017,50.15250,Kotak Bluechip,120841
25-05-2017,49.80050,Kotak Bluechip,120841
24-05-2017,49.16090,Kotak Bluechip,120841
23-05-2017,49.39190,Kotak Bluechip,120841
22-05-2017,49.99040,Kotak Bluechip,120841
19-05-2017,50.09840,Kotak Bluechip,120841
18-05-2017,50.27090,Kotak Bluechip,120841
17-05-2017,50.75130,Kotak Bluechip,120841
16-05-2017,50.85460,Kotak Bluechip,120841
15-05-2017,50.65430,Kotak Bluechip,120841
12-05-2017,50.21950,Kotak Bluechip,120841
11-05-2017,50.37090,Kotak Bluechip,120841
10-05-2017,50.34880,Kotak Bluechip,120841
09-05-2017,50.18500,Kotak Bluechip,120841
08-05-2017,49.90320,Kotak Bluechip,120841
05-05-2017,49.50220,Kotak Bluechip,120841
04-05-2017,49.56930,Kotak Bluechip,120841
03-05-2017,49.20800,Kotak Bluechip,120841
02-05-2017,49.27480,Kotak Bluechip,120841
28-04-2017,49.21220,Kotak Bluechip,120841
27-04-2017,49.34470,Kotak Bluechip,120841
26-04-2017,49.31740,Kotak Bluechip,120841
25-04-2017,49.44990,Kotak Bluechip,120841
24-04-2017,49.08190,Kotak Bluechip,120841
21-04-2017,48.72050,Kotak Bluechip,120841
20-04-2017,48.87440,Kotak Bluechip,120841
19-04-2017,48.77050,Kotak Bluechip,120841
18-04-2017,48.53940,Kotak Bluechip,120841
17-04-2017,48.80760,Kotak Bluechip,120841
13-04-2017,48.74270,Kotak Bluechip,120841
12-04-2017,48.80760,Kotak Bluechip,120841
11-04-2017,48.97930,Kotak Bluechip,120841
10-04-2017,48.78580,Kotak Bluechip,120841
07-04-2017,48.67460,Kotak Bluechip,120841
06-04-2017,48.84630,Kotak Bluechip,120841
05-04-2017,48.84660,Kotak Bluechip,120841
03-04-2017,48.64390,Kotak Bluechip,120841
31-03-2017,48.47380,Kotak Bluechip,120841
30-03-2017,48.49460,Kotak Bluechip,120841
29-03-2017,48.14920,Kotak Bluechip,120841
28-03-2017,48.23530,Kotak Bluechip,120841
27-03-2017,48.01760,Kotak Bluechip,120841
24-03-2017,47.97400,Kotak Bluechip,120841
23-03-2017,47.96620,Kotak Bluechip,120841
22-03-2017,47.73870,Kotak Bluechip,120841
21-03-2017,48.04430,Kotak Bluechip,120841
20-03-2017,48.14780,Kotak Bluechip,120841
17-03-2017,47.95690,Kotak Bluechip,120841
16-03-2017,47.87850,Kotak Bluechip,120841
15-03-2017,47.61480,Kotak Bluechip,120841
14-03-2017,47.58880,Kotak Bluechip,120841
10-03-2017,47.25950,Kotak Bluechip,120841
09-03-2017,47.37590,Kotak Bluechip,120841
08-03-2017,47.45530,Kotak Bluechip,120841
07-03-2017,47.50580,Kotak Bluechip,120841
06-03-2017,47.34990,Kotak Bluechip,120841
03-03-2017,47.20310,Kotak Bluechip,120841
02-03-2017,46.72500,Kotak Bluechip,120841
01-03-2017,47.01510,Kotak Bluechip,120841
28-02-2017,46.67980,Kotak Bluechip,120841
27-02-2017,46.81160,Kotak Bluechip,120841
23-02-2017,46.84510,Kotak Bluechip,120841
22-02-2017,46.77940,Kotak Bluechip,120841
21-02-2017,46.87240,Kotak Bluechip,120841
20-02-2017,46.70000,Kotak Bluechip,120841
17-02-2017,46.53610,Kotak Bluechip,120841
16-02-2017,46.35360,Kotak Bluechip,120841
15-02-2017,45.90690,Kotak Bluechip,120841
14-02-2017,46.19230,Kotak Bluechip,120841
13-02-2017,46.20840,Kotak Bluechip,120841
10-02-2017,46.10210,Kotak Bluechip,120841
09-02-2017,46.11130,Kotak Bluechip,120841
08-02-2017,46.10450,Kotak Bluechip,120841
07-02-2017,46.16150,Kotak Bluechip,120841
06-02-2017,46.43070,Kotak Bluechip,120841
03-02-2017,46.02940,Kotak Bluechip,120841
02-02-2017,46.13500,Kotak Bluechip,120841
01-02-2017,45.63440,Kotak Bluechip,120841
31-01-2017,45.34010,Kotak Bluechip,120841
30-01-2017,45.66340,Kotak Bluechip,120841
27-01-2017,45.38390,Kotak Bluechip,120841
25-01-2017,44.95290,Kotak Bluechip,120841
24-01-2017,44.75280,Kotak Bluechip,120841
23-01-2017,44.51360,Kotak Bluechip,120841
20-01-2017,44.48050,Kotak Bluechip,120841
19-01-2017,44.88120,Kotak Bluechip,120841
18-01-2017,44.87190,Kotak Bluechip,120841
17-01-2017,44.86120,Kotak Bluechip,120841
16-01-2017,44.84030,Kotak Bluechip,120841
13-01-2017,44.90410,Kotak Bluechip,120841
12-01-2017,44.75390,Kotak Bluechip,120841
11-01-2017,44.76560,Kotak Bluechip,120841
10-01-2017,44.60400,Kotak Bluechip,120841
09-01-2017,44.64360,Kotak Bluechip,120841
06-01-2017,44.65180,Kotak Bluechip,120841
05-01-2017,44.89300,Kotak Bluechip,120841
04-01-2017,44.50420,Kotak Bluechip,120841
03-01-2017,44.49730,Kotak Bluechip,120841
02-01-2017,44.29470,Kotak Bluechip,120841
30-12-2016,44.27160,Kotak Bluechip,120841
29-12-2016,43.89660,Kotak Bluechip,120841
28-12-2016,43.67250,Kotak Bluechip,120841
27-12-2016,43.55950,Kotak Bluechip,120841
26-12-2016,43.31630,Kotak Bluechip,120841
23-12-2016,43.66480,Kotak Bluechip,120841
22-12-2016,43.71650,Kotak Bluechip,120841
21-12-2016,44.04130,Kotak Bluechip,120841
20-12-2016,44.21620,Kotak Bluechip,120841
19-12-2016,44.52710,Kotak Bluechip,120841
16-12-2016,44.74260,Kotak Bluechip,120841
15-12-2016,44.67010,Kotak Bluechip,120841
14-12-2016,44.71970,Kotak Bluechip,120841
13-12-2016,44.92780,Kotak Bluechip,120841
12-12-2016,44.75890,Kotak Bluechip,120841
09-12-2016,44.93090,Kotak Bluechip,120841
08-12-2016,44.77770,Kotak Bluechip,120841
07-12-2016,44.20180,Kotak Bluechip,120841
06-12-2016,44.44920,Kotak Bluechip,120841
05-12-2016,44.42930,Kotak Bluechip,120841
02-12-2016,44.36740,Kotak Bluechip,120841
01-12-2016,44.67740,Kotak Bluechip,120841
30-11-2016,44.71680,Kotak Bluechip,120841
29-11-2016,44.62020,Kotak Bluechip,120841
28-11-2016,44.72250,Kotak Bluechip,120841
25-11-2016,44.77400,Kotak Bluechip,120841
24-11-2016,44.32280,Kotak Bluechip,120841
23-11-2016,44.31800,Kotak Bluechip,120841
22-11-2016,44.01720,Kotak Bluechip,120841
21-11-2016,43.85710,Kotak Bluechip,120841
18-11-2016,44.42240,Kotak Bluechip,120841
17-11-2016,44.29190,Kotak Bluechip,120841
16-11-2016,44.20870,Kotak Bluechip,120841
15-11-2016,44.20380,Kotak Bluechip,120841
11-11-2016,45.28010,Kotak Bluechip,120841
10-11-2016,45.84320,Kotak Bluechip,120841
09-11-2016,45.46690,Kotak Bluechip,120841
08-11-2016,45.87860,Kotak Bluechip,120841
07-11-2016,45.99820,Kotak Bluechip,120841
04-11-2016,45.58300,Kotak Bluechip,120841
03-11-2016,46.15530,Kotak Bluechip,120841
02-11-2016,46.43070,Kotak Bluechip,120841
01-11-2016,46.71400,Kotak Bluechip,120841
28-10-2016,46.63860,Kotak Bluechip,120841
27-10-2016,46.58100,Kotak Bluechip,120841
26-10-2016,46.63570,Kotak Bluechip,120841
25-10-2016,47.11100,Kotak Bluechip,120841
24-10-2016,46.99670,Kotak Bluechip,120841
21-10-2016,46.88260,Kotak Bluechip,120841
20-10-2016,47.18750,Kotak Bluechip,120841
19-10-2016,47.06490,Kotak Bluechip,120841
18-10-2016,46.94360,Kotak Bluechip,120841
17-10-2016,46.44840,Kotak Bluechip,120841
14-10-2016,46.19830,Kotak Bluechip,120841
13-10-2016,45.98960,Kotak Bluechip,120841
10-10-2016,46.69290,Kotak Bluechip,120841
07-10-2016,46.43830,Kotak Bluechip,120841
06-10-2016,46.42910,Kotak Bluechip,120841
05-10-2016,46.58960,Kotak Bluechip,120841
04-10-2016,46.51930,Kotak Bluechip,120841
03-10-2016,46.55610,Kotak Bluechip,120841
30-09-2016,46.05150,Kotak Bluechip,120841
29-09-2016,45.77980,Kotak Bluechip,120841
28-09-2016,46.49620,Kotak Bluechip,120841
27-09-2016,46.30600,Kotak Bluechip,120841
26-09-2016,46.38040,Kotak Bluechip,120841
23-09-2016,46.67840,Kotak Bluechip,120841
22-09-2016,46.72700,Kotak Bluechip,120841
21-09-2016,46.49440,Kotak Bluechip,120841
20-09-2016,46.49570,Kotak Bluechip,120841
19-09-2016,46.58870,Kotak Bluechip,120841
16-09-2016,46.49910,Kotak Bluechip,120841
15-09-2016,46.32120,Kotak Bluechip,120841
14-09-2016,46.35930,Kotak Bluechip,120841
12-09-2016,46.18300,Kotak Bluechip,120841
09-09-2016,46.78090,Kotak Bluechip,120841
08-09-2016,46.97930,Kotak Bluechip,120841
07-09-2016,46.89860,Kotak Bluechip,120841
06-09-2016,46.82870,Kotak Bluechip,120841
02-09-2016,46.62520,Kotak Bluechip,120841
01-09-2016,46.47490,Kotak Bluechip,120841
31-08-2016,46.75730,Kotak Bluechip,120841
30-08-2016,46.82650,Kotak Bluechip,120841
29-08-2016,46.58970,Kotak Bluechip,120841
26-08-2016,46.59090,Kotak Bluechip,120841
25-08-2016,46.77280,Kotak Bluechip,120841
24-08-2016,46.90270,Kotak Bluechip,120841
23-08-2016,46.55010,Kotak Bluechip,120841
22-08-2016,46.65480,Kotak Bluechip,120841
19-08-2016,46.89970,Kotak Bluechip,120841
18-08-2016,46.76150,Kotak Bluechip,120841
17-08-2016,46.73130,Kotak Bluechip,120841
16-08-2016,46.11330,Kotak Bluechip,120841
12-08-2016,46.23550,Kotak Bluechip,120841
11-08-2016,46.25810,Kotak Bluechip,120841
10-08-2016,46.25060,Kotak Bluechip,120841
09-08-2016,46.72950,Kotak Bluechip,120841
08-08-2016,47.02990,Kotak Bluechip,120841
05-08-2016,46.64480,Kotak Bluechip,120841
04-08-2016,45.65770,Kotak Bluechip,120841
03-08-2016,45.64670,Kotak Bluechip,120841
02-08-2016,45.81120,Kotak Bluechip,120841
01-08-2016,46.15630,Kotak Bluechip,120841
29-07-2016,46.08380,Kotak Bluechip,120841
28-07-2016,46.20870,Kotak Bluechip,120841
27-07-2016,46.20590,Kotak Bluechip,120841
26-07-2016,46.14950,Kotak Bluechip,120841
25-07-2016,46.28000,Kotak Bluechip,120841
22-07-2016,46.02210,Kotak Bluechip,120841
21-07-2016,45.90550,Kotak Bluechip,120841
20-07-2016,46.06710,Kotak Bluechip,120841
19-07-2016,46.06770,Kotak Bluechip,120841
18-07-2016,46.09240,Kotak Bluechip,120841
15-07-2016,46.27230,Kotak Bluechip,120841
14-07-2016,46.54610,Kotak Bluechip,120841
13-07-2016,46.45460,Kotak Bluechip,120841
12-07-2016,46.72070,Kotak Bluechip,120841
11-07-2016,47.08220,Kotak Bluechip,120841
08-07-2016,46.81580,Kotak Bluechip,120841
07-07-2016,46.88950,Kotak Bluechip,120841
05-07-2016,46.85590,Kotak Bluechip,120841
04-07-2016,46.68000,Kotak Bluechip,120841
01-07-2016,46.64410,Kotak Bluechip,120841
30-06-2016,46.61780,Kotak Bluechip,120841
29-06-2016,46.36770,Kotak Bluechip,120841
28-06-2016,46.27400,Kotak Bluechip,120841
27-06-2016,46.66670,Kotak Bluechip,120841
24-06-2016,46.35180,Kotak Bluechip,120841
23-06-2016,46.75060,Kotak Bluechip,120841
22-06-2016,46.32910,Kotak Bluechip,120841
21-06-2016,46.04430,Kotak Bluechip,120841
20-06-2016,45.93610,Kotak Bluechip,120841
17-06-2016,46.08590,Kotak Bluechip,120841
16-06-2016,46.07600,Kotak Bluechip,120841
15-06-2016,46.27840,Kotak Bluechip,120841
14-06-2016,46.05340,Kotak Bluechip,120841
13-06-2016,45.97790,Kotak Bluechip,120841
10-06-2016,46.08460,Kotak Bluechip,120841
09-06-2016,46.16650,Kotak Bluechip,120841
08-06-2016,46.13630,Kotak Bluechip,120841
07-06-2016,45.94440,Kotak Bluechip,120841
06-06-2016,45.95070,Kotak Bluechip,120841
03-06-2016,46.02040,Kotak Bluechip,120841
02-06-2016,45.88560,Kotak Bluechip,120841
01-06-2016,45.91320,Kotak Bluechip,120841
31-05-2016,45.79050,Kotak Bluechip,120841
30-05-2016,45.99320,Kotak Bluechip,120841
27-05-2016,46.12690,Kotak Bluechip,120841
26-05-2016,45.76580,Kotak Bluechip,120841
25-05-2016,45.68520,Kotak Bluechip,120841
24-05-2016,45.24220,Kotak Bluechip,120841
23-05-2016,45.28630,Kotak Bluechip,120841
20-05-2016,45.45600,Kotak Bluechip,120841
19-05-2016,45.95760,Kotak Bluechip,120841
18-05-2016,46.25030,Kotak Bluechip,120841
17-05-2016,45.99100,Kotak Bluechip,120841
16-05-2016,45.95580,Kotak Bluechip,120841
13-05-2016,46.19650,Kotak Bluechip,120841
12-05-2016,46.36100,Kotak Bluechip,120841
11-05-2016,46.10300,Kotak Bluechip,120841
10-05-2016,45.89580,Kotak Bluechip,120841
09-05-2016,45.82450,Kotak Bluechip,120841
06-05-2016,45.21830,Kotak Bluechip,120841
05-05-2016,44.73280,Kotak Bluechip,120841
04-05-2016,45.00890,Kotak Bluechip,120841
03-05-2016,45.25410,Kotak Bluechip,120841
02-05-2016,45.48560,Kotak Bluechip,120841
29-04-2016,45.29440,Kotak Bluechip,120841
28-04-2016,45.13100,Kotak Bluechip,120841
27-04-2016,45.41870,Kotak Bluechip,120841
26-04-2016,45.49300,Kotak Bluechip,120841
25-04-2016,45.33640,Kotak Bluechip,120841
22-04-2016,45.44680,Kotak Bluechip,120841
21-04-2016,45.46750,Kotak Bluechip,120841
20-04-2016,45.53240,Kotak Bluechip,120841
18-04-2016,45.56040,Kotak Bluechip,120841
13-04-2016,45.25900,Kotak Bluechip,120841
12-04-2016,44.86560,Kotak Bluechip,120841
11-04-2016,44.77690,Kotak Bluechip,120841
08-04-2016,44.62200,Kotak Bluechip,120841
07-04-2016,44.56330,Kotak Bluechip,120841
06-04-2016,44.70460,Kotak Bluechip,120841
05-04-2016,44.56750,Kotak Bluechip,120841
04-04-2016,44.83670,Kotak Bluechip,120841
01-04-2016,44.90900,Kotak Bluechip,120841
31-03-2016,44.95620,Kotak Bluechip,120841
30-03-2016,44.73030,Kotak Bluechip,120841
29-03-2016,44.35820,Kotak Bluechip,120841
28-03-2016,44.42020,Kotak Bluechip,120841
23-03-2016,45.15160,Kotak Bluechip,120841
22-03-2016,45.00160,Kotak Bluechip,120841
21-03-2016,44.73100,Kotak Bluechip,120841
18-03-2016,44.43730,Kotak Bluechip,120841
17-03-2016,44.37000,Kotak Bluechip,120841
16-03-2016,44.20360,Kotak Bluechip,120841
15-03-2016,43.89220,Kotak Bluechip,120841
14-03-2016,44.25560,Kotak Bluechip,120841
11-03-2016,44.21620,Kotak Bluechip,120841
10-03-2016,44.33170,Kotak Bluechip,120841
09-03-2016,44.44530,Kotak Bluechip,120841
08-03-2016,44.38150,Kotak Bluechip,120841
04-03-2016,44.36950,Kotak Bluechip,120841
03-03-2016,44.22200,Kotak Bluechip,120841
02-03-2016,43.68780,Kotak Bluechip,120841
01-03-2016,43.37890,Kotak Bluechip,120841
29-02-2016,42.62590,Kotak Bluechip,120841
26-02-2016,42.79210,Kotak Bluechip,120841
25-02-2016,42.79450,Kotak Bluechip,120841
24-02-2016,42.87920,Kotak Bluechip,120841
23-02-2016,43.25000,Kotak Bluechip,120841
22-02-2016,43.55530,Kotak Bluechip,120841
19-02-2016,43.22080,Kotak Bluechip,120841
18-02-2016,43.31550,Kotak Bluechip,120841
17-02-2016,43.21990,Kotak Bluechip,120841
16-02-2016,43.07770,Kotak Bluechip,120841
15-02-2016,43.55870,Kotak Bluechip,120841
12-02-2016,42.89150,Kotak Bluechip,120841
11-02-2016,42.92940,Kotak Bluechip,120841
10-02-2016,43.77300,Kotak Bluechip,120841
09-02-2016,43.82150,Kotak Bluechip,120841
08-02-2016,44.04820,Kotak Bluechip,120841
05-02-2016,44.02390,Kotak Bluechip,120841
04-02-2016,43.55670,Kotak Bluechip,120841
03-02-2016,43.62380,Kotak Bluechip,120841
02-02-2016,44.08820,Kotak Bluechip,120841
01-02-2016,44.44630,Kotak Bluechip,120841
29-01-2016,44.52400,Kotak Bluechip,120841
28-01-2016,44.06160,Kotak Bluechip,120841
27-01-2016,44.20960,Kotak Bluechip,120841
25-01-2016,44.12170,Kotak Bluechip,120841
22-01-2016,43.79160,Kotak Bluechip,120841
21-01-2016,43.39580,Kotak Bluechip,120841
20-01-2016,43.35230,Kotak Bluechip,120841
19-01-2016,43.96950,Kotak Bluechip,120841
18-01-2016,43.49430,Kotak Bluechip,120841
15-01-2016,43.82170,Kotak Bluechip,120841
14-01-2016,44.42030,Kotak Bluechip,120841
13-01-2016,44.69230,Kotak Bluechip,120841
12-01-2016,45.03790,Kotak Bluechip,120841
11-01-2016,45.49490,Kotak Bluechip,120841
08-01-2016,45.94230,Kotak Bluechip,120841
07-01-2016,45.62820,Kotak Bluechip,120841
06-01-2016,45.56990,Kotak Bluechip,120841
05-01-2016,45.52680,Kotak Bluechip,120841
04-01-2016,45.25160,Kotak Bluechip,120841
01-01-2016,45.57370,Kotak Bluechip,120841
31-12-2015,45.44270,Kotak Bluechip,120841
30-12-2015,45.11470,Kotak Bluechip,120841
29-12-2015,45.19860,Kotak Bluechip,120841
28-12-2015,45.19780,Kotak Bluechip,120841
24-12-2015,45.06680,Kotak Bluechip,120841
23-12-2015,45.08170,Kotak Bluechip,120841
22-12-2015,44.93450,Kotak Bluechip,120841
21-12-2015,44.85110,Kotak Bluechip,120841
18-12-2015,44.73040,Kotak Bluechip,120841
17-12-2015,44.92410,Kotak Bluechip,120841
16-12-2015,44.70860,Kotak Bluechip,120841
15-12-2015,44.13560,Kotak Bluechip,120841
14-12-2015,44.01770,Kotak Bluechip,120841
11-12-2015,44.08870,Kotak Bluechip,120841
10-12-2015,44.34880,Kotak Bluechip,120841
09-12-2015,43.90160,Kotak Bluechip,120841
08-12-2015,44.60290,Kotak Bluechip,120841
07-12-2015,44.87500,Kotak Bluechip,120841
04-12-2015,44.89930,Kotak Bluechip,120841
03-12-2015,44.86630,Kotak Bluechip,120841
02-12-2015,44.88140,Kotak Bluechip,120841
01-12-2015,44.89630,Kotak Bluechip,120841
30-11-2015,44.88510,Kotak Bluechip,120841
27-11-2015,44.75180,Kotak Bluechip,120841
26-11-2015,44.70560,Kotak Bluechip,120841
24-11-2015,44.60790,Kotak Bluechip,120841
23-11-2015,44.57190,Kotak Bluechip,120841
20-11-2015,44.60060,Kotak Bluechip,120841
19-11-2015,44.56860,Kotak Bluechip,120841
18-11-2015,44.33690,Kotak Bluechip,120841
17-11-2015,44.39760,Kotak Bluechip,120841
16-11-2015,44.30860,Kotak Bluechip,120841
13-11-2015,44.49470,Kotak Bluechip,120841
10-11-2015,44.28440,Kotak Bluechip,120841
09-11-2015,44.54040,Kotak Bluechip,120841
06-11-2015,44.51550,Kotak Bluechip,120841
05-11-2015,44.45220,Kotak Bluechip,120841
04-11-2015,44.43680,Kotak Bluechip,120841
03-11-2015,44.45020,Kotak Bluechip,120841
02-11-2015,44.39650,Kotak Bluechip,120841
30-10-2015,44.53020,Kotak Bluechip,120841
28-10-2015,44.81360,Kotak Bluechip,120841
27-10-2015,45.02710,Kotak Bluechip,120841
26-10-2015,44.98070,Kotak Bluechip,120841
23-10-2015,45.06610,Kotak Bluechip,120841
21-10-2015,45.03240,Kotak Bluechip,120841
20-10-2015,45.10770,Kotak Bluechip,120841
19-10-2015,44.92200,Kotak Bluechip,120841
16-10-2015,44.83800,Kotak Bluechip,120841
15-10-2015,44.66700,Kotak Bluechip,120841
14-10-2015,44.59640,Kotak Bluechip,120841
13-10-2015,44.80450,Kotak Bluechip,120841
12-10-2015,44.82500,Kotak Bluechip,120841
09-10-2015,44.91040,Kotak Bluechip,120841
08-10-2015,44.81450,Kotak Bluechip,120841
07-10-2015,44.98190,Kotak Bluechip,120841
06-10-2015,45.11320,Kotak Bluechip,120841
05-10-2015,45.02930,Kotak Bluechip,120841
01-10-2015,44.62410,Kotak Bluechip,120841
30-09-2015,44.36650,Kotak Bluechip,120841
29-09-2015,44.19610,Kotak Bluechip,120841
28-09-2015,44.32260,Kotak Bluechip,120841
24-09-2015,44.39230,Kotak Bluechip,120841
23-09-2015,44.49090,Kotak Bluechip,120841
22-09-2015,44.44940,Kotak Bluechip,120841
21-09-2015,44.61350,Kotak Bluechip,120841
18-09-2015,44.54790,Kotak Bluechip,120841
16-09-2015,44.23700,Kotak Bluechip,120841
15-09-2015,44.37740,Kotak Bluechip,120841
14-09-2015,44.71410,Kotak Bluechip,120841
11-09-2015,44.28940,Kotak Bluechip,120841
10-09-2015,44.17920,Kotak Bluechip,120841
09-09-2015,44.24220,Kotak Bluechip,120841
08-09-2015,43.83190,Kotak Bluechip,120841
07-09-2015,43.54620,Kotak Bluechip,120841
04-09-2015,44.29010,Kotak Bluechip,120841
03-09-2015,44.83160,Kotak Bluechip,120841
02-09-2015,44.63530,Kotak Bluechip,120841
01-09-2015,44.82990,Kotak Bluechip,120841
31-08-2015,45.53760,Kotak Bluechip,120841
28-08-2015,45.69510,Kotak Bluechip,120841
27-08-2015,45.23910,Kotak Bluechip,120841
26-08-2015,44.70200,Kotak Bluechip,120841
25-08-2015,44.67260,Kotak Bluechip,120841
24-08-2015,44.52330,Kotak Bluechip,120841
21-08-2015,46.81120,Kotak Bluechip,120841
20-08-2015,46.92030,Kotak Bluechip,120841
19-08-2015,47.19370,Kotak Bluechip,120841
18-08-2015,47.10360,Kotak Bluechip,120841
17-08-2015,47.13590,Kotak Bluechip,120841
14-08-2015,47.03220,Kotak Bluechip,120841
13-08-2015,46.88140,Kotak Bluechip,120841
12-08-2015,46.83260,Kotak Bluechip,120841
11-08-2015,47.17280,Kotak Bluechip,120841
10-08-2015,47.23410,Kotak Bluechip,120841
07-08-2015,47.28990,Kotak Bluechip,120841
06-08-2015,47.27300,Kotak Bluechip,120841
05-08-2015,47.41260,Kotak Bluechip,120841
04-08-2015,47.45790,Kotak Bluechip,120841
03-08-2015,47.29230,Kotak Bluechip,120841
31-07-2015,47.26480,Kotak Bluechip,120841
30-07-2015,46.97490,Kotak Bluechip,120841
29-07-2015,46.95880,Kotak Bluechip,120841
28-07-2015,46.74180,Kotak Bluechip,120841
27-07-2015,46.66490,Kotak Bluechip,120841
24-07-2015,46.87830,Kotak Bluechip,120841
23-07-2015,46.96920,Kotak Bluechip,120841
22-07-2015,46.95560,Kotak Bluechip,120841
21-07-2015,46.70450,Kotak Bluechip,120841
20-07-2015,47.32330,Kotak Bluechip,120841
17-07-2015,47.45650,Kotak Bluechip,120841
16-07-2015,47.50140,Kotak Bluechip,120841
15-07-2015,47.11690,Kotak Bluechip,120841
14-07-2015,47.07650,Kotak Bluechip,120841
13-07-2015,47.01810,Kotak Bluechip,120841
10-07-2015,46.71610,Kotak Bluechip,120841
09-07-2015,46.56480,Kotak Bluechip,120841
08-07-2015,46.50910,Kotak Bluechip,120841
07-07-2015,47.00030,Kotak Bluechip,120841
06-07-2015,46.97710,Kotak Bluechip,120841
03-07-2015,46.92810,Kotak Bluechip,120841
02-07-2015,46.75000,Kotak Bluechip,120841
01-07-2015,46.75980,Kotak Bluechip,120841
30-06-2015,46.49440,Kotak Bluechip,120841
29-06-2015,46.38770,Kotak Bluechip,120841
26-06-2015,46.62470,Kotak Bluechip,120841
25-06-2015,46.63030,Kotak Bluechip,120841
24-06-2015,46.69830,Kotak Bluechip,120841
23-06-2015,46.72310,Kotak Bluechip,120841
22-06-2015,46.71380,Kotak Bluechip,120841
19-06-2015,46.35190,Kotak Bluechip,120841
18-06-2015,46.28800,Kotak Bluechip,120841
17-06-2015,46.14660,Kotak Bluechip,120841
16-06-2015,46.02750,Kotak Bluechip,120841
15-06-2015,45.97680,Kotak Bluechip,120841
12-06-2015,46.04200,Kotak Bluechip,120841
11-06-2015,45.83970,Kotak Bluechip,120841
10-06-2015,46.41160,Kotak Bluechip,120841
09-06-2015,45.84400,Kotak Bluechip,120841
08-06-2015,46.29130,Kotak Bluechip,120841
05-06-2015,46.53370,Kotak Bluechip,120841
04-06-2015,46.43760,Kotak Bluechip,120841
03-06-2015,46.30600,Kotak Bluechip,120841
02-06-2015,46.71610,Kotak Bluechip,120841
01-06-2015,47.21250,Kotak Bluechip,120841
29-05-2015,47.28120,Kotak Bluechip,120841
28-05-2015,47.00610,Kotak Bluechip,120841
27-05-2015,46.87350,Kotak Bluechip,120841
26-05-2015,46.76880,Kotak Bluechip,120841
25-05-2015,46.72320,Kotak Bluechip,120841
22-05-2015,46.86310,Kotak Bluechip,120841
21-05-2015,46.81160,Kotak Bluechip,120841
20-05-2015,46.75600,Kotak Bluechip,120841
19-05-2015,46.64030,Kotak Bluechip,120841
18-05-2015,46.56110,Kotak Bluechip,120841
15-05-2015,46.43300,Kotak Bluechip,120841
14-05-2015,46.10930,Kotak Bluechip,120841
13-05-2015,46.19000,Kotak Bluechip,120841
12-05-2015,45.86050,Kotak Bluechip,120841
11-05-2015,46.21140,Kotak Bluechip,120841
08-05-2015,45.77210,Kotak Bluechip,120841
07-05-2015,45.52370,Kotak Bluechip,120841
06-05-2015,45.88190,Kotak Bluechip,120841
05-05-2015,46.54020,Kotak Bluechip,120841
04-05-2015,46.39840,Kotak Bluechip,120841
30-04-2015,46.16470,Kotak Bluechip,120841
29-04-2015,46.43260,Kotak Bluechip,120841
28-04-2015,45.98960,Kotak Bluechip,120841
27-04-2015,45.42460,Kotak Bluechip,120841
24-04-2015,46.14500,Kotak Bluechip,120841
23-04-2015,46.71610,Kotak Bluechip,120841
22-04-2015,46.76390,Kotak Bluechip,120841
21-04-2015,46.64950,Kotak Bluechip,120841
20-04-2015,46.80140,Kotak Bluechip,120841
17-04-2015,46.90380,Kotak Bluechip,120841
16-04-2015,47.30800,Kotak Bluechip,120841
15-04-2015,47.35030,Kotak Bluechip,120841
13-04-2015,47.10960,Kotak Bluechip,120841
10-04-2015,46.74350,Kotak Bluechip,120841
09-04-2015,46.64220,Kotak Bluechip,120841
08-04-2015,46.51890,Kotak Bluechip,120841
07-04-2015,46.63990,Kotak Bluechip,120841
06-04-2015,46.61180,Kotak Bluechip,120841
31-03-2015,45.84320,Kotak Bluechip,120841
30-03-2015,45.77780,Kotak Bluechip,120841
27-03-2015,45.45890,Kotak Bluechip,120841
26-03-2015,45.44370,Kotak Bluechip,120841
25-03-2015,45.88060,Kotak Bluechip,120841
24-03-2015,45.61270,Kotak Bluechip,120841
23-03-2015,45.21080,Kotak Bluechip,120841
20-03-2015,45.34970,Kotak Bluechip,120841
19-03-2015,45.50740,Kotak Bluechip,120841
18-03-2015,45.21290,Kotak Bluechip,120841
17-03-2015,44.86750,Kotak Bluechip,120841
16-03-2015,44.70280,Kotak Bluechip,120841
13-03-2015,44.79630,Kotak Bluechip,120841
12-03-2015,45.15610,Kotak Bluechip,120841
11-03-2015,44.93240,Kotak Bluechip,120841
10-03-2015,44.88720,Kotak Bluechip,120841
09-03-2015,44.82870,Kotak Bluechip,120841
05-03-2015,44.97910,Kotak Bluechip,120841
04-03-2015,44.70620,Kotak Bluechip,120841
03-03-2015,44.83500,Kotak Bluechip,120841
02-03-2015,44.84130,Kotak Bluechip,120841
27-02-2015,44.58520,Kotak Bluechip,120841
26-02-2015,44.21410,Kotak Bluechip,120841
25-02-2015,44.51690,Kotak Bluechip,120841
24-02-2015,44.36550,Kotak Bluechip,120841
23-02-2015,44.21190,Kotak Bluechip,120841
20-02-2015,44.19670,Kotak Bluechip,120841
19-02-2015,43.95400,Kotak Bluechip,120841
18-02-2015,43.85360,Kotak Bluechip,120841
16-02-2015,43.66740,Kotak Bluechip,120841
13-02-2015,43.58090,Kotak Bluechip,120841
12-02-2015,43.35580,Kotak Bluechip,120841
11-02-2015,43.07510,Kotak Bluechip,120841
10-02-2015,42.77440,Kotak Bluechip,120841
09-02-2015,42.65510,Kotak Bluechip,120841
06-02-2015,42.90240,Kotak Bluechip,120841
05-02-2015,43.16180,Kotak Bluechip,120841
04-02-2015,43.38040,Kotak Bluechip,120841
03-02-2015,43.64080,Kotak Bluechip,120841
02-02-2015,43.83340,Kotak Bluechip,120841
30-01-2015,43.38380,Kotak Bluechip,120841
29-01-2015,43.63120,Kotak Bluechip,120841
28-01-2015,43.32330,Kotak Bluechip,120841
27-01-2015,43.52990,Kotak Bluechip,120841
23-01-2015,43.31950,Kotak Bluechip,120841
22-01-2015,43.33600,Kotak Bluechip,120841
21-01-2015,43.52970,Kotak Bluechip,120841
20-01-2015,43.29580,Kotak Bluechip,120841
19-01-2015,43.39960,Kotak Bluechip,120841
16-01-2015,43.39620,Kotak Bluechip,120841
15-01-2015,43.32440,Kotak Bluechip,120841
14-01-2015,43.05180,Kotak Bluechip,120841
13-01-2015,43.07220,Kotak Bluechip,120841
12-01-2015,42.74680,Kotak Bluechip,120841
09-01-2015,42.30170,Kotak Bluechip,120841
08-01-2015,42.19540,Kotak Bluechip,120841
07-01-2015,41.87460,Kotak Bluechip,120841
06-01-2015,41.95320,Kotak Bluechip,120841
05-01-2015,42.54670,Kotak Bluechip,120841
02-01-2015,42.53250,Kotak Bluechip,120841
01-01-2015,42.49850,Kotak Bluechip,120841
31-12-2014,42.28770,Kotak Bluechip,120841
30-12-2014,42.14080,Kotak Bluechip,120841
29-12-2014,42.10200,Kotak Bluechip,120841
26-12-2014,42.01910,Kotak Bluechip,120841
24-12-2014,42.00980,Kotak Bluechip,120841
23-12-2014,42.03800,Kotak Bluechip,120841
22-12-2014,42.29960,Kotak Bluechip,120841
19-12-2014,42.05150,Kotak Bluechip,120841
18-12-2014,41.96080,Kotak Bluechip,120841
17-12-2014,41.53180,Kotak Bluechip,120841
16-12-2014,41.78760,Kotak Bluechip,120841
15-12-2014,42.16950,Kotak Bluechip,120841
12-12-2014,42.31910,Kotak Bluechip,120841
11-12-2014,42.55640,Kotak Bluechip,120841
10-12-2014,42.75920,Kotak Bluechip,120841
09-12-2014,42.83660,Kotak Bluechip,120841
08-12-2014,43.15800,Kotak Bluechip,120841
05-12-2014,43.10950,Kotak Bluechip,120841
04-12-2014,42.83630,Kotak Bluechip,120841
03-12-2014,42.19380,Kotak Bluechip,120841
02-12-2014,42.01640,Kotak Bluechip,120841
01-12-2014,41.63010,Kotak Bluechip,120841
28-11-2014,41.59490,Kotak Bluechip,120841
27-11-2014,41.45800,Kotak Bluechip,120841
26-11-2014,41.41710,Kotak Bluechip,120841
25-11-2014,41.41220,Kotak Bluechip,120841
24-11-2014,41.71150,Kotak Bluechip,120841
21-11-2014,41.68070,Kotak Bluechip,120841
20-11-2014,41.69640,Kotak Bluechip,120841
19-11-2014,41.57460,Kotak Bluechip,120841
18-11-2014,41.69850,Kotak Bluechip,120841
17-11-2014,41.58820,Kotak Bluechip,120841
14-11-2014,41.49280,Kotak Bluechip,120841
13-11-2014,41.44280,Kotak Bluechip,120841
12-11-2014,41.56890,Kotak Bluechip,120841
11-11-2014,41.28730,Kotak Bluechip,120841
10-11-2014,41.18900,Kotak Bluechip,120841
07-11-2014,41.21180,Kotak Bluechip,120841
05-11-2014,41.15980,Kotak Bluechip,120841
03-11-2014,40.80470,Kotak Bluechip,120841
31-10-2014,40.86080,Kotak Bluechip,120841
30-10-2014,40.65770,Kotak Bluechip,120841
29-10-2014,40.72190,Kotak Bluechip,120841
28-10-2014,40.57530,Kotak Bluechip,120841
27-10-2014,40.35690,Kotak Bluechip,120841
22-10-2014,40.24300,Kotak Bluechip,120841
21-10-2014,40.21620,Kotak Bluechip,120841
20-10-2014,40.05950,Kotak Bluechip,120841
17-10-2014,39.82000,Kotak Bluechip,120841
16-10-2014,39.85990,Kotak Bluechip,120841
14-10-2014,40.01850,Kotak Bluechip,120841
13-10-2014,39.86580,Kotak Bluechip,120841
10-10-2014,39.80340,Kotak Bluechip,120841
09-10-2014,40.05050,Kotak Bluechip,120841
08-10-2014,39.89840,Kotak Bluechip,120841
07-10-2014,39.99300,Kotak Bluechip,120841
01-10-2014,40.00080,Kotak Bluechip,120841
30-09-2014,39.86830,Kotak Bluechip,120841
29-09-2014,39.80130,Kotak Bluechip,120841
26-09-2014,39.66200,Kotak Bluechip,120841
25-09-2014,39.74240,Kotak Bluechip,120841
24-09-2014,39.93350,Kotak Bluechip,120841
23-09-2014,39.84770,Kotak Bluechip,120841
22-09-2014,40.22950,Kotak Bluechip,120841
19-09-2014,40.19080,Kotak Bluechip,120841
18-09-2014,40.05500,Kotak Bluechip,120841
17-09-2014,39.61670,Kotak Bluechip,120841
16-09-2014,39.67920,Kotak Bluechip,120841
15-09-2014,40.17840,Kotak Bluechip,120841
12-09-2014,39.91540,Kotak Bluechip,120841
11-09-2014,40.05040,Kotak Bluechip,120841
10-09-2014,40.07900,Kotak Bluechip,120841
09-09-2014,39.94040,Kotak Bluechip,120841
08-09-2014,39.88760,Kotak Bluechip,120841
05-09-2014,39.44470,Kotak Bluechip,120841
04-09-2014,39.39290,Kotak Bluechip,120841
03-09-2014,39.19310,Kotak Bluechip,120841
02-09-2014,38.87580,Kotak Bluechip,120841
01-09-2014,38.82200,Kotak Bluechip,120841
28-08-2014,38.67590,Kotak Bluechip,120841
27-08-2014,38.74380,Kotak Bluechip,120841
26-08-2014,38.55660,Kotak Bluechip,120841
25-08-2014,38.50890,Kotak Bluechip,120841
22-08-2014,38.22900,Kotak Bluechip,120841
21-08-2014,37.91010,Kotak Bluechip,120841
20-08-2014,37.92210,Kotak Bluechip,120841
19-08-2014,37.83220,Kotak Bluechip,120841
18-08-2014,37.79870,Kotak Bluechip,120841
14-08-2014,37.49880,Kotak Bluechip,120841
13-08-2014,37.24290,Kotak Bluechip,120841
12-08-2014,37.36730,Kotak Bluechip,120841
11-08-2014,37.26690,Kotak Bluechip,120841
08-08-2014,37.27280,Kotak Bluechip,120841
07-08-2014,37.32690,Kotak Bluechip,120841
06-08-2014,37.37930,Kotak Bluechip,120841
05-08-2014,37.49060,Kotak Bluechip,120841
04-08-2014,37.47210,Kotak Bluechip,120841
01-08-2014,37.30110,Kotak Bluechip,120841
31-07-2014,37.29120,Kotak Bluechip,120841
30-07-2014,37.41910,Kotak Bluechip,120841
28-07-2014,37.28080,Kotak Bluechip,120841
25-07-2014,37.32830,Kotak Bluechip,120841
24-07-2014,37.39380,Kotak Bluechip,120841
23-07-2014,37.57760,Kotak Bluechip,120841
22-07-2014,37.67250,Kotak Bluechip,120841
21-07-2014,37.68950,Kotak Bluechip,120841
18-07-2014,37.62110,Kotak Bluechip,120841
17-07-2014,37.65550,Kotak Bluechip,120841
16-07-2014,37.54560,Kotak Bluechip,120841
15-07-2014,37.04490,Kotak Bluechip,120841
14-07-2014,36.72630,Kotak Bluechip,120841
11-07-2014,36.72410,Kotak Bluechip,120841
10-07-2014,37.07710,Kotak Bluechip,120841
09-07-2014,36.95640,Kotak Bluechip,120841
08-07-2014,37.13130,Kotak Bluechip,120841
07-07-2014,37.50560,Kotak Bluechip,120841
04-07-2014,37.49600,Kotak Bluechip,120841
03-07-2014,37.39620,Kotak Bluechip,120841
02-07-2014,37.45140,Kotak Bluechip,120841
01-07-2014,36.97620,Kotak Bluechip,120841
30-06-2014,36.94140,Kotak Bluechip,120841
27-06-2014,36.71230,Kotak Bluechip,120841
26-06-2014,36.63320,Kotak Bluechip,120841
25-06-2014,36.68850,Kotak Bluechip,120841
24-06-2014,36.56130,Kotak Bluechip,120841
23-06-2014,36.41750,Kotak Bluechip,120841
20-06-2014,36.55700,Kotak Bluechip,120841
19-06-2014,36.52630,Kotak Bluechip,120841
18-06-2014,36.65000,Kotak Bluechip,120841
17-06-2014,36.62100,Kotak Bluechip,120841
16-06-2014,36.52170,Kotak Bluechip,120841
13-06-2014,36.49240,Kotak Bluechip,120841
12-06-2014,36.76010,Kotak Bluechip,120841
11-06-2014,36.82340,Kotak Bluechip,120841
10-06-2014,36.94680,Kotak Bluechip,120841
09-06-2014,36.85180,Kotak Bluechip,120841
06-06-2014,36.59040,Kotak Bluechip,120841
05-06-2014,36.39900,Kotak Bluechip,120841
04-06-2014,36.25790,Kotak Bluechip,120841
03-06-2014,36.13020,Kotak Bluechip,120841
02-06-2014,36.04030,Kotak Bluechip,120841
30-05-2014,35.80800,Kotak Bluechip,120841
29-05-2014,35.78320,Kotak Bluechip,120841
28-05-2014,35.82320,Kotak Bluechip,120841
27-05-2014,35.69210,Kotak Bluechip,120841
26-05-2014,35.75830,Kotak Bluechip,120841
23-05-2014,35.96200,Kotak Bluechip,120841
22-05-2014,35.91310,Kotak Bluechip,120841
21-05-2014,35.73310,Kotak Bluechip,120841
20-05-2014,35.58160,Kotak Bluechip,120841
19-05-2014,35.36260,Kotak Bluechip,120841
16-05-2014,35.22640,Kotak Bluechip,120841
15-05-2014,35.10110,Kotak Bluechip,120841
13-05-2014,35.18250,Kotak Bluechip,120841
12-05-2014,35.06630,Kotak Bluechip,120841
09-05-2014,35.11430,Kotak Bluechip,120841
08-05-2014,34.95680,Kotak Bluechip,120841
07-05-2014,34.98080,Kotak Bluechip,120841
06-05-2014,35.02920,Kotak Bluechip,120841
05-05-2014,35.08380,Kotak Bluechip,120841
02-05-2014,35.08650,Kotak Bluechip,120841
30-04-2014,35.14570,Kotak Bluechip,120841
29-04-2014,35.30960,Kotak Bluechip,120841
28-04-2014,35.42120,Kotak Bluechip,120841
25-04-2014,35.31580,Kotak Bluechip,120841
23-04-2014,35.27700,Kotak Bluechip,120841
22-04-2014,35.22490,Kotak Bluechip,120841
21-04-2014,35.22010,Kotak Bluechip,120841
17-04-2014,35.02020,Kotak Bluechip,120841
16-04-2014,34.80880,Kotak Bluechip,120841
15-04-2014,34.84150,Kotak Bluechip,120841
11-04-2014,34.82630,Kotak Bluechip,120841
10-04-2014,34.69550,Kotak Bluechip,120841
09-04-2014,34.62940,Kotak Bluechip,120841
07-04-2014,34.50810,Kotak Bluechip,120841
04-04-2014,34.52080,Kotak Bluechip,120841
03-04-2014,34.45870,Kotak Bluechip,120841
02-04-2014,34.46630,Kotak Bluechip,120841
01-04-2014,34.43860,Kotak Bluechip,120841
31-03-2014,34.37160,Kotak Bluechip,120841
28-03-2014,34.25240,Kotak Bluechip,120841
27-03-2014,34.11150,Kotak Bluechip,120841
26-03-2014,33.99800,Kotak Bluechip,120841
25-03-2014,33.99370,Kotak Bluechip,120841
24-03-2014,34.00390,Kotak Bluechip,120841
21-03-2014,33.94090,Kotak Bluechip,120841
20-03-2014,33.90270,Kotak Bluechip,120841
19-03-2014,33.90800,Kotak Bluechip,120841
18-03-2014,33.86370,Kotak Bluechip,120841
14-03-2014,33.81910,Kotak Bluechip,120841
13-03-2014,33.87080,Kotak Bluechip,120841
12-03-2014,33.91800,Kotak Bluechip,120841
11-03-2014,33.94430,Kotak Bluechip,120841
10-03-2014,33.84790,Kotak Bluechip,120841
07-03-2014,33.87330,Kotak Bluechip,120841
06-03-2014,33.82200,Kotak Bluechip,120841
05-03-2014,33.72000,Kotak Bluechip,120841
04-03-2014,33.65180,Kotak Bluechip,120841
03-03-2014,33.48220,Kotak Bluechip,120841
28-02-2014,33.49580,Kotak Bluechip,120841
26-02-2014,33.53750,Kotak Bluechip,120841
25-02-2014,33.44300,Kotak Bluechip,120841
24-02-2014,33.40270,Kotak Bluechip,120841
21-02-2014,33.29610,Kotak Bluechip,120841
20-02-2014,33.20420,Kotak Bluechip,120841
19-02-2014,33.20910,Kotak Bluechip,120841
18-02-2014,33.26980,Kotak Bluechip,120841
17-02-2014,33.14270,Kotak Bluechip,120841
14-02-2014,33.04580,Kotak Bluechip,120841
13-02-2014,33.03860,Kotak Bluechip,120841
12-02-2014,33.08920,Kotak Bluechip,120841
11-02-2014,33.08220,Kotak Bluechip,120841
10-02-2014,33.10960,Kotak Bluechip,120841
07-02-2014,33.09790,Kotak Bluechip,120841
06-02-2014,33.03510,Kotak Bluechip,120841
05-02-2014,33.02710,Kotak Bluechip,120841
04-02-2014,32.99650,Kotak Bluechip,120841
03-02-2014,33.01180,Kotak Bluechip,120841
31-01-2014,33.01760,Kotak Bluechip,120841
30-01-2014,32.94810,Kotak Bluechip,120841
29-01-2014,33.05900,Kotak Bluechip,120841
28-01-2014,33.06270,Kotak Bluechip,120841
27-01-2014,33.13570,Kotak Bluechip,120841
24-01-2014,33.23230,Kotak Bluechip,120841
23-01-2014,33.28250,Kotak Bluechip,120841
22-01-2014,33.27100,Kotak Bluechip,120841
21-01-2014,33.27310,Kotak Bluechip,120841
20-01-2014,33.26060,Kotak Bluechip,120841
17-01-2014,33.19380,Kotak Bluechip,120841
16-01-2014,33.25350,Kotak Bluechip,120841
15-01-2014,33.23410,Kotak Bluechip,120841
14-01-2014,33.18500,Kotak Bluechip,120841
13-01-2014,33.18910,Kotak Bluechip,120841
10-01-2014,33.11330,Kotak Bluechip,120841
09-01-2014,33.11350,Kotak Bluechip,120841
08-01-2014,33.10480,Kotak Bluechip,120841
07-01-2014,33.11790,Kotak Bluechip,120841
06-01-2014,33.11830,Kotak Bluechip,120841
03-01-2014,33.25960,Kotak Bluechip,120841
02-01-2014,33.22150,Kotak Bluechip,120841
01-01-2014,33.25780,Kotak Bluechip,120841
31-12-2013,33.26700,Kotak Bluechip,120841
30-12-2013,33.24260,Kotak Bluechip,120841
27-12-2013,33.22160,Kotak Bluechip,120841
26-12-2013,33.18440,Kotak Bluechip,120841
24-12-2013,33.14960,Kotak Bluechip,120841
23-12-2013,33.15480,Kotak Bluechip,120841
21-12-2013,33.09000,Kotak Bluechip,120841
20-12-2013,33.08430,Kotak Bluechip,120841
19-12-2013,33.00310,Kotak Bluechip,120841
18-12-2013,32.98130,Kotak Bluechip,120841
17-12-2013,32.83400,Kotak Bluechip,120841
16-12-2013,32.85740,Kotak Bluechip,120841
13-12-2013,32.80700,Kotak Bluechip,120841
12-12-2013,32.84310,Kotak Bluechip,120841
11-12-2013,32.83390,Kotak Bluechip,120841
10-12-2013,32.85610,Kotak Bluechip,120841
09-12-2013,32.85980,Kotak Bluechip,120841
06-12-2013,32.80260,Kotak Bluechip,120841
05-12-2013,32.81030,Kotak Bluechip,120841
04-12-2013,32.76060,Kotak Bluechip,120841
03-12-2013,32.79240,Kotak Bluechip,120841
02-12-2013,32.79320,Kotak Bluechip,120841
29-11-2013,32.75370,Kotak Bluechip,120841
28-11-2013,32.70850,Kotak Bluechip,120841
27-11-2013,32.66430,Kotak Bluechip,120841
26-11-2013,32.57960,Kotak Bluechip,120841
25-11-2013,32.55830,Kotak Bluechip,120841
22-11-2013,32.50960,Kotak Bluechip,120841
21-11-2013,32.48800,Kotak Bluechip,120841
20-11-2013,32.53910,Kotak Bluechip,120841
19-11-2013,32.50170,Kotak Bluechip,120841
18-11-2013,32.47510,Kotak Bluechip,120841
15-11-2013,32.44740,Kotak Bluechip,120841
14-11-2013,32.44180,Kotak Bluechip,120841
13-11-2013,32.43220,Kotak Bluechip,120841
12-11-2013,32.39470,Kotak Bluechip,120841
11-11-2013,32.49550,Kotak Bluechip,120841
08-11-2013,32.53160,Kotak Bluechip,120841
07-11-2013,32.59830,Kotak Bluechip,120841
06-11-2013,32.62650,Kotak Bluechip,120841
05-11-2013,32.71740,Kotak Bluechip,120841
04-11-2013,32.66180,Kotak Bluechip,120841
01-11-2013,32.64540,Kotak Bluechip,120841
31-10-2013,32.65180,Kotak Bluechip,120841
30-10-2013,32.61250,Kotak Bluechip,120841
29-10-2013,32.65150,Kotak Bluechip,120841
28-10-2013,32.54840,Kotak Bluechip,120841
25-10-2013,32.51730,Kotak Bluechip,120841
24-10-2013,32.53460,Kotak Bluechip,120841
23-10-2013,32.52330,Kotak Bluechip,120841
22-10-2013,32.48720,Kotak Bluechip,120841
21-10-2013,32.47750,Kotak Bluechip,120841
18-10-2013,32.42680,Kotak Bluechip,120841
17-10-2013,32.31890,Kotak Bluechip,120841
16-10-2013,32.29380,Kotak Bluechip,120841
15-10-2013,32.28830,Kotak Bluechip,120841
14-10-2013,32.30930,Kotak Bluechip,120841
11-10-2013,32.33170,Kotak Bluechip,120841
10-10-2013,32.30100,Kotak Bluechip,120841
09-10-2013,32.32130,Kotak Bluechip,120841
08-10-2013,32.25130,Kotak Bluechip,120841
07-10-2013,32.12850,Kotak Bluechip,120841
04-10-2013,32.09890,Kotak Bluechip,120841
03-10-2013,32.06730,Kotak Bluechip,120841
02-10-2013,31.97400,Kotak Bluechip,120841
01-10-2013,31.96860,Kotak Bluechip,120841
30-09-2013,31.93010,Kotak Bluechip,120841
27-09-2013,31.95320,Kotak Bluechip,120841
26-09-2013,31.91600,Kotak Bluechip,120841
25-09-2013,31.88510,Kotak Bluechip,120841
24-09-2013,31.84260,Kotak Bluechip,120841
23-09-2013,31.85850,Kotak Bluechip,120841
20-09-2013,31.93400,Kotak Bluechip,120841
19-09-2013,32.00750,Kotak Bluechip,120841
18-09-2013,31.88990,Kotak Bluechip,120841
17-09-2013,31.83510,Kotak Bluechip,120841
16-09-2013,31.86920,Kotak Bluechip,120841
13-09-2013,31.80040,Kotak Bluechip,120841
12-09-2013,31.77830,Kotak Bluechip,120841
11-09-2013,31.76620,Kotak Bluechip,120841
10-09-2013,31.73300,Kotak Bluechip,120841
06-09-2013,31.65050,Kotak Bluechip,120841
05-09-2013,31.65930,Kotak Bluechip,120841
04-09-2013,31.51820,Kotak Bluechip,120841
03-09-2013,31.45030,Kotak Bluechip,120841
02-09-2013,31.51220,Kotak Bluechip,120841
30-08-2013,31.40070,Kotak Bluechip,120841
29-08-2013,31.34120,Kotak Bluechip,120841
28-08-2013,31.30560,Kotak Bluechip,120841
27-08-2013,31.40300,Kotak Bluechip,120841
26-08-2013,31.57110,Kotak Bluechip,120841
23-08-2013,31.58530,Kotak Bluechip,120841
22-08-2013,31.47700,Kotak Bluechip,120841
21-08-2013,31.47780,Kotak Bluechip,120841
20-08-2013,31.29160,Kotak Bluechip,120841
19-08-2013,31.27450,Kotak Bluechip,120841
16-08-2013,31.45610,Kotak Bluechip,120841
14-08-2013,31.57210,Kotak Bluechip,120841
13-08-2013,31.61790,Kotak Bluechip,120841
12-08-2013,31.61040,Kotak Bluechip,120841
08-08-2013,31.62690,Kotak Bluechip,120841
07-08-2013,31.56340,Kotak Bluechip,120841
06-08-2013,31.53440,Kotak Bluechip,120841
05-08-2013,31.54830,Kotak Bluechip,120841
02-08-2013,31.53680,Kotak Bluechip,120841
01-08-2013,31.55150,Kotak Bluechip,120841
31-07-2013,31.46300,Kotak Bluechip,120841
30-07-2013,31.52870,Kotak Bluechip,120841
29-07-2013,31.55840,Kotak Bluechip,120841
26-07-2013,31.59100,Kotak Bluechip,120841
25-07-2013,31.59390,Kotak Bluechip,120841
24-07-2013,31.37120,Kotak Bluechip,120841
23-07-2013,31.55790,Kotak Bluechip,120841
22-07-2013,31.59240,Kotak Bluechip,120841
19-07-2013,31.61590,Kotak Bluechip,120841
18-07-2013,31.61920,Kotak Bluechip,120841
17-07-2013,31.53460,Kotak Bluechip,120841
16-07-2013,31.55490,Kotak Bluechip,120841
15-07-2013,31.81930,Kotak Bluechip,120841
12-07-2013,31.80510,Kotak Bluechip,120841
11-07-2013,31.75700,Kotak Bluechip,120841
10-07-2013,31.71280,Kotak Bluechip,120841
09-07-2013,31.71380,Kotak Bluechip,120841
08-07-2013,31.69580,Kotak Bluechip,120841
05-07-2013,31.73080,Kotak Bluechip,120841
04-07-2013,31.70050,Kotak Bluechip,120841
03-07-2013,31.61490,Kotak Bluechip,120841
02-07-2013,31.64470,Kotak Bluechip,120841
01-07-2013,31.63540,Kotak Bluechip,120841
28-06-2013,31.60610,Kotak Bluechip,120841
27-06-2013,31.55100,Kotak Bluechip,120841
26-06-2013,31.56820,Kotak Bluechip,120841
25-06-2013,31.59830,Kotak Bluechip,120841
24-06-2013,31.59350,Kotak Bluechip,120841
21-06-2013,31.56040,Kotak Bluechip,120841
20-06-2013,30.98190,Kotak Bluechip,120841
19-06-2013,31.61670,Kotak Bluechip,120841
18-06-2013,31.61990,Kotak Bluechip,120841
17-06-2013,31.60260,Kotak Bluechip,120841
14-06-2013,31.58230,Kotak Bluechip,120841
13-06-2013,31.57260,Kotak Bluechip,120841
12-06-2013,31.56930,Kotak Bluechip,120841
11-06-2013,31.58280,Kotak Bluechip,120841
10-06-2013,31.63260,Kotak Bluechip,120841
07-06-2013,31.64970,Kotak Bluechip,120841
06-06-2013,31.65680,Kotak Bluechip,120841
05-06-2013,31.62950,Kotak Bluechip,120841
04-06-2013,31.63640,Kotak Bluechip,120841
03-06-2013,31.59980,Kotak Bluechip,120841
31-05-2013,31.60460,Kotak Bluechip,120841
30-05-2013,31.63820,Kotak Bluechip,120841
29-05-2013,31.61660,Kotak Bluechip,120841
28-05-2013,31.61840,Kotak Bluechip,120841
27-05-2013,31.63360,Kotak Bluechip,120841
24-05-2013,31.61350,Kotak Bluechip,120841
23-05-2013,31.61130,Kotak Bluechip,120841
22-05-2013,31.59810,Kotak Bluechip,120841
21-05-2013,31.58810,Kotak Bluechip,120841
20-05-2013,31.59890,Kotak Bluechip,120841
17-05-2013,31.58510,Kotak Bluechip,120841
16-05-2013,31.58270,Kotak Bluechip,120841
15-05-2013,31.58990,Kotak Bluechip,120841
14-05-2013,31.57050,Kotak Bluechip,120841
13-05-2013,31.48790,Kotak Bluechip,120841
10-05-2013,31.49820,Kotak Bluechip,120841
09-05-2013,31.49680,Kotak Bluechip,120841
08-05-2013,31.47510,Kotak Bluechip,120841
07-05-2013,31.43190,Kotak Bluechip,120841
06-05-2013,31.39950,Kotak Bluechip,120841
03-05-2013,31.36560,Kotak Bluechip,120841
02-05-2013,31.38340,Kotak Bluechip,120841
30-04-2013,31.35030,Kotak Bluechip,120841
29-04-2013,31.33980,Kotak Bluechip,120841
26-04-2013,31.32780,Kotak Bluechip,120841
25-04-2013,31.30330,Kotak Bluechip,120841
24-04-2013,31.26570,Kotak Bluechip,120841
23-04-2013,31.26090,Kotak Bluechip,120841
22-04-2013,31.27180,Kotak Bluechip,120841
19-04-2013,31.24580,Kotak Bluechip,120841
18-04-2013,31.24080,Kotak Bluechip,120841
17-04-2013,31.19580,Kotak Bluechip,120841
16-04-2013,31.17870,Kotak Bluechip,120841
15-04-2013,31.16850,Kotak Bluechip,120841
12-04-2013,31.14640,Kotak Bluechip,120841
11-04-2013,31.13740,Kotak Bluechip,120841
10-04-2013,31.12250,Kotak Bluechip,120841
09-04-2013,31.13890,Kotak Bluechip,120841
08-04-2013,31.11870,Kotak Bluechip,120841
05-04-2013,31.09490,Kotak Bluechip,120841
04-04-2013,31.09960,Kotak Bluechip,120841
03-04-2013,31.09190,Kotak Bluechip,120841
02-04-2013,31.07750,Kotak Bluechip,120841
01-04-2013,31.05500,Kotak Bluechip,120841
29-03-2013,31.01850,Kotak Bluechip,120841
28-03-2013,31.01360,Kotak Bluechip,120841
26-03-2013,30.99020,Kotak Bluechip,120841
25-03-2013,30.99810,Kotak Bluechip,120841
22-03-2013,30.98120,Kotak Bluechip,120841
21-03-2013,30.98690,Kotak Bluechip,120841
20-03-2013,30.98190,Kotak Bluechip,120841
19-03-2013,30.98340,Kotak Bluechip,120841
18-03-2013,30.98840,Kotak Bluechip,120841
15-03-2013,30.99110,Kotak Bluechip,120841
14-03-2013,30.95910,Kotak Bluechip,120841
13-03-2013,30.94390,Kotak Bluechip,120841
12-03-2013,30.94940,Kotak Bluechip,120841
11-03-2013,30.95350,Kotak Bluechip,120841
08-03-2013,30.94550,Kotak Bluechip,120841
07-03-2013,30.93510,Kotak Bluechip,120841
06-03-2013,30.93390,Kotak Bluechip,120841
05-03-2013,30.92550,Kotak Bluechip,120841
04-03-2013,30.90060,Kotak Bluechip,120841
01-03-2013,30.87710,Kotak Bluechip,120841
28-02-2013,30.88230,Kotak Bluechip,120841
27-02-2013,30.86920,Kotak Bluechip,120841
26-02-2013,30.85170,Kotak Bluechip,120841
25-02-2013,30.86550,Kotak Bluechip,120841
22-02-2013,30.67840,Kotak Bluechip,120841
21-02-2013,30.68410,Kotak Bluechip,120841
20-02-2013,30.70380,Kotak Bluechip,120841
19-02-2013,30.67780,Kotak Bluechip,120841
18-02-2013,30.65880,Kotak Bluechip,120841
15-02-2013,30.64420,Kotak Bluechip,120841
14-02-2013,30.64800,Kotak Bluechip,120841
13-02-2013,30.69300,Kotak Bluechip,120841
12-02-2013,30.68460,Kotak Bluechip,120841
11-02-2013,30.56430,Kotak Bluechip,120841
08-02-2013,30.68130,Kotak Bluechip,120841
07-02-2013,30.68820,Kotak Bluechip,120841
06-02-2013,30.70670,Kotak Bluechip,120841
05-02-2013,30.66730,Kotak Bluechip,120841
04-02-2013,30.72310,Kotak Bluechip,120841
01-02-2013,30.72010,Kotak Bluechip,120841
31-01-2013,30.67630,Kotak Bluechip,120841
30-01-2013,30.64410,Kotak Bluechip,120841
29-01-2013,30.67400,Kotak Bluechip,120841
28-01-2013,30.68780,Kotak Bluechip,120841
25-01-2013,30.66110,Kotak Bluechip,120841
24-01-2013,30.65740,Kotak Bluechip,120841
23-01-2013,30.66880,Kotak Bluechip,120841
22-01-2013,30.66270,Kotak Bluechip,120841
21-01-2013,30.65740,Kotak Bluechip,120841
18-01-2013,30.65800,Kotak Bluechip,120841
17-01-2013,30.65650,Kotak Bluechip,120841
16-01-2013,30.68040,Kotak Bluechip,120841
15-01-2013,30.69930,Kotak Bluechip,120841
14-01-2013,30.68620,Kotak Bluechip,120841
11-01-2013,30.63050,Kotak Bluechip,120841
10-01-2013,30.67840,Kotak Bluechip,120841
09-01-2013,30.64920,Kotak Bluechip,120841
08-01-2013,30.62390,Kotak Bluechip,120841
07-01-2013,30.60760,Kotak Bluechip,120841
