date,nav,scheme_name,amfi_code
03-09-2026,107.10000,SBI Bluechip,119551
02-09-2026,106.95260,SBI Bluechip,119551
01-09-2026,106.88880,SBI Bluechip,119551
31-08-2026,106.88490,SBI Bluechip,119551
28-08-2026,106.87100,SBI Bluechip,119551
27-08-2026,106.91620,SBI Bluechip,119551
25-08-2026,106.94190,SBI Bluechip,119551
24-08-2026,106.91640,SBI Bluechip,119551
21-08-2026,106.88210,SBI Bluechip,119551
20-08-2026,106.99960,SBI Bluechip,119551
19-08-2026,107.16830,SBI Bluechip,119551
18-08-2026,107.13600,SBI Bluechip,119551
17-08-2026,107.24020,SBI Bluechip,119551
14-08-2026,107.27440,SBI Bluechip,119551
13-08-2026,107.25640,SBI Bluechip,119551
12-08-2026,107.20260,SBI Bluechip,119551
11-08-2026,107.17660,SBI Bluechip,119551
10-08-2026,107.19580,SBI Bluechip,119551
07-08-2026,107.09710,SBI Bluechip,119551
06-08-2026,107.08340,SBI Bluechip,119551
05-08-2026,107.01670,SBI Bluechip,119551
04-08-2026,106.93270,SBI Bluechip,119551
03-08-2026,106.89830,SBI Bluechip,119551
31-07-2026,106.83770,SBI Bluechip,119551
30-07-2026,106.78420,SBI Bluechip,119551
29-07-2026,106.83570,SBI Bluechip,119551
28-07-2026,106.86110,SBI Bluechip,119551
27-07-2026,106.81260,SBI Bluechip,119551
24-07-2026,106.59610,SBI Bluechip,119551
23-07-2026,106.58510,SBI Bluechip,119551
22-07-2026,106.61070,SBI Bluechip,119551
21-07-2026,106.65670,SBI Bluechip,119551
20-07-2026,106.57370,SBI Bluechip,119551
17-07-2026,106.60010,SBI Bluechip,119551
16-07-2026,106.58290,SBI Bluechip,119551
15-07-2026,106.51160,SBI Bluechip,119551
14-07-2026,106.46090,SBI Bluechip,119551
13-07-2026,106.70260,SBI Bluechip,119551
10-07-2026,106.69460,SBI Bluechip,119551
09-07-2026,106.57760,SBI Bluechip,119551
08-07-2026,106.55870,SBI Bluechip,119551
07-07-2026,106.79770,SBI Bluechip,119551
06-07-2026,106.84310,SBI Bluechip,119551
03-07-2026,106.80420,SBI Bluechip,119551
02-07-2026,106.77210,SBI Bluechip,119551
01-07-2026,106.64510,SBI Bluechip,119551
30-06-2026,106.62250,SBI Bluechip,119551
29-06-2026,106.46480,SBI Bluechip,119551
25-06-2026,106.30570,SBI Bluechip,119551
24-06-2026,106.12680,SBI Bluechip,119551
23-06-2026,106.04100,SBI Bluechip,119551
22-06-2026,105.98500,SBI Bluechip,119551
19-06-2026,105.92190,SBI Bluechip,119551
18-06-2026,105.90030,SBI Bluechip,119551
17-06-2026,105.84820,SBI Bluechip,119551
16-06-2026,105.84550,SBI Bluechip,119551
15-06-2026,105.81250,SBI Bluechip,119551
12-06-2026,105.68640,SBI Bluechip,119551
11-06-2026,105.57370,SBI Bluechip,119551
10-06-2026,105.65690,SBI Bluechip,119551
09-06-2026,105.57930,SBI Bluechip,119551
08-06-2026,105.30840,SBI Bluechip,119551
05-06-2026,105.10700,SBI Bluechip,119551
04-06-2026,104.80950,SBI Bluechip,119551
03-06-2026,104.74960,SBI Bluechip,119551
02-06-2026,104.76630,SBI Bluechip,119551
01-06-2026,104.70250,SBI Bluechip,119551
29-05-2026,104.65700,SBI Bluechip,119551
27-05-2026,104.58330,SBI Bluechip,119551
26-05-2026,104.52690,SBI Bluechip,119551
25-05-2026,104.52150,SBI Bluechip,119551
22-05-2026,104.34670,SBI Bluechip,119551
21-05-2026,104.28500,SBI Bluechip,119551
20-05-2026,104.38260,SBI Bluechip,119551
19-05-2026,104.42160,SBI Bluechip,119551
18-05-2026,104.37910,SBI Bluechip,119551
15-05-2026,104.59680,SBI Bluechip,119551
14-05-2026,104.73180,SBI Bluechip,119551
13-05-2026,104.73710,SBI Bluechip,119551
12-05-2026,104.75850,SBI Bluechip,119551
11-05-2026,104.80530,SBI Bluechip,119551
08-05-2026,104.86960,SBI Bluechip,119551
07-05-2026,104.87620,SBI Bluechip,119551
06-05-2026,104.80430,SBI Bluechip,119551
05-05-2026,104.61660,SBI Bluechip,119551
04-05-2026,104.65440,SBI Bluechip,119551
30-04-2026,104.57060,SBI Bluechip,119551
29-04-2026,104.65940,SBI Bluechip,119551
28-04-2026,104.74280,SBI Bluechip,119551
27-04-2026,104.77710,SBI Bluechip,119551
24-04-2026,104.70910,SBI Bluechip,119551
23-04-2026,104.76520,SBI Bluechip,119551
22-04-2026,104.84730,SBI Bluechip,119551
21-04-2026,104.84700,SBI Bluechip,119551
20-04-2026,104.83690,SBI Bluechip,119551
17-04-2026,104.78210,SBI Bluechip,119551
16-04-2026,104.79590,SBI Bluechip,119551
15-04-2026,104.79010,SBI Bluechip,119551
13-04-2026,104.61130,SBI Bluechip,119551
10-04-2026,104.59560,SBI Bluechip,119551
09-04-2026,104.51500,SBI Bluechip,119551
08-04-2026,104.39190,SBI Bluechip,119551
07-04-2026,103.99180,SBI Bluechip,119551
06-04-2026,103.91420,SBI Bluechip,119551
02-04-2026,103.88130,SBI Bluechip,119551
31-03-2026,104.01160,SBI Bluechip,119551
30-03-2026,103.99210,SBI Bluechip,119551
27-03-2026,103.91020,SBI Bluechip,119551
25-03-2026,103.97130,SBI Bluechip,119551
24-03-2026,103.98160,SBI Bluechip,119551
23-03-2026,110.66250,SBI Bluechip,119551
20-03-2026,110.93520,SBI Bluechip,119551
18-03-2026,110.99850,SBI Bluechip,119551
17-03-2026,110.93160,SBI Bluechip,119551
16-03-2026,110.91590,SBI Bluechip,119551
13-03-2026,110.92870,SBI Bluechip,119551
12-03-2026,110.98980,SBI Bluechip,119551
11-03-2026,111.10720,SBI Bluechip,119551
10-03-2026,111.04840,SBI Bluechip,119551
09-03-2026,110.91930,SBI Bluechip,119551
06-03-2026,111.03950,SBI Bluechip,119551
05-03-2026,111.05340,SBI Bluechip,119551
04-03-2026,110.94990,SBI Bluechip,119551
02-03-2026,111.06530,SBI Bluechip,119551
27-02-2026,111.02610,SBI Bluechip,119551
26-02-2026,111.00690,SBI Bluechip,119551
25-02-2026,110.98260,SBI Bluechip,119551
24-02-2026,110.93940,SBI Bluechip,119551
23-02-2026,110.88290,SBI Bluechip,119551
20-02-2026,110.80700,SBI Bluechip,119551
18-02-2026,110.86130,SBI Bluechip,119551
17-02-2026,110.86820,SBI Bluechip,119551
16-02-2026,110.84090,SBI Bluechip,119551
13-02-2026,110.75840,SBI Bluechip,119551
12-02-2026,110.63090,SBI Bluechip,119551
11-02-2026,110.50560,SBI Bluechip,119551
10-02-2026,110.42930,SBI Bluechip,119551
09-02-2026,110.42330,SBI Bluechip,119551
06-02-2026,110.41730,SBI Bluechip,119551
05-02-2026,110.59850,SBI Bluechip,119551
04-02-2026,110.44770,SBI Bluechip,119551
03-02-2026,110.29600,SBI Bluechip,119551
02-02-2026,110.15370,SBI Bluechip,119551
30-01-2026,110.19030,SBI Bluechip,119551
29-01-2026,110.09220,SBI Bluechip,119551
28-01-2026,110.08550,SBI Bluechip,119551
27-01-2026,110.10780,SBI Bluechip,119551
23-01-2026,110.07660,SBI Bluechip,119551
22-01-2026,110.05390,SBI Bluechip,119551
21-01-2026,109.94380,SBI Bluechip,119551
20-01-2026,109.93850,SBI Bluechip,119551
19-01-2026,109.97420,SBI Bluechip,119551
16-01-2026,110.01070,SBI Bluechip,119551
14-01-2026,110.12860,SBI Bluechip,119551
13-01-2026,110.18780,SBI Bluechip,119551
12-01-2026,110.29740,SBI Bluechip,119551
09-01-2026,110.23270,SBI Bluechip,119551
08-01-2026,110.22180,SBI Bluechip,119551
07-01-2026,110.21750,SBI Bluechip,119551
06-01-2026,110.26470,SBI Bluechip,119551
05-01-2026,110.24980,SBI Bluechip,119551
02-01-2026,110.33330,SBI Bluechip,119551
01-01-2026,110.34930,SBI Bluechip,119551
31-12-2025,110.32120,SBI Bluechip,119551
30-12-2025,110.21760,SBI Bluechip,119551
29-12-2025,110.27990,SBI Bluechip,119551
26-12-2025,110.22470,SBI Bluechip,119551
24-12-2025,110.20790,SBI Bluechip,119551
23-12-2025,109.99540,SBI Bluechip,119551
22-12-2025,110.02410,SBI Bluechip,119551
19-12-2025,110.04030,SBI Bluechip,119551
18-12-2025,110.01950,SBI Bluechip,119551
17-12-2025,110.02660,SBI Bluechip,119551
16-12-2025,110.02610,SBI Bluechip,119551
15-12-2025,109.99440,SBI Bluechip,119551
12-12-2025,110.06520,SBI Bluechip,119551
11-12-2025,110.06090,SBI Bluechip,119551
10-12-2025,110.04660,SBI Bluechip,119551
09-12-2025,110.18520,SBI Bluechip,119551
08-12-2025,110.32990,SBI Bluechip,119551
05-12-2025,110.33730,SBI Bluechip,119551
04-12-2025,110.23500,SBI Bluechip,119551
03-12-2025,110.23620,SBI Bluechip,119551
02-12-2025,110.23490,SBI Bluechip,119551
01-12-2025,110.21100,SBI Bluechip,119551
28-11-2025,110.26150,SBI Bluechip,119551
27-11-2025,110.27430,SBI Bluechip,119551
26-11-2025,110.26580,SBI Bluechip,119551
25-11-2025,110.19240,SBI Bluechip,119551
24-11-2025,110.13220,SBI Bluechip,119551
21-11-2025,110.07080,SBI Bluechip,119551
20-11-2025,110.08820,SBI Bluechip,119551
19-11-2025,110.07710,SBI Bluechip,119551
18-11-2025,110.02050,SBI Bluechip,119551
17-11-2025,109.97560,SBI Bluechip,119551
14-11-2025,109.97250,SBI Bluechip,119551
13-11-2025,109.99070,SBI Bluechip,119551
12-11-2025,109.99470,SBI Bluechip,119551
11-11-2025,109.96100,SBI Bluechip,119551
10-11-2025,109.92500,SBI Bluechip,119551
07-11-2025,109.86090,SBI Bluechip,119551
06-11-2025,109.83370,SBI Bluechip,119551
04-11-2025,109.79410,SBI Bluechip,119551
03-11-2025,109.75480,SBI Bluechip,119551
31-10-2025,109.67680,SBI Bluechip,119551
30-10-2025,109.65210,SBI Bluechip,119551
29-10-2025,109.69340,SBI Bluechip,119551
28-10-2025,109.64040,SBI Bluechip,119551
27-10-2025,109.61250,SBI Bluechip,119551
24-10-2025,109.56730,SBI Bluechip,119551
23-10-2025,109.58170,SBI Bluechip,119551
20-10-2025,109.61550,SBI Bluechip,119551
17-10-2025,109.58440,SBI Bluechip,119551
16-10-2025,109.51310,SBI Bluechip,119551
15-10-2025,109.47540,SBI Bluechip,119551
14-10-2025,109.40880,SBI Bluechip,119551
13-10-2025,109.37630,SBI Bluechip,119551
10-10-2025,109.28520,SBI Bluechip,119551
09-10-2025,109.25970,SBI Bluechip,119551
08-10-2025,109.25240,SBI Bluechip,119551
07-10-2025,109.20450,SBI Bluechip,119551
06-10-2025,109.09260,SBI Bluechip,119551
03-10-2025,108.95910,SBI Bluechip,119551
01-10-2025,108.82850,SBI Bluechip,119551
30-09-2025,108.73970,SBI Bluechip,119551
26-09-2025,108.67020,SBI Bluechip,119551
25-09-2025,108.61700,SBI Bluechip,119551
24-09-2025,108.58590,SBI Bluechip,119551
23-09-2025,108.57080,SBI Bluechip,119551
22-09-2025,108.51310,SBI Bluechip,119551
19-09-2025,108.44280,SBI Bluechip,119551
18-09-2025,108.45520,SBI Bluechip,119551
17-09-2025,108.45380,SBI Bluechip,119551
16-09-2025,108.37870,SBI Bluechip,119551
15-09-2025,108.38020,SBI Bluechip,119551
12-09-2025,108.40060,SBI Bluechip,119551
11-09-2025,108.36900,SBI Bluechip,119551
10-09-2025,108.35740,SBI Bluechip,119551
09-09-2025,108.35190,SBI Bluechip,119551
05-09-2025,108.24500,SBI Bluechip,119551
04-09-2025,108.13790,SBI Bluechip,119551
03-09-2025,108.04710,SBI Bluechip,119551
02-09-2025,108.00880,SBI Bluechip,119551
01-09-2025,108.03730,SBI Bluechip,119551
29-08-2025,108.02970,SBI Bluechip,119551
28-08-2025,108.06600,SBI Bluechip,119551
26-08-2025,107.92660,SBI Bluechip,119551
25-08-2025,108.10370,SBI Bluechip,119551
22-08-2025,108.10960,SBI Bluechip,119551
21-08-2025,108.09850,SBI Bluechip,119551
20-08-2025,108.08990,SBI Bluechip,119551
19-08-2025,108.00830,SBI Bluechip,119551
18-08-2025,108.12710,SBI Bluechip,119551
14-08-2025,108.15430,SBI Bluechip,119551
13-08-2025,107.99010,SBI Bluechip,119551
12-08-2025,108.04900,SBI Bluechip,119551
11-08-2025,108.20180,SBI Bluechip,119551
08-08-2025,108.27260,SBI Bluechip,119551
07-08-2025,108.26110,SBI Bluechip,119551
06-08-2025,108.21530,SBI Bluechip,119551
05-08-2025,108.44120,SBI Bluechip,119551
04-08-2025,108.43550,SBI Bluechip,119551
01-08-2025,108.29520,SBI Bluechip,119551
31-07-2025,108.21670,SBI Bluechip,119551
30-07-2025,108.17570,SBI Bluechip,119551
29-07-2025,108.18280,SBI Bluechip,119551
28-07-2025,108.21930,SBI Bluechip,119551
25-07-2025,108.19820,SBI Bluechip,119551
24-07-2025,108.25730,SBI Bluechip,119551
23-07-2025,108.22770,SBI Bluechip,119551
22-07-2025,108.19790,SBI Bluechip,119551
21-07-2025,108.17290,SBI Bluechip,119551
18-07-2025,108.11610,SBI Bluechip,119551
17-07-2025,108.02720,SBI Bluechip,119551
16-07-2025,107.96580,SBI Bluechip,119551
15-07-2025,107.96200,SBI Bluechip,119551
14-07-2025,107.96170,SBI Bluechip,119551
11-07-2025,107.91250,SBI Bluechip,119551
10-07-2025,107.89280,SBI Bluechip,119551
09-07-2025,107.89240,SBI Bluechip,119551
08-07-2025,107.91980,SBI Bluechip,119551
07-07-2025,107.92430,SBI Bluechip,119551
04-07-2025,107.84660,SBI Bluechip,119551
03-07-2025,107.85520,SBI Bluechip,119551
02-07-2025,107.76770,SBI Bluechip,119551
01-07-2025,107.66240,SBI Bluechip,119551
30-06-2025,107.57670,SBI Bluechip,119551
27-06-2025,107.48780,SBI Bluechip,119551
26-06-2025,107.50110,SBI Bluechip,119551
25-06-2025,107.51100,SBI Bluechip,119551
24-06-2025,107.57330,SBI Bluechip,119551
23-06-2025,107.45770,SBI Bluechip,119551
20-06-2025,107.43840,SBI Bluechip,119551
19-06-2025,107.44650,SBI Bluechip,119551
18-06-2025,107.57160,SBI Bluechip,119551
17-06-2025,107.56440,SBI Bluechip,119551
16-06-2025,107.43870,SBI Bluechip,119551
13-06-2025,107.35750,SBI Bluechip,119551
12-06-2025,107.48250,SBI Bluechip,119551
11-06-2025,107.54390,SBI Bluechip,119551
10-06-2025,107.64210,SBI Bluechip,119551
09-06-2025,107.88600,SBI Bluechip,119551
06-06-2025,108.00920,SBI Bluechip,119551
05-06-2025,107.78120,SBI Bluechip,119551
04-06-2025,107.74690,SBI Bluechip,119551
03-06-2025,107.73450,SBI Bluechip,119551
02-06-2025,107.71030,SBI Bluechip,119551
30-05-2025,107.65700,SBI Bluechip,119551
29-05-2025,107.68830,SBI Bluechip,119551
28-05-2025,107.68220,SBI Bluechip,119551
27-05-2025,107.63290,SBI Bluechip,119551
26-05-2025,107.62180,SBI Bluechip,119551
23-05-2025,107.55340,SBI Bluechip,119551
22-05-2025,107.51930,SBI Bluechip,119551
21-05-2025,107.48780,SBI Bluechip,119551
20-05-2025,107.28670,SBI Bluechip,119551
19-05-2025,107.17660,SBI Bluechip,119551
16-05-2025,107.06880,SBI Bluechip,119551
15-05-2025,106.90550,SBI Bluechip,119551
14-05-2025,106.79010,SBI Bluechip,119551
13-05-2025,106.66610,SBI Bluechip,119551
09-05-2025,106.27890,SBI Bluechip,119551
08-05-2025,106.34660,SBI Bluechip,119551
07-05-2025,106.55850,SBI Bluechip,119551
06-05-2025,106.50850,SBI Bluechip,119551
05-05-2025,106.54510,SBI Bluechip,119551
02-05-2025,106.45730,SBI Bluechip,119551
30-04-2025,106.42720,SBI Bluechip,119551
29-04-2025,106.42310,SBI Bluechip,119551
28-04-2025,106.34220,SBI Bluechip,119551
25-04-2025,106.29280,SBI Bluechip,119551
24-04-2025,106.34310,SBI Bluechip,119551
23-04-2025,106.35570,SBI Bluechip,119551
22-04-2025,106.28670,SBI Bluechip,119551
21-04-2025,106.19590,SBI Bluechip,119551
17-04-2025,106.03930,SBI Bluechip,119551
16-04-2025,105.91380,SBI Bluechip,119551
15-04-2025,105.82560,SBI Bluechip,119551
11-04-2025,105.71660,SBI Bluechip,119551
09-04-2025,105.59500,SBI Bluechip,119551
08-04-2025,105.47980,SBI Bluechip,119551
07-04-2025,105.48950,SBI Bluechip,119551
04-04-2025,105.47310,SBI Bluechip,119551
03-04-2025,105.40700,SBI Bluechip,119551
02-04-2025,105.26930,SBI Bluechip,119551
31-03-2025,104.85170,SBI Bluechip,119551
28-03-2025,104.79800,SBI Bluechip,119551
27-03-2025,104.58870,SBI Bluechip,119551
26-03-2025,104.42750,SBI Bluechip,119551
25-03-2025,104.31520,SBI Bluechip,119551
24-03-2025,104.27110,SBI Bluechip,119551
21-03-2025,104.17870,SBI Bluechip,119551
20-03-2025,104.08510,SBI Bluechip,119551
19-03-2025,103.98430,SBI Bluechip,119551
18-03-2025,103.86850,SBI Bluechip,119551
17-03-2025,103.81830,SBI Bluechip,119551
13-03-2025,103.73140,SBI Bluechip,119551
12-03-2025,103.69370,SBI Bluechip,119551
11-03-2025,103.66330,SBI Bluechip,119551
10-03-2025,103.63180,SBI Bluechip,119551
07-03-2025,103.59320,SBI Bluechip,119551
06-03-2025,103.57700,SBI Bluechip,119551
05-03-2025,103.51560,SBI Bluechip,119551
04-03-2025,103.49610,SBI Bluechip,119551
03-03-2025,103.49150,SBI Bluechip,119551
28-02-2025,103.45420,SBI Bluechip,119551
27-02-2025,103.47500,SBI Bluechip,119551
25-02-2025,103.53110,SBI Bluechip,119551
24-02-2025,103.52300,SBI Bluechip,119551
21-02-2025,103.46060,SBI Bluechip,119551
20-02-2025,103.44730,SBI Bluechip,119551
18-02-2025,103.42800,SBI Bluechip,119551
17-02-2025,103.40240,SBI Bluechip,119551
14-02-2025,103.35870,SBI Bluechip,119551
13-02-2025,103.34130,SBI Bluechip,119551
12-02-2025,103.33270,SBI Bluechip,119551
11-02-2025,103.34910,SBI Bluechip,119551
10-02-2025,103.31190,SBI Bluechip,119551
07-02-2025,103.29830,SBI Bluechip,119551
06-02-2025,103.35570,SBI Bluechip,119551
05-02-2025,103.28870,SBI Bluechip,119551
04-02-2025,103.20960,SBI Bluechip,119551
03-02-2025,103.20790,SBI Bluechip,119551
31-01-2025,103.11940,SBI Bluechip,119551
30-01-2025,103.09950,SBI Bluechip,119551
29-01-2025,103.06310,SBI Bluechip,119551
28-01-2025,103.05510,SBI Bluechip,119551
27-01-2025,103.01910,SBI Bluechip,119551
24-01-2025,102.90000,SBI Bluechip,119551
23-01-2025,102.88280,SBI Bluechip,119551
22-01-2025,102.88200,SBI Bluechip,119551
21-01-2025,102.83300,SBI Bluechip,119551
20-01-2025,102.77220,SBI Bluechip,119551
17-01-2025,102.69710,SBI Bluechip,119551
16-01-2025,102.68460,SBI Bluechip,119551
15-01-2025,102.55470,SBI Bluechip,119551
14-01-2025,102.50670,SBI Bluechip,119551
13-01-2025,102.47900,SBI Bluechip,119551
10-01-2025,102.57880,SBI Bluechip,119551
09-01-2025,102.56690,SBI Bluechip,119551
08-01-2025,102.58420,SBI Bluechip,119551
07-01-2025,102.59420,SBI Bluechip,119551
06-01-2025,102.54280,SBI Bluechip,119551
03-01-2025,102.47340,SBI Bluechip,119551
02-01-2025,102.44110,SBI Bluechip,119551
01-01-2025,102.43730,SBI Bluechip,119551
31-12-2024,102.42610,SBI Bluechip,119551
30-12-2024,102.39350,SBI Bluechip,119551
27-12-2024,102.33770,SBI Bluechip,119551
26-12-2024,102.30570,SBI Bluechip,119551
24-12-2024,102.27600,SBI Bluechip,119551
23-12-2024,102.29710,SBI Bluechip,119551
20-12-2024,102.22990,SBI Bluechip,119551
19-12-2024,102.23190,SBI Bluechip,119551
18-12-2024,102.30510,SBI Bluechip,119551
17-12-2024,102.27880,SBI Bluechip,119551
16-12-2024,108.81760,SBI Bluechip,119551
13-12-2024,108.76540,SBI Bluechip,119551
12-12-2024,108.76000,SBI Bluechip,119551
11-12-2024,108.77140,SBI Bluechip,119551
10-12-2024,108.75120,SBI Bluechip,119551
09-12-2024,108.71240,SBI Bluechip,119551
06-12-2024,108.64920,SBI Bluechip,119551
05-12-2024,108.71270,SBI Bluechip,119551
04-12-2024,108.66520,SBI Bluechip,119551
03-12-2024,108.57720,SBI Bluechip,119551
02-12-2024,108.54700,SBI Bluechip,119551
29-11-2024,108.34810,SBI Bluechip,119551
28-11-2024,108.24800,SBI Bluechip,119551
27-11-2024,108.21860,SBI Bluechip,119551
26-11-2024,108.23400,SBI Bluechip,119551
25-11-2024,108.21990,SBI Bluechip,119551
22-11-2024,108.13010,SBI Bluechip,119551
21-11-2024,108.15470,SBI Bluechip,119551
19-11-2024,108.14590,SBI Bluechip,119551
18-11-2024,108.11440,SBI Bluechip,119551
14-11-2024,108.02650,SBI Bluechip,119551
13-11-2024,108.05130,SBI Bluechip,119551
12-11-2024,108.05340,SBI Bluechip,119551
11-11-2024,108.04570,SBI Bluechip,119551
08-11-2024,107.98840,SBI Bluechip,119551
07-11-2024,107.92370,SBI Bluechip,119551
06-11-2024,107.88790,SBI Bluechip,119551
05-11-2024,107.88740,SBI Bluechip,119551
04-11-2024,107.87390,SBI Bluechip,119551
31-10-2024,107.80150,SBI Bluechip,119551
30-10-2024,107.78810,SBI Bluechip,119551
29-10-2024,107.72500,SBI Bluechip,119551
28-10-2024,107.68610,SBI Bluechip,119551
25-10-2024,107.69090,SBI Bluechip,119551
24-10-2024,107.67400,SBI Bluechip,119551
23-10-2024,107.63360,SBI Bluechip,119551
22-10-2024,107.58690,SBI Bluechip,119551
21-10-2024,107.63570,SBI Bluechip,119551
18-10-2024,107.61580,SBI Bluechip,119551
17-10-2024,107.65030,SBI Bluechip,119551
16-10-2024,107.65350,SBI Bluechip,119551
15-10-2024,107.65340,SBI Bluechip,119551
14-10-2024,107.61860,SBI Bluechip,119551
11-10-2024,107.52650,SBI Bluechip,119551
10-10-2024,107.50400,SBI Bluechip,119551
09-10-2024,107.47720,SBI Bluechip,119551
08-10-2024,107.31260,SBI Bluechip,119551
07-10-2024,107.24870,SBI Bluechip,119551
04-10-2024,107.22570,SBI Bluechip,119551
03-10-2024,107.30760,SBI Bluechip,119551
01-10-2024,107.32370,SBI Bluechip,119551
30-09-2024,107.22500,SBI Bluechip,119551
27-09-2024,107.17690,SBI Bluechip,119551
26-09-2024,107.19660,SBI Bluechip,119551
25-09-2024,107.11260,SBI Bluechip,119551
24-09-2024,107.04660,SBI Bluechip,119551
23-09-2024,107.02370,SBI Bluechip,119551
20-09-2024,106.92900,SBI Bluechip,119551
19-09-2024,106.88090,SBI Bluechip,119551
17-09-2024,106.76390,SBI Bluechip,119551
16-09-2024,106.76230,SBI Bluechip,119551
13-09-2024,106.65730,SBI Bluechip,119551
12-09-2024,106.58270,SBI Bluechip,119551
11-09-2024,106.55120,SBI Bluechip,119551
10-09-2024,106.49020,SBI Bluechip,119551
09-09-2024,106.46670,SBI Bluechip,119551
06-09-2024,106.41460,SBI Bluechip,119551
05-09-2024,106.40590,SBI Bluechip,119551
04-09-2024,106.37540,SBI Bluechip,119551
03-09-2024,106.33290,SBI Bluechip,119551
02-09-2024,106.30540,SBI Bluechip,119551
30-08-2024,106.26680,SBI Bluechip,119551
29-08-2024,106.26480,SBI Bluechip,119551
28-08-2024,106.23650,SBI Bluechip,119551
27-08-2024,106.19530,SBI Bluechip,119551
26-08-2024,106.17030,SBI Bluechip,119551
23-08-2024,106.11270,SBI Bluechip,119551
22-08-2024,106.08580,SBI Bluechip,119551
21-08-2024,106.05180,SBI Bluechip,119551
20-08-2024,106.02520,SBI Bluechip,119551
19-08-2024,105.98180,SBI Bluechip,119551
16-08-2024,105.91160,SBI Bluechip,119551
14-08-2024,105.89430,SBI Bluechip,119551
13-08-2024,105.85320,SBI Bluechip,119551
12-08-2024,105.82620,SBI Bluechip,119551
09-08-2024,105.78610,SBI Bluechip,119551
08-08-2024,105.76370,SBI Bluechip,119551
07-08-2024,105.75490,SBI Bluechip,119551
06-08-2024,105.72530,SBI Bluechip,119551
05-08-2024,105.72620,SBI Bluechip,119551
02-08-2024,105.59090,SBI Bluechip,119551
01-08-2024,105.54550,SBI Bluechip,119551
31-07-2024,105.51090,SBI Bluechip,119551
30-07-2024,105.50940,SBI Bluechip,119551
29-07-2024,105.51190,SBI Bluechip,119551
26-07-2024,105.41350,SBI Bluechip,119551
25-07-2024,105.34080,SBI Bluechip,119551
24-07-2024,105.25950,SBI Bluechip,119551
23-07-2024,105.22530,SBI Bluechip,119551
22-07-2024,105.22300,SBI Bluechip,119551
19-07-2024,105.17580,SBI Bluechip,119551
18-07-2024,105.14520,SBI Bluechip,119551
16-07-2024,105.08550,SBI Bluechip,119551
15-07-2024,105.01510,SBI Bluechip,119551
12-07-2024,104.92920,SBI Bluechip,119551
11-07-2024,104.92270,SBI Bluechip,119551
10-07-2024,104.90090,SBI Bluechip,119551
09-07-2024,104.87610,SBI Bluechip,119551
08-07-2024,104.84850,SBI Bluechip,119551
05-07-2024,104.77860,SBI Bluechip,119551
04-07-2024,104.74500,SBI Bluechip,119551
03-07-2024,104.71140,SBI Bluechip,119551
02-07-2024,104.67240,SBI Bluechip,119551
01-07-2024,104.62760,SBI Bluechip,119551
30-06-2024,104.61360,SBI Bluechip,119551
28-06-2024,104.57400,SBI Bluechip,119551
27-06-2024,104.53820,SBI Bluechip,119551
26-06-2024,104.51870,SBI Bluechip,119551
25-06-2024,104.54050,SBI Bluechip,119551
24-06-2024,117.87080,SBI Bluechip,119551
21-06-2024,104.47130,SBI Bluechip,119551
20-06-2024,104.43200,SBI Bluechip,119551
19-06-2024,104.39940,SBI Bluechip,119551
18-06-2024,104.35240,SBI Bluechip,119551
14-06-2024,104.27040,SBI Bluechip,119551
13-06-2024,104.23660,SBI Bluechip,119551
12-06-2024,104.17780,SBI Bluechip,119551
11-06-2024,104.15560,SBI Bluechip,119551
10-06-2024,104.09280,SBI Bluechip,119551
07-06-2024,104.03510,SBI Bluechip,119551
06-06-2024,103.99790,SBI Bluechip,119551
05-06-2024,103.90010,SBI Bluechip,119551
04-06-2024,103.84140,SBI Bluechip,119551
03-06-2024,104.09830,SBI Bluechip,119551
31-05-2024,103.95470,SBI Bluechip,119551
30-05-2024,103.92790,SBI Bluechip,119551
29-05-2024,103.89540,SBI Bluechip,119551
28-05-2024,103.91180,SBI Bluechip,119551
27-05-2024,103.91530,SBI Bluechip,119551
24-05-2024,103.87100,SBI Bluechip,119551
22-05-2024,103.79920,SBI Bluechip,119551
21-05-2024,103.72470,SBI Bluechip,119551
17-05-2024,103.60860,SBI Bluechip,119551
16-05-2024,103.61800,SBI Bluechip,119551
15-05-2024,103.53120,SBI Bluechip,119551
14-05-2024,103.45250,SBI Bluechip,119551
13-05-2024,103.41880,SBI Bluechip,119551
10-05-2024,103.36070,SBI Bluechip,119551
09-05-2024,103.32710,SBI Bluechip,119551
08-05-2024,103.31910,SBI Bluechip,119551
07-05-2024,103.32510,SBI Bluechip,119551
06-05-2024,103.31350,SBI Bluechip,119551
03-05-2024,103.16000,SBI Bluechip,119551
02-05-2024,103.10970,SBI Bluechip,119551
30-04-2024,103.05140,SBI Bluechip,119551
29-04-2024,103.01610,SBI Bluechip,119551
26-04-2024,102.95930,SBI Bluechip,119551
25-04-2024,102.94930,SBI Bluechip,119551
24-04-2024,102.95490,SBI Bluechip,119551
23-04-2024,102.95320,SBI Bluechip,119551
22-04-2024,102.88180,SBI Bluechip,119551
19-04-2024,102.78500,SBI Bluechip,119551
18-04-2024,102.87800,SBI Bluechip,119551
16-04-2024,102.83400,SBI Bluechip,119551
15-04-2024,102.86950,SBI Bluechip,119551
12-04-2024,102.78530,SBI Bluechip,119551
10-04-2024,102.89980,SBI Bluechip,119551
08-04-2024,102.78940,SBI Bluechip,119551
05-04-2024,102.82780,SBI Bluechip,119551
04-04-2024,102.83100,SBI Bluechip,119551
03-04-2024,102.79320,SBI Bluechip,119551
02-04-2024,102.76080,SBI Bluechip,119551
31-03-2024,102.76320,SBI Bluechip,119551
28-03-2024,102.70960,SBI Bluechip,119551
27-03-2024,102.53610,SBI Bluechip,119551
26-03-2024,110.19030,SBI Bluechip,119551
22-03-2024,110.17290,SBI Bluechip,119551
21-03-2024,110.20460,SBI Bluechip,119551
20-03-2024,110.14850,SBI Bluechip,119551
19-03-2024,110.11400,SBI Bluechip,119551
18-03-2024,110.14400,SBI Bluechip,119551
15-03-2024,110.13190,SBI Bluechip,119551
14-03-2024,110.11960,SBI Bluechip,119551
13-03-2024,110.13030,SBI Bluechip,119551
12-03-2024,110.12460,SBI Bluechip,119551
11-03-2024,110.12000,SBI Bluechip,119551
07-03-2024,109.96240,SBI Bluechip,119551
06-03-2024,109.91770,SBI Bluechip,119551
05-03-2024,109.85520,SBI Bluechip,119551
04-03-2024,109.84360,SBI Bluechip,119551
01-03-2024,109.78340,SBI Bluechip,119551
29-02-2024,109.77110,SBI Bluechip,119551
28-02-2024,109.75690,SBI Bluechip,119551
27-02-2024,109.71470,SBI Bluechip,119551
26-02-2024,109.71610,SBI Bluechip,119551
23-02-2024,109.61860,SBI Bluechip,119551
22-02-2024,109.60910,SBI Bluechip,119551
21-02-2024,109.58460,SBI Bluechip,119551
20-02-2024,109.53830,SBI Bluechip,119551
16-02-2024,109.39300,SBI Bluechip,119551
15-02-2024,109.37710,SBI Bluechip,119551
14-02-2024,109.29380,SBI Bluechip,119551
13-02-2024,109.32210,SBI Bluechip,119551
12-02-2024,109.31830,SBI Bluechip,119551
09-02-2024,109.25690,SBI Bluechip,119551
08-02-2024,109.29290,SBI Bluechip,119551
07-02-2024,109.29380,SBI Bluechip,119551
06-02-2024,109.24890,SBI Bluechip,119551
05-02-2024,109.22790,SBI Bluechip,119551
02-02-2024,109.24840,SBI Bluechip,119551
01-02-2024,109.13340,SBI Bluechip,119551
31-01-2024,108.95010,SBI Bluechip,119551
30-01-2024,108.90940,SBI Bluechip,119551
29-01-2024,108.86630,SBI Bluechip,119551
25-01-2024,108.77950,SBI Bluechip,119551
24-01-2024,108.75840,SBI Bluechip,119551
23-01-2024,108.75600,SBI Bluechip,119551
19-01-2024,108.66340,SBI Bluechip,119551
18-01-2024,108.66910,SBI Bluechip,119551
17-01-2024,108.66410,SBI Bluechip,119551
16-01-2024,108.65650,SBI Bluechip,119551
15-01-2024,108.65460,SBI Bluechip,119551
12-01-2024,108.52770,SBI Bluechip,119551
11-01-2024,108.47680,SBI Bluechip,119551
10-01-2024,108.46870,SBI Bluechip,119551
09-01-2024,108.43510,SBI Bluechip,119551
08-01-2024,108.40130,SBI Bluechip,119551
05-01-2024,108.29340,SBI Bluechip,119551
04-01-2024,108.30680,SBI Bluechip,119551
03-01-2024,108.30330,SBI Bluechip,119551
02-01-2024,108.30200,SBI Bluechip,119551
01-01-2024,108.29620,SBI Bluechip,119551
29-12-2023,108.24040,SBI Bluechip,119551
28-12-2023,116.28690,SBI Bluechip,119551
27-12-2023,116.27850,SBI Bluechip,119551
26-12-2023,116.29000,SBI Bluechip,119551
22-12-2023,116.18620,SBI Bluechip,119551
21-12-2023,116.16660,SBI Bluechip,119551
20-12-2023,116.16370,SBI Bluechip,119551
19-12-2023,116.14600,SBI Bluechip,119551
18-12-2023,116.14980,SBI Bluechip,119551
15-12-2023,116.06750,SBI Bluechip,119551
14-12-2023,115.94490,SBI Bluechip,119551
13-12-2023,115.77670,SBI Bluechip,119551
12-12-2023,115.73870,SBI Bluechip,119551
11-12-2023,115.72130,SBI Bluechip,119551
08-12-2023,115.69750,SBI Bluechip,119551
07-12-2023,115.70120,SBI Bluechip,119551
06-12-2023,115.67140,SBI Bluechip,119551
05-12-2023,115.60870,SBI Bluechip,119551
04-12-2023,115.57860,SBI Bluechip,119551
01-12-2023,115.49280,SBI Bluechip,119551
30-11-2023,115.51180,SBI Bluechip,119551
29-11-2023,115.52480,SBI Bluechip,119551
28-11-2023,115.46060,SBI Bluechip,119551
24-11-2023,115.34870,SBI Bluechip,119551
23-11-2023,115.38380,SBI Bluechip,119551
22-11-2023,115.39560,SBI Bluechip,119551
21-11-2023,115.34620,SBI Bluechip,119551
20-11-2023,115.41240,SBI Bluechip,119551
17-11-2023,115.40460,SBI Bluechip,119551
16-11-2023,115.35900,SBI Bluechip,119551
15-11-2023,115.31840,SBI Bluechip,119551
13-11-2023,115.17620,SBI Bluechip,119551
10-11-2023,115.10990,SBI Bluechip,119551
09-11-2023,115.14820,SBI Bluechip,119551
08-11-2023,115.09700,SBI Bluechip,119551
07-11-2023,115.04810,SBI Bluechip,119551
06-11-2023,114.99390,SBI Bluechip,119551
03-11-2023,114.91850,SBI Bluechip,119551
02-11-2023,114.85980,SBI Bluechip,119551
01-11-2023,114.76190,SBI Bluechip,119551
31-10-2023,114.75320,SBI Bluechip,119551
30-10-2023,114.72130,SBI Bluechip,119551
27-10-2023,114.67550,SBI Bluechip,119551
26-10-2023,114.65430,SBI Bluechip,119551
25-10-2023,114.63850,SBI Bluechip,119551
23-10-2023,114.55610,SBI Bluechip,119551
20-10-2023,114.52030,SBI Bluechip,119551
19-10-2023,114.50850,SBI Bluechip,119551
18-10-2023,114.52640,SBI Bluechip,119551
17-10-2023,114.53360,SBI Bluechip,119551
16-10-2023,114.51500,SBI Bluechip,119551
13-10-2023,114.45760,SBI Bluechip,119551
12-10-2023,114.42770,SBI Bluechip,119551
11-10-2023,114.37720,SBI Bluechip,119551
10-10-2023,114.27730,SBI Bluechip,119551
09-10-2023,114.23350,SBI Bluechip,119551
06-10-2023,114.22820,SBI Bluechip,119551
05-10-2023,114.51520,SBI Bluechip,119551
04-10-2023,114.43010,SBI Bluechip,119551
03-10-2023,114.42570,SBI Bluechip,119551
29-09-2023,114.37460,SBI Bluechip,119551
27-09-2023,114.40220,SBI Bluechip,119551
26-09-2023,114.38580,SBI Bluechip,119551
25-09-2023,114.39260,SBI Bluechip,119551
22-09-2023,114.34370,SBI Bluechip,119551
21-09-2023,114.33460,SBI Bluechip,119551
20-09-2023,114.30680,SBI Bluechip,119551
18-09-2023,114.22570,SBI Bluechip,119551
15-09-2023,114.16340,SBI Bluechip,119551
14-09-2023,114.24680,SBI Bluechip,119551
13-09-2023,114.14710,SBI Bluechip,119551
12-09-2023,114.00960,SBI Bluechip,119551
11-09-2023,114.02390,SBI Bluechip,119551
08-09-2023,114.00150,SBI Bluechip,119551
07-09-2023,114.04370,SBI Bluechip,119551
06-09-2023,113.95710,SBI Bluechip,119551
05-09-2023,113.99840,SBI Bluechip,119551
04-09-2023,113.98430,SBI Bluechip,119551
01-09-2023,113.92050,SBI Bluechip,119551
31-08-2023,113.90050,SBI Bluechip,119551
30-08-2023,113.88340,SBI Bluechip,119551
29-08-2023,113.84670,SBI Bluechip,119551
28-08-2023,113.82210,SBI Bluechip,119551
25-08-2023,113.70800,SBI Bluechip,119551
24-08-2023,113.69820,SBI Bluechip,119551
23-08-2023,113.63580,SBI Bluechip,119551
22-08-2023,113.56080,SBI Bluechip,119551
21-08-2023,113.57260,SBI Bluechip,119551
18-08-2023,113.50550,SBI Bluechip,119551
17-08-2023,113.44800,SBI Bluechip,119551
14-08-2023,113.47170,SBI Bluechip,119551
11-08-2023,113.43280,SBI Bluechip,119551
10-08-2023,113.46950,SBI Bluechip,119551
09-08-2023,113.44460,SBI Bluechip,119551
08-08-2023,113.40970,SBI Bluechip,119551
07-08-2023,113.41450,SBI Bluechip,119551
04-08-2023,113.30240,SBI Bluechip,119551
03-08-2023,113.33660,SBI Bluechip,119551
02-08-2023,113.37100,SBI Bluechip,119551
01-08-2023,113.35020,SBI Bluechip,119551
31-07-2023,113.29550,SBI Bluechip,119551
28-07-2023,113.22330,SBI Bluechip,119551
27-07-2023,113.30200,SBI Bluechip,119551
26-07-2023,113.25000,SBI Bluechip,119551
25-07-2023,113.20680,SBI Bluechip,119551
24-07-2023,113.25200,SBI Bluechip,119551
21-07-2023,113.18670,SBI Bluechip,119551
20-07-2023,113.21350,SBI Bluechip,119551
19-07-2023,113.18500,SBI Bluechip,119551
18-07-2023,113.15390,SBI Bluechip,119551
17-07-2023,113.09330,SBI Bluechip,119551
14-07-2023,113.02240,SBI Bluechip,119551
13-07-2023,112.97940,SBI Bluechip,119551
12-07-2023,112.87850,SBI Bluechip,119551
11-07-2023,112.87900,SBI Bluechip,119551
10-07-2023,112.79470,SBI Bluechip,119551
07-07-2023,112.74170,SBI Bluechip,119551
06-07-2023,112.76070,SBI Bluechip,119551
05-07-2023,112.77340,SBI Bluechip,119551
04-07-2023,112.73320,SBI Bluechip,119551
03-07-2023,112.67790,SBI Bluechip,119551
30-06-2023,112.66350,SBI Bluechip,119551
28-06-2023,112.65210,SBI Bluechip,119551
27-06-2023,112.60730,SBI Bluechip,119551
26-06-2023,112.59880,SBI Bluechip,119551
23-06-2023,112.54470,SBI Bluechip,119551
22-06-2023,112.53470,SBI Bluechip,119551
21-06-2023,112.54830,SBI Bluechip,119551
20-06-2023,112.55430,SBI Bluechip,119551
19-06-2023,112.54270,SBI Bluechip,119551
16-06-2023,112.46880,SBI Bluechip,119551
15-06-2023,112.45790,SBI Bluechip,119551
14-06-2023,112.45220,SBI Bluechip,119551
13-06-2023,112.45640,SBI Bluechip,119551
12-06-2023,112.41810,SBI Bluechip,119551
09-06-2023,112.36620,SBI Bluechip,119551
08-06-2023,112.39950,SBI Bluechip,119551
07-06-2023,112.42410,SBI Bluechip,119551
06-06-2023,112.39760,SBI Bluechip,119551
05-06-2023,112.35000,SBI Bluechip,119551
02-06-2023,112.31360,SBI Bluechip,119551
01-06-2023,112.30410,SBI Bluechip,119551
31-05-2023,112.23280,SBI Bluechip,119551
30-05-2023,112.21490,SBI Bluechip,119551
29-05-2023,112.19940,SBI Bluechip,119551
26-05-2023,112.16090,SBI Bluechip,119551
25-05-2023,112.14680,SBI Bluechip,119551
24-05-2023,112.13920,SBI Bluechip,119551
23-05-2023,112.10720,SBI Bluechip,119551
22-05-2023,112.11960,SBI Bluechip,119551
19-05-2023,111.97290,SBI Bluechip,119551
18-05-2023,111.96250,SBI Bluechip,119551
17-05-2023,111.87860,SBI Bluechip,119551
16-05-2023,111.84390,SBI Bluechip,119551
15-05-2023,111.80170,SBI Bluechip,119551
12-05-2023,111.73570,SBI Bluechip,119551
11-05-2023,111.69120,SBI Bluechip,119551
10-05-2023,111.66320,SBI Bluechip,119551
09-05-2023,111.64940,SBI Bluechip,119551
08-05-2023,111.64620,SBI Bluechip,119551
04-05-2023,111.55600,SBI Bluechip,119551
03-05-2023,111.53400,SBI Bluechip,119551
02-05-2023,111.45510,SBI Bluechip,119551
28-04-2023,111.38140,SBI Bluechip,119551
27-04-2023,111.37470,SBI Bluechip,119551
26-04-2023,111.31570,SBI Bluechip,119551
25-04-2023,111.28450,SBI Bluechip,119551
24-04-2023,111.24440,SBI Bluechip,119551
21-04-2023,111.11770,SBI Bluechip,119551
20-04-2023,111.06950,SBI Bluechip,119551
19-04-2023,111.06690,SBI Bluechip,119551
18-04-2023,111.02900,SBI Bluechip,119551
17-04-2023,110.99470,SBI Bluechip,119551
13-04-2023,110.92730,SBI Bluechip,119551
12-04-2023,110.91340,SBI Bluechip,119551
11-04-2023,110.84700,SBI Bluechip,119551
10-04-2023,110.83390,SBI Bluechip,119551
06-04-2023,110.76920,SBI Bluechip,119551
05-04-2023,110.54930,SBI Bluechip,119551
03-04-2023,110.43690,SBI Bluechip,119551
31-03-2023,110.38870,SBI Bluechip,119551
29-03-2023,110.25250,SBI Bluechip,119551
28-03-2023,110.11560,SBI Bluechip,119551
27-03-2023,110.14690,SBI Bluechip,119551
24-03-2023,110.07940,SBI Bluechip,119551
23-03-2023,110.06250,SBI Bluechip,119551
21-03-2023,109.98100,SBI Bluechip,119551
20-03-2023,109.95090,SBI Bluechip,119551
17-03-2023,109.83660,SBI Bluechip,119551
16-03-2023,109.79880,SBI Bluechip,119551
15-03-2023,109.81230,SBI Bluechip,119551
14-03-2023,109.78890,SBI Bluechip,119551
13-03-2023,109.73450,SBI Bluechip,119551
10-03-2023,109.57690,SBI Bluechip,119551
09-03-2023,109.54100,SBI Bluechip,119551
08-03-2023,109.51030,SBI Bluechip,119551
06-03-2023,109.53130,SBI Bluechip,119551
03-03-2023,109.48740,SBI Bluechip,119551
02-03-2023,109.44700,SBI Bluechip,119551
01-03-2023,109.43000,SBI Bluechip,119551
28-02-2023,109.44420,SBI Bluechip,119551
27-02-2023,109.43410,SBI Bluechip,119551
24-02-2023,109.42340,SBI Bluechip,119551
23-02-2023,109.40900,SBI Bluechip,119551
22-02-2023,109.38180,SBI Bluechip,119551
21-02-2023,109.41820,SBI Bluechip,119551
20-02-2023,109.37800,SBI Bluechip,119551
17-02-2023,109.29240,SBI Bluechip,119551
16-02-2023,109.32430,SBI Bluechip,119551
15-02-2023,109.29290,SBI Bluechip,119551
14-02-2023,109.24800,SBI Bluechip,119551
13-02-2023,109.28260,SBI Bluechip,119551
10-02-2023,109.24120,SBI Bluechip,119551
09-02-2023,109.24460,SBI Bluechip,119551
08-02-2023,109.24720,SBI Bluechip,119551
07-02-2023,109.28260,SBI Bluechip,119551
06-02-2023,109.26620,SBI Bluechip,119551
03-02-2023,109.24250,SBI Bluechip,119551
02-02-2023,109.21860,SBI Bluechip,119551
01-02-2023,109.18490,SBI Bluechip,119551
31-01-2023,109.06780,SBI Bluechip,119551
30-01-2023,109.00720,SBI Bluechip,119551
27-01-2023,108.97870,SBI Bluechip,119551
25-01-2023,108.99620,SBI Bluechip,119551
24-01-2023,108.99950,SBI Bluechip,119551
23-01-2023,108.98030,SBI Bluechip,119551
20-01-2023,108.93350,SBI Bluechip,119551
19-01-2023,108.95780,SBI Bluechip,119551
18-01-2023,108.92900,SBI Bluechip,119551
17-01-2023,108.90980,SBI Bluechip,119551
16-01-2023,108.89450,SBI Bluechip,119551
13-01-2023,108.84410,SBI Bluechip,119551
12-01-2023,108.81540,SBI Bluechip,119551
11-01-2023,108.76820,SBI Bluechip,119551
10-01-2023,108.74090,SBI Bluechip,119551
09-01-2023,108.71890,SBI Bluechip,119551
06-01-2023,108.62350,SBI Bluechip,119551
05-01-2023,108.64050,SBI Bluechip,119551
04-01-2023,108.62620,SBI Bluechip,119551
03-01-2023,108.62700,SBI Bluechip,119551
02-01-2023,108.59220,SBI Bluechip,119551
30-12-2022,108.52250,SBI Bluechip,119551
29-12-2022,108.49820,SBI Bluechip,119551
28-12-2022,108.49210,SBI Bluechip,119551
27-12-2022,108.47200,SBI Bluechip,119551
26-12-2022,108.43030,SBI Bluechip,119551
23-12-2022,108.40950,SBI Bluechip,119551
22-12-2022,108.39030,SBI Bluechip,119551
21-12-2022,108.38430,SBI Bluechip,119551
20-12-2022,108.41230,SBI Bluechip,119551
19-12-2022,108.38370,SBI Bluechip,119551
16-12-2022,108.34660,SBI Bluechip,119551
15-12-2022,108.33360,SBI Bluechip,119551
14-12-2022,108.34880,SBI Bluechip,119551
13-12-2022,108.28840,SBI Bluechip,119551
12-12-2022,108.26140,SBI Bluechip,119551
09-12-2022,108.18680,SBI Bluechip,119551
08-12-2022,108.17830,SBI Bluechip,119551
07-12-2022,108.15510,SBI Bluechip,119551
06-12-2022,108.17620,SBI Bluechip,119551
05-12-2022,108.14990,SBI Bluechip,119551
02-12-2022,108.09880,SBI Bluechip,119551
01-12-2022,108.08320,SBI Bluechip,119551
30-11-2022,108.03340,SBI Bluechip,119551
29-11-2022,107.99000,SBI Bluechip,119551
28-11-2022,107.99590,SBI Bluechip,119551
25-11-2022,107.90660,SBI Bluechip,119551
24-11-2022,107.88820,SBI Bluechip,119551
23-11-2022,107.83930,SBI Bluechip,119551
22-11-2022,107.83690,SBI Bluechip,119551
21-11-2022,107.80020,SBI Bluechip,119551
18-11-2022,107.75270,SBI Bluechip,119551
17-11-2022,107.73460,SBI Bluechip,119551
16-11-2022,107.70650,SBI Bluechip,119551
15-11-2022,107.70900,SBI Bluechip,119551
14-11-2022,107.65930,SBI Bluechip,119551
11-11-2022,107.61050,SBI Bluechip,119551
10-11-2022,107.52430,SBI Bluechip,119551
09-11-2022,107.45810,SBI Bluechip,119551
07-11-2022,107.36330,SBI Bluechip,119551
04-11-2022,107.30700,SBI Bluechip,119551
03-11-2022,107.29440,SBI Bluechip,119551
02-11-2022,107.30300,SBI Bluechip,119551
01-11-2022,107.28180,SBI Bluechip,119551
31-10-2022,107.27290,SBI Bluechip,119551
28-10-2022,107.21370,SBI Bluechip,119551
27-10-2022,107.23490,SBI Bluechip,119551
25-10-2022,107.11200,SBI Bluechip,119551
21-10-2022,106.96490,SBI Bluechip,119551
20-10-2022,106.97570,SBI Bluechip,119551
19-10-2022,106.99700,SBI Bluechip,119551
18-10-2022,106.97670,SBI Bluechip,119551
17-10-2022,106.94370,SBI Bluechip,119551
14-10-2022,106.79220,SBI Bluechip,119551
13-10-2022,106.81200,SBI Bluechip,119551
12-10-2022,106.80800,SBI Bluechip,119551
11-10-2022,106.78200,SBI Bluechip,119551
10-10-2022,106.82330,SBI Bluechip,119551
07-10-2022,106.84080,SBI Bluechip,119551
06-10-2022,106.88750,SBI Bluechip,119551
04-10-2022,106.88560,SBI Bluechip,119551
03-10-2022,106.82610,SBI Bluechip,119551
30-09-2022,106.79480,SBI Bluechip,119551
29-09-2022,106.71450,SBI Bluechip,119551
28-09-2022,106.64850,SBI Bluechip,119551
27-09-2022,106.65750,SBI Bluechip,119551
26-09-2022,106.67840,SBI Bluechip,119551
23-09-2022,106.63330,SBI Bluechip,119551
22-09-2022,106.75490,SBI Bluechip,119551
21-09-2022,106.80720,SBI Bluechip,119551
20-09-2022,106.82400,SBI Bluechip,119551
19-09-2022,106.87480,SBI Bluechip,119551
16-09-2022,106.85850,SBI Bluechip,119551
15-09-2022,106.90840,SBI Bluechip,119551
14-09-2022,106.96250,SBI Bluechip,119551
13-09-2022,106.99830,SBI Bluechip,119551
12-09-2022,106.95400,SBI Bluechip,119551
09-09-2022,106.91160,SBI Bluechip,119551
08-09-2022,106.90050,SBI Bluechip,119551
07-09-2022,106.86810,SBI Bluechip,119551
06-09-2022,106.82910,SBI Bluechip,119551
05-09-2022,106.81910,SBI Bluechip,119551
02-09-2022,106.77050,SBI Bluechip,119551
01-09-2022,106.74750,SBI Bluechip,119551
30-08-2022,106.70380,SBI Bluechip,119551
29-08-2022,106.69060,SBI Bluechip,119551
26-08-2022,106.62960,SBI Bluechip,119551
25-08-2022,106.58240,SBI Bluechip,119551
24-08-2022,106.59900,SBI Bluechip,119551
23-08-2022,106.55970,SBI Bluechip,119551
22-08-2022,106.55680,SBI Bluechip,119551
19-08-2022,106.50720,SBI Bluechip,119551
18-08-2022,106.51410,SBI Bluechip,119551
17-08-2022,106.50920,SBI Bluechip,119551
12-08-2022,106.32940,SBI Bluechip,119551
11-08-2022,106.32090,SBI Bluechip,119551
10-08-2022,106.25420,SBI Bluechip,119551
08-08-2022,106.15410,SBI Bluechip,119551
05-08-2022,106.10860,SBI Bluechip,119551
04-08-2022,106.22540,SBI Bluechip,119551
03-08-2022,106.15000,SBI Bluechip,119551
02-08-2022,106.19930,SBI Bluechip,119551
01-08-2022,106.12190,SBI Bluechip,119551
29-07-2022,106.00660,SBI Bluechip,119551
28-07-2022,105.94840,SBI Bluechip,119551
27-07-2022,105.92930,SBI Bluechip,119551
26-07-2022,105.91610,SBI Bluechip,119551
25-07-2022,105.91410,SBI Bluechip,119551
22-07-2022,105.84490,SBI Bluechip,119551
21-07-2022,105.84010,SBI Bluechip,119551
20-07-2022,105.83040,SBI Bluechip,119551
19-07-2022,105.79960,SBI Bluechip,119551
18-07-2022,105.78800,SBI Bluechip,119551
15-07-2022,105.77600,SBI Bluechip,119551
14-07-2022,105.77600,SBI Bluechip,119551
13-07-2022,105.76950,SBI Bluechip,119551
12-07-2022,105.70930,SBI Bluechip,119551
11-07-2022,105.67200,SBI Bluechip,119551
08-07-2022,105.67230,SBI Bluechip,119551
07-07-2022,105.70410,SBI Bluechip,119551
06-07-2022,105.70650,SBI Bluechip,119551
05-07-2022,105.53710,SBI Bluechip,119551
04-07-2022,105.48840,SBI Bluechip,119551
01-07-2022,105.39630,SBI Bluechip,119551
30-06-2022,105.31990,SBI Bluechip,119551
29-06-2022,105.28590,SBI Bluechip,119551
28-06-2022,105.27710,SBI Bluechip,119551
27-06-2022,105.29220,SBI Bluechip,119551
24-06-2022,105.19710,SBI Bluechip,119551
23-06-2022,105.21060,SBI Bluechip,119551
22-06-2022,105.17670,SBI Bluechip,119551
21-06-2022,112.75700,SBI Bluechip,119551
20-06-2022,112.73360,SBI Bluechip,119551
17-06-2022,112.57830,SBI Bluechip,119551
16-06-2022,112.57150,SBI Bluechip,119551
15-06-2022,112.57570,SBI Bluechip,119551
14-06-2022,112.58300,SBI Bluechip,119551
13-06-2022,112.59850,SBI Bluechip,119551
10-06-2022,112.68480,SBI Bluechip,119551
09-06-2022,112.64870,SBI Bluechip,119551
08-06-2022,112.59020,SBI Bluechip,119551
07-06-2022,112.45530,SBI Bluechip,119551
06-06-2022,112.53000,SBI Bluechip,119551
03-06-2022,112.54690,SBI Bluechip,119551
02-06-2022,112.57900,SBI Bluechip,119551
01-06-2022,112.55190,SBI Bluechip,119551
31-05-2022,112.68010,SBI Bluechip,119551
30-05-2022,112.61660,SBI Bluechip,119551
27-05-2022,112.58750,SBI Bluechip,119551
26-05-2022,112.57510,SBI Bluechip,119551
25-05-2022,112.55110,SBI Bluechip,119551
24-05-2022,112.54320,SBI Bluechip,119551
23-05-2022,112.50610,SBI Bluechip,119551
20-05-2022,112.43740,SBI Bluechip,119551
19-05-2022,112.45390,SBI Bluechip,119551
18-05-2022,112.43680,SBI Bluechip,119551
17-05-2022,112.41370,SBI Bluechip,119551
13-05-2022,112.36470,SBI Bluechip,119551
12-05-2022,112.43300,SBI Bluechip,119551
11-05-2022,112.39910,SBI Bluechip,119551
10-05-2022,112.34790,SBI Bluechip,119551
09-05-2022,112.26720,SBI Bluechip,119551
06-05-2022,112.24400,SBI Bluechip,119551
05-05-2022,112.35880,SBI Bluechip,119551
04-05-2022,112.43310,SBI Bluechip,119551
02-05-2022,113.13190,SBI Bluechip,119551
29-04-2022,113.09560,SBI Bluechip,119551
28-04-2022,113.08480,SBI Bluechip,119551
27-04-2022,113.09540,SBI Bluechip,119551
26-04-2022,113.05790,SBI Bluechip,119551
25-04-2022,113.06150,SBI Bluechip,119551
22-04-2022,112.95900,SBI Bluechip,119551
21-04-2022,112.95600,SBI Bluechip,119551
20-04-2022,112.93600,SBI Bluechip,119551
19-04-2022,112.90460,SBI Bluechip,119551
18-04-2022,112.85840,SBI Bluechip,119551
13-04-2022,112.68440,SBI Bluechip,119551
12-04-2022,112.84050,SBI Bluechip,119551
11-04-2022,112.84790,SBI Bluechip,119551
08-04-2022,112.90620,SBI Bluechip,119551
07-04-2022,113.18250,SBI Bluechip,119551
06-04-2022,113.16070,SBI Bluechip,119551
05-04-2022,113.16610,SBI Bluechip,119551
04-04-2022,113.11710,SBI Bluechip,119551
31-03-2022,113.07820,SBI Bluechip,119551
30-03-2022,113.02550,SBI Bluechip,119551
29-03-2022,112.99120,SBI Bluechip,119551
28-03-2022,112.94480,SBI Bluechip,119551
25-03-2022,112.90340,SBI Bluechip,119551
24-03-2022,112.85420,SBI Bluechip,119551
23-03-2022,112.82310,SBI Bluechip,119551
22-03-2022,121.94410,SBI Bluechip,119551
21-03-2022,121.94740,SBI Bluechip,119551
17-03-2022,121.88160,SBI Bluechip,119551
16-03-2022,121.79190,SBI Bluechip,119551
15-03-2022,121.81770,SBI Bluechip,119551
14-03-2022,121.71790,SBI Bluechip,119551
11-03-2022,121.66520,SBI Bluechip,119551
10-03-2022,121.66990,SBI Bluechip,119551
09-03-2022,121.61440,SBI Bluechip,119551
08-03-2022,121.59350,SBI Bluechip,119551
07-03-2022,121.60230,SBI Bluechip,119551
04-03-2022,121.66030,SBI Bluechip,119551
03-03-2022,121.62960,SBI Bluechip,119551
02-03-2022,121.66500,SBI Bluechip,119551
28-02-2022,121.73480,SBI Bluechip,119551
25-02-2022,121.71610,SBI Bluechip,119551
24-02-2022,121.71610,SBI Bluechip,119551
23-02-2022,121.72640,SBI Bluechip,119551
22-02-2022,121.68930,SBI Bluechip,119551
21-02-2022,121.71930,SBI Bluechip,119551
18-02-2022,121.68240,SBI Bluechip,119551
17-02-2022,121.65610,SBI Bluechip,119551
16-02-2022,121.64480,SBI Bluechip,119551
15-02-2022,121.61810,SBI Bluechip,119551
14-02-2022,121.62360,SBI Bluechip,119551
11-02-2022,121.52650,SBI Bluechip,119551
10-02-2022,121.44580,SBI Bluechip,119551
09-02-2022,121.22570,SBI Bluechip,119551
08-02-2022,121.16290,SBI Bluechip,119551
04-02-2022,121.00910,SBI Bluechip,119551
03-02-2022,121.00790,SBI Bluechip,119551
02-02-2022,120.97970,SBI Bluechip,119551
01-02-2022,121.04100,SBI Bluechip,119551
31-01-2022,121.22640,SBI Bluechip,119551
28-01-2022,121.12870,SBI Bluechip,119551
27-01-2022,121.10950,SBI Bluechip,119551
25-01-2022,121.15350,SBI Bluechip,119551
24-01-2022,121.12480,SBI Bluechip,119551
21-01-2022,121.13300,SBI Bluechip,119551
20-01-2022,121.10560,SBI Bluechip,119551
19-01-2022,121.08290,SBI Bluechip,119551
18-01-2022,121.07690,SBI Bluechip,119551
17-01-2022,121.07460,SBI Bluechip,119551
14-01-2022,121.09060,SBI Bluechip,119551
13-01-2022,121.06790,SBI Bluechip,119551
12-01-2022,121.02360,SBI Bluechip,119551
11-01-2022,120.97230,SBI Bluechip,119551
10-01-2022,120.91980,SBI Bluechip,119551
07-01-2022,120.95470,SBI Bluechip,119551
06-01-2022,120.95770,SBI Bluechip,119551
05-01-2022,120.93140,SBI Bluechip,119551
04-01-2022,120.93260,SBI Bluechip,119551
03-01-2022,120.97910,SBI Bluechip,119551
31-12-2021,120.94240,SBI Bluechip,119551
30-12-2021,120.90490,SBI Bluechip,119551
29-12-2021,120.90390,SBI Bluechip,119551
28-12-2021,120.89770,SBI Bluechip,119551
27-12-2021,120.93670,SBI Bluechip,119551
24-12-2021,120.88600,SBI Bluechip,119551
23-12-2021,120.88130,SBI Bluechip,119551
22-12-2021,120.86450,SBI Bluechip,119551
21-12-2021,132.11350,SBI Bluechip,119551
20-12-2021,132.19830,SBI Bluechip,119551
17-12-2021,132.22880,SBI Bluechip,119551
16-12-2021,132.26370,SBI Bluechip,119551
15-12-2021,132.25630,SBI Bluechip,119551
14-12-2021,132.23680,SBI Bluechip,119551
13-12-2021,132.17890,SBI Bluechip,119551
10-12-2021,132.16560,SBI Bluechip,119551
09-12-2021,132.16200,SBI Bluechip,119551
08-12-2021,132.16110,SBI Bluechip,119551
07-12-2021,132.09980,SBI Bluechip,119551
06-12-2021,132.09030,SBI Bluechip,119551
03-12-2021,132.01620,SBI Bluechip,119551
02-12-2021,132.01460,SBI Bluechip,119551
01-12-2021,131.96970,SBI Bluechip,119551
30-11-2021,131.96680,SBI Bluechip,119551
29-11-2021,131.91940,SBI Bluechip,119551
26-11-2021,131.88180,SBI Bluechip,119551
25-11-2021,131.87040,SBI Bluechip,119551
24-11-2021,131.86450,SBI Bluechip,119551
23-11-2021,131.86860,SBI Bluechip,119551
22-11-2021,131.85800,SBI Bluechip,119551
18-11-2021,131.79440,SBI Bluechip,119551
17-11-2021,131.74890,SBI Bluechip,119551
16-11-2021,131.74790,SBI Bluechip,119551
15-11-2021,131.74170,SBI Bluechip,119551
12-11-2021,131.68940,SBI Bluechip,119551
11-11-2021,131.68660,SBI Bluechip,119551
10-11-2021,131.65900,SBI Bluechip,119551
09-11-2021,131.65990,SBI Bluechip,119551
08-11-2021,131.61630,SBI Bluechip,119551
03-11-2021,131.43860,SBI Bluechip,119551
02-11-2021,131.39070,SBI Bluechip,119551
01-11-2021,131.39510,SBI Bluechip,119551
29-10-2021,131.36870,SBI Bluechip,119551
28-10-2021,131.39600,SBI Bluechip,119551
27-10-2021,131.42540,SBI Bluechip,119551
26-10-2021,131.42860,SBI Bluechip,119551
25-10-2021,131.50090,SBI Bluechip,119551
22-10-2021,131.46970,SBI Bluechip,119551
21-10-2021,131.44130,SBI Bluechip,119551
20-10-2021,131.34370,SBI Bluechip,119551
18-10-2021,131.36860,SBI Bluechip,119551
14-10-2021,131.36030,SBI Bluechip,119551
13-10-2021,131.35820,SBI Bluechip,119551
12-10-2021,131.29810,SBI Bluechip,119551
11-10-2021,131.25620,SBI Bluechip,119551
08-10-2021,131.23350,SBI Bluechip,119551
07-10-2021,131.22650,SBI Bluechip,119551
06-10-2021,131.24590,SBI Bluechip,119551
05-10-2021,131.26160,SBI Bluechip,119551
04-10-2021,131.30940,SBI Bluechip,119551
01-10-2021,131.23930,SBI Bluechip,119551
30-09-2021,131.25260,SBI Bluechip,119551
29-09-2021,131.23280,SBI Bluechip,119551
28-09-2021,131.30440,SBI Bluechip,119551
27-09-2021,131.25800,SBI Bluechip,119551
24-09-2021,131.26940,SBI Bluechip,119551
23-09-2021,131.35540,SBI Bluechip,119551
22-09-2021,131.35130,SBI Bluechip,119551
21-09-2021,131.33160,SBI Bluechip,119551
20-09-2021,131.32220,SBI Bluechip,119551
17-09-2021,131.25910,SBI Bluechip,119551
16-09-2021,131.23450,SBI Bluechip,119551
15-09-2021,131.19960,SBI Bluechip,119551
14-09-2021,144.12510,SBI Bluechip,119551
13-09-2021,144.11180,SBI Bluechip,119551
09-09-2021,144.05740,SBI Bluechip,119551
08-09-2021,144.02750,SBI Bluechip,119551
07-09-2021,144.00420,SBI Bluechip,119551
06-09-2021,144.01480,SBI Bluechip,119551
03-09-2021,143.96990,SBI Bluechip,119551
02-09-2021,143.94440,SBI Bluechip,119551
01-09-2021,143.87460,SBI Bluechip,119551
31-08-2021,143.79840,SBI Bluechip,119551
30-08-2021,143.75350,SBI Bluechip,119551
27-08-2021,143.62770,SBI Bluechip,119551
26-08-2021,143.58930,SBI Bluechip,119551
25-08-2021,143.58530,SBI Bluechip,119551
24-08-2021,143.56290,SBI Bluechip,119551
23-08-2021,143.55970,SBI Bluechip,119551
20-08-2021,143.51640,SBI Bluechip,119551
18-08-2021,143.48180,SBI Bluechip,119551
17-08-2021,143.36960,SBI Bluechip,119551
13-08-2021,143.23920,SBI Bluechip,119551
12-08-2021,143.13600,SBI Bluechip,119551
11-08-2021,143.06250,SBI Bluechip,119551
10-08-2021,143.04860,SBI Bluechip,119551
09-08-2021,142.96610,SBI Bluechip,119551
06-08-2021,142.91000,SBI Bluechip,119551
05-08-2021,143.02100,SBI Bluechip,119551
04-08-2021,142.96470,SBI Bluechip,119551
03-08-2021,142.94040,SBI Bluechip,119551
02-08-2021,142.90050,SBI Bluechip,119551
30-07-2021,142.83900,SBI Bluechip,119551
29-07-2021,142.81840,SBI Bluechip,119551
28-07-2021,142.80060,SBI Bluechip,119551
27-07-2021,142.77470,SBI Bluechip,119551
26-07-2021,142.71900,SBI Bluechip,119551
23-07-2021,142.62180,SBI Bluechip,119551
22-07-2021,142.62390,SBI Bluechip,119551
20-07-2021,142.62130,SBI Bluechip,119551
19-07-2021,142.56540,SBI Bluechip,119551
16-07-2021,142.50920,SBI Bluechip,119551
15-07-2021,142.38060,SBI Bluechip,119551
14-07-2021,142.29680,SBI Bluechip,119551
13-07-2021,142.29480,SBI Bluechip,119551
12-07-2021,142.16020,SBI Bluechip,119551
09-07-2021,142.20290,SBI Bluechip,119551
08-07-2021,142.16960,SBI Bluechip,119551
07-07-2021,142.02180,SBI Bluechip,119551
06-07-2021,141.94200,SBI Bluechip,119551
05-07-2021,142.02290,SBI Bluechip,119551
02-07-2021,141.92450,SBI Bluechip,119551
01-07-2021,141.95150,SBI Bluechip,119551
30-06-2021,141.90210,SBI Bluechip,119551
29-06-2021,155.11370,SBI Bluechip,119551
28-06-2021,155.12580,SBI Bluechip,119551
25-06-2021,155.14620,SBI Bluechip,119551
24-06-2021,155.18140,SBI Bluechip,119551
23-06-2021,155.15730,SBI Bluechip,119551
22-06-2021,155.15060,SBI Bluechip,119551
21-06-2021,155.19520,SBI Bluechip,119551
18-06-2021,155.12210,SBI Bluechip,119551
17-06-2021,155.07260,SBI Bluechip,119551
16-06-2021,155.08430,SBI Bluechip,119551
15-06-2021,155.29610,SBI Bluechip,119551
14-06-2021,155.42900,SBI Bluechip,119551
11-06-2021,155.37550,SBI Bluechip,119551
10-06-2021,155.31610,SBI Bluechip,119551
09-06-2021,155.26990,SBI Bluechip,119551
08-06-2021,155.13830,SBI Bluechip,119551
07-06-2021,155.11170,SBI Bluechip,119551
04-06-2021,154.98690,SBI Bluechip,119551
03-06-2021,154.93840,SBI Bluechip,119551
02-06-2021,154.86320,SBI Bluechip,119551
01-06-2021,154.85060,SBI Bluechip,119551
31-05-2021,154.85910,SBI Bluechip,119551
28-05-2021,154.83250,SBI Bluechip,119551
27-05-2021,154.83360,SBI Bluechip,119551
25-05-2021,154.78300,SBI Bluechip,119551
24-05-2021,154.70690,SBI Bluechip,119551
21-05-2021,154.64170,SBI Bluechip,119551
20-05-2021,154.60730,SBI Bluechip,119551
19-05-2021,154.59900,SBI Bluechip,119551
18-05-2021,154.46380,SBI Bluechip,119551
17-05-2021,154.40020,SBI Bluechip,119551
14-05-2021,154.33090,SBI Bluechip,119551
12-05-2021,154.33110,SBI Bluechip,119551
11-05-2021,154.34100,SBI Bluechip,119551
10-05-2021,154.23720,SBI Bluechip,119551
07-05-2021,154.19030,SBI Bluechip,119551
06-05-2021,154.14950,SBI Bluechip,119551
05-05-2021,154.12320,SBI Bluechip,119551
04-05-2021,154.07420,SBI Bluechip,119551
03-05-2021,154.05010,SBI Bluechip,119551
30-04-2021,153.95100,SBI Bluechip,119551
29-04-2021,153.86460,SBI Bluechip,119551
28-04-2021,153.85570,SBI Bluechip,119551
27-04-2021,153.76340,SBI Bluechip,119551
26-04-2021,153.63530,SBI Bluechip,119551
23-04-2021,153.45900,SBI Bluechip,119551
22-04-2021,153.37660,SBI Bluechip,119551
20-04-2021,153.32200,SBI Bluechip,119551
19-04-2021,153.27880,SBI Bluechip,119551
16-04-2021,153.14450,SBI Bluechip,119551
15-04-2021,153.21820,SBI Bluechip,119551
12-04-2021,153.32590,SBI Bluechip,119551
09-04-2021,153.26090,SBI Bluechip,119551
08-04-2021,153.16970,SBI Bluechip,119551
07-04-2021,153.14540,SBI Bluechip,119551
06-04-2021,153.21010,SBI Bluechip,119551
05-04-2021,153.00690,SBI Bluechip,119551
31-03-2021,152.74570,SBI Bluechip,119551
30-03-2021,152.65790,SBI Bluechip,119551
26-03-2021,152.53440,SBI Bluechip,119551
25-03-2021,152.45140,SBI Bluechip,119551
24-03-2021,152.38470,SBI Bluechip,119551
23-03-2021,152.22430,SBI Bluechip,119551
22-03-2021,151.84790,SBI Bluechip,119551
19-03-2021,151.63870,SBI Bluechip,119551
18-03-2021,151.39010,SBI Bluechip,119551
17-03-2021,151.34730,SBI Bluechip,119551
16-03-2021,151.31720,SBI Bluechip,119551
15-03-2021,151.33810,SBI Bluechip,119551
12-03-2021,151.63230,SBI Bluechip,119551
10-03-2021,151.71200,SBI Bluechip,119551
09-03-2021,151.71480,SBI Bluechip,119551
08-03-2021,151.72160,SBI Bluechip,119551
05-03-2021,151.66820,SBI Bluechip,119551
04-03-2021,151.69710,SBI Bluechip,119551
03-03-2021,151.66820,SBI Bluechip,119551
02-03-2021,151.62920,SBI Bluechip,119551
01-03-2021,151.54740,SBI Bluechip,119551
26-02-2021,151.48360,SBI Bluechip,119551
25-02-2021,159.52860,SBI Bluechip,119551
24-02-2021,159.51550,SBI Bluechip,119551
23-02-2021,159.49450,SBI Bluechip,119551
22-02-2021,159.57960,SBI Bluechip,119551
18-02-2021,159.79640,SBI Bluechip,119551
17-02-2021,159.84890,SBI Bluechip,119551
16-02-2021,159.88680,SBI Bluechip,119551
15-02-2021,159.81700,SBI Bluechip,119551
12-02-2021,159.74500,SBI Bluechip,119551
11-02-2021,159.67600,SBI Bluechip,119551
10-02-2021,159.53240,SBI Bluechip,119551
09-02-2021,159.52330,SBI Bluechip,119551
08-02-2021,159.66720,SBI Bluechip,119551
05-02-2021,159.56310,SBI Bluechip,119551
04-02-2021,159.74730,SBI Bluechip,119551
03-02-2021,159.74690,SBI Bluechip,119551
02-02-2021,159.67450,SBI Bluechip,119551
01-02-2021,160.06120,SBI Bluechip,119551
29-01-2021,160.59770,SBI Bluechip,119551
28-01-2021,160.58330,SBI Bluechip,119551
27-01-2021,160.55090,SBI Bluechip,119551
25-01-2021,160.52320,SBI Bluechip,119551
22-01-2021,160.47480,SBI Bluechip,119551
21-01-2021,160.52050,SBI Bluechip,119551
20-01-2021,160.48460,SBI Bluechip,119551
19-01-2021,160.39180,SBI Bluechip,119551
18-01-2021,160.37760,SBI Bluechip,119551
15-01-2021,160.61120,SBI Bluechip,119551
14-01-2021,160.68850,SBI Bluechip,119551
13-01-2021,160.90460,SBI Bluechip,119551
12-01-2021,160.94950,SBI Bluechip,119551
11-01-2021,161.12590,SBI Bluechip,119551
08-01-2021,161.37750,SBI Bluechip,119551
07-01-2021,161.28210,SBI Bluechip,119551
06-01-2021,161.22950,SBI Bluechip,119551
05-01-2021,161.23130,SBI Bluechip,119551
04-01-2021,161.04390,SBI Bluechip,119551
01-01-2021,160.89970,SBI Bluechip,119551
31-12-2020,160.80710,SBI Bluechip,119551
30-12-2020,160.78190,SBI Bluechip,119551
29-12-2020,160.71330,SBI Bluechip,119551
28-12-2020,160.66760,SBI Bluechip,119551
24-12-2020,160.51600,SBI Bluechip,119551
23-12-2020,160.46580,SBI Bluechip,119551
22-12-2020,160.40300,SBI Bluechip,119551
21-12-2020,160.39230,SBI Bluechip,119551
18-12-2020,160.43860,SBI Bluechip,119551
17-12-2020,160.40150,SBI Bluechip,119551
16-12-2020,160.38320,SBI Bluechip,119551
15-12-2020,160.38650,SBI Bluechip,119551
14-12-2020,160.33160,SBI Bluechip,119551
11-12-2020,160.29220,SBI Bluechip,119551
10-12-2020,160.34400,SBI Bluechip,119551
09-12-2020,160.31470,SBI Bluechip,119551
08-12-2020,160.35140,SBI Bluechip,119551
07-12-2020,160.35020,SBI Bluechip,119551
04-12-2020,160.31030,SBI Bluechip,119551
03-12-2020,160.12810,SBI Bluechip,119551
02-12-2020,160.12040,SBI Bluechip,119551
01-12-2020,160.25190,SBI Bluechip,119551
27-11-2020,160.27780,SBI Bluechip,119551
26-11-2020,160.27080,SBI Bluechip,119551
25-11-2020,160.10390,SBI Bluechip,119551
24-11-2020,159.98300,SBI Bluechip,119551
23-11-2020,159.93040,SBI Bluechip,119551
20-11-2020,159.85270,SBI Bluechip,119551
19-11-2020,159.76360,SBI Bluechip,119551
18-11-2020,159.58980,SBI Bluechip,119551
17-11-2020,159.53330,SBI Bluechip,119551
13-11-2020,159.41460,SBI Bluechip,119551
12-11-2020,159.36240,SBI Bluechip,119551
11-11-2020,159.25310,SBI Bluechip,119551
10-11-2020,159.22900,SBI Bluechip,119551
09-11-2020,159.25680,SBI Bluechip,119551
06-11-2020,159.24680,SBI Bluechip,119551
05-11-2020,159.13550,SBI Bluechip,119551
04-11-2020,158.93740,SBI Bluechip,119551
03-11-2020,158.93660,SBI Bluechip,119551
02-11-2020,158.92950,SBI Bluechip,119551
29-10-2020,158.83670,SBI Bluechip,119551
28-10-2020,158.85700,SBI Bluechip,119551
27-10-2020,158.87130,SBI Bluechip,119551
26-10-2020,158.89750,SBI Bluechip,119551
23-10-2020,158.69360,SBI Bluechip,119551
22-10-2020,158.57050,SBI Bluechip,119551
21-10-2020,158.59830,SBI Bluechip,119551
20-10-2020,158.58960,SBI Bluechip,119551
19-10-2020,158.46010,SBI Bluechip,119551
16-10-2020,158.33270,SBI Bluechip,119551
15-10-2020,158.33810,SBI Bluechip,119551
14-10-2020,158.19820,SBI Bluechip,119551
13-10-2020,158.07620,SBI Bluechip,119551
12-10-2020,157.88200,SBI Bluechip,119551
09-10-2020,157.74980,SBI Bluechip,119551
08-10-2020,157.08600,SBI Bluechip,119551
07-10-2020,156.94590,SBI Bluechip,119551
06-10-2020,156.83940,SBI Bluechip,119551
05-10-2020,156.76300,SBI Bluechip,119551
01-10-2020,156.63880,SBI Bluechip,119551
30-09-2020,156.44830,SBI Bluechip,119551
29-09-2020,156.31870,SBI Bluechip,119551
28-09-2020,156.35110,SBI Bluechip,119551
25-09-2020,156.32930,SBI Bluechip,119551
24-09-2020,156.37000,SBI Bluechip,119551
23-09-2020,156.40260,SBI Bluechip,119551
22-09-2020,156.34590,SBI Bluechip,119551
21-09-2020,156.29950,SBI Bluechip,119551
18-09-2020,156.20390,SBI Bluechip,119551
17-09-2020,156.16490,SBI Bluechip,119551
16-09-2020,156.11460,SBI Bluechip,119551
15-09-2020,156.00040,SBI Bluechip,119551
14-09-2020,156.12840,SBI Bluechip,119551
11-09-2020,156.11520,SBI Bluechip,119551
10-09-2020,156.15130,SBI Bluechip,119551
09-09-2020,156.21230,SBI Bluechip,119551
08-09-2020,156.19160,SBI Bluechip,119551
07-09-2020,156.55350,SBI Bluechip,119551
04-09-2020,156.77400,SBI Bluechip,119551
03-09-2020,156.74170,SBI Bluechip,119551
02-09-2020,156.51630,SBI Bluechip,119551
01-09-2020,156.46210,SBI Bluechip,119551
31-08-2020,155.79720,SBI Bluechip,119551
28-08-2020,155.15420,SBI Bluechip,119551
27-08-2020,155.29300,SBI Bluechip,119551
26-08-2020,155.39890,SBI Bluechip,119551
25-08-2020,155.48410,SBI Bluechip,119551
24-08-2020,155.33930,SBI Bluechip,119551
21-08-2020,155.64260,SBI Bluechip,119551
20-08-2020,156.11830,SBI Bluechip,119551
19-08-2020,156.04080,SBI Bluechip,119551
18-08-2020,156.08480,SBI Bluechip,119551
17-08-2020,156.11780,SBI Bluechip,119551
14-08-2020,156.11090,SBI Bluechip,119551
13-08-2020,156.22040,SBI Bluechip,119551
12-08-2020,156.10230,SBI Bluechip,119551
11-08-2020,156.17030,SBI Bluechip,119551
10-08-2020,156.15790,SBI Bluechip,119551
07-08-2020,156.19630,SBI Bluechip,119551
06-08-2020,156.27300,SBI Bluechip,119551
05-08-2020,156.45150,SBI Bluechip,119551
04-08-2020,156.41510,SBI Bluechip,119551
03-08-2020,156.35690,SBI Bluechip,119551
31-07-2020,156.29080,SBI Bluechip,119551
30-07-2020,156.13850,SBI Bluechip,119551
29-07-2020,156.06980,SBI Bluechip,119551
28-07-2020,156.02340,SBI Bluechip,119551
27-07-2020,156.14190,SBI Bluechip,119551
24-07-2020,156.23630,SBI Bluechip,119551
23-07-2020,156.22610,SBI Bluechip,119551
22-07-2020,156.14620,SBI Bluechip,119551
21-07-2020,156.21800,SBI Bluechip,119551
20-07-2020,156.31200,SBI Bluechip,119551
17-07-2020,156.22610,SBI Bluechip,119551
16-07-2020,156.16830,SBI Bluechip,119551
15-07-2020,156.13320,SBI Bluechip,119551
14-07-2020,155.93690,SBI Bluechip,119551
13-07-2020,156.03070,SBI Bluechip,119551
10-07-2020,155.92900,SBI Bluechip,119551
09-07-2020,155.61120,SBI Bluechip,119551
08-07-2020,155.49590,SBI Bluechip,119551
07-07-2020,155.22080,SBI Bluechip,119551
06-07-2020,154.97990,SBI Bluechip,119551
03-07-2020,154.76280,SBI Bluechip,119551
02-07-2020,154.63810,SBI Bluechip,119551
01-07-2020,154.47070,SBI Bluechip,119551
30-06-2020,154.34070,SBI Bluechip,119551
29-06-2020,154.19540,SBI Bluechip,119551
26-06-2020,154.03840,SBI Bluechip,119551
25-06-2020,153.86580,SBI Bluechip,119551
24-06-2020,153.68710,SBI Bluechip,119551
23-06-2020,153.66610,SBI Bluechip,119551
22-06-2020,153.43800,SBI Bluechip,119551
19-06-2020,153.27920,SBI Bluechip,119551
18-06-2020,152.99420,SBI Bluechip,119551
17-06-2020,152.68730,SBI Bluechip,119551
16-06-2020,152.46300,SBI Bluechip,119551
15-06-2020,152.29220,SBI Bluechip,119551
12-06-2020,152.12020,SBI Bluechip,119551
11-06-2020,152.07970,SBI Bluechip,119551
10-06-2020,151.92850,SBI Bluechip,119551
09-06-2020,151.83230,SBI Bluechip,119551
08-06-2020,151.75450,SBI Bluechip,119551
05-06-2020,151.79470,SBI Bluechip,119551
04-06-2020,151.71440,SBI Bluechip,119551
03-06-2020,151.72910,SBI Bluechip,119551
02-06-2020,151.58870,SBI Bluechip,119551
01-06-2020,151.70270,SBI Bluechip,119551
29-05-2020,151.84580,SBI Bluechip,119551
28-05-2020,151.84990,SBI Bluechip,119551
27-05-2020,151.88310,SBI Bluechip,119551
26-05-2020,151.91230,SBI Bluechip,119551
22-05-2020,151.83500,SBI Bluechip,119551
21-05-2020,151.15680,SBI Bluechip,119551
20-05-2020,151.03470,SBI Bluechip,119551
19-05-2020,150.89980,SBI Bluechip,119551
18-05-2020,150.73750,SBI Bluechip,119551
15-05-2020,150.54830,SBI Bluechip,119551
14-05-2020,150.54970,SBI Bluechip,119551
13-05-2020,150.16330,SBI Bluechip,119551
12-05-2020,149.96870,SBI Bluechip,119551
11-05-2020,149.66990,SBI Bluechip,119551
08-05-2020,150.13260,SBI Bluechip,119551
06-05-2020,149.85490,SBI Bluechip,119551
05-05-2020,149.42290,SBI Bluechip,119551
04-05-2020,149.08550,SBI Bluechip,119551
30-04-2020,148.65560,SBI Bluechip,119551
29-04-2020,148.54900,SBI Bluechip,119551
28-04-2020,148.51480,SBI Bluechip,119551
27-04-2020,148.69220,SBI Bluechip,119551
24-04-2020,148.66470,SBI Bluechip,119551
23-04-2020,149.55270,SBI Bluechip,119551
22-04-2020,149.07930,SBI Bluechip,119551
21-04-2020,149.02120,SBI Bluechip,119551
20-04-2020,148.72010,SBI Bluechip,119551
17-04-2020,147.94700,SBI Bluechip,119551
16-04-2020,147.12390,SBI Bluechip,119551
15-04-2020,146.86330,SBI Bluechip,119551
13-04-2020,146.57850,SBI Bluechip,119551
09-04-2020,146.41960,SBI Bluechip,119551
08-04-2020,146.41120,SBI Bluechip,119551
07-04-2020,147.17690,SBI Bluechip,119551
03-04-2020,147.88150,SBI Bluechip,119551
31-03-2020,148.17090,SBI Bluechip,119551
30-03-2020,147.69880,SBI Bluechip,119551
27-03-2020,147.85100,SBI Bluechip,119551
26-03-2020,144.17960,SBI Bluechip,119551
24-03-2020,143.83040,SBI Bluechip,119551
23-03-2020,143.71940,SBI Bluechip,119551
20-03-2020,144.62720,SBI Bluechip,119551
19-03-2020,143.97650,SBI Bluechip,119551
18-03-2020,145.17790,SBI Bluechip,119551
17-03-2020,145.77960,SBI Bluechip,119551
16-03-2020,146.38570,SBI Bluechip,119551
13-03-2020,146.42480,SBI Bluechip,119551
12-03-2020,147.13020,SBI Bluechip,119551
11-03-2020,147.92990,SBI Bluechip,119551
09-03-2020,148.19110,SBI Bluechip,119551
06-03-2020,148.22000,SBI Bluechip,119551
05-03-2020,148.03900,SBI Bluechip,119551
04-03-2020,148.06480,SBI Bluechip,119551
03-03-2020,147.64570,SBI Bluechip,119551
02-03-2020,147.61980,SBI Bluechip,119551
28-02-2020,147.54200,SBI Bluechip,119551
27-02-2020,147.67830,SBI Bluechip,119551
26-02-2020,147.76810,SBI Bluechip,119551
25-02-2020,157.04230,SBI Bluechip,119551
24-02-2020,157.11050,SBI Bluechip,119551
20-02-2020,156.93530,SBI Bluechip,119551
18-02-2020,156.94440,SBI Bluechip,119551
17-02-2020,157.01240,SBI Bluechip,119551
14-02-2020,156.82800,SBI Bluechip,119551
13-02-2020,156.72330,SBI Bluechip,119551
12-02-2020,156.55160,SBI Bluechip,119551
11-02-2020,156.55810,SBI Bluechip,119551
10-02-2020,156.51380,SBI Bluechip,119551
07-02-2020,156.36270,SBI Bluechip,119551
06-02-2020,155.91820,SBI Bluechip,119551
05-02-2020,155.37680,SBI Bluechip,119551
04-02-2020,155.35870,SBI Bluechip,119551
03-02-2020,155.24320,SBI Bluechip,119551
31-01-2020,154.93920,SBI Bluechip,119551
30-01-2020,154.91460,SBI Bluechip,119551
29-01-2020,154.89040,SBI Bluechip,119551
28-01-2020,154.92020,SBI Bluechip,119551
27-01-2020,154.87030,SBI Bluechip,119551
24-01-2020,154.74900,SBI Bluechip,119551
23-01-2020,154.67140,SBI Bluechip,119551
22-01-2020,154.59030,SBI Bluechip,119551
21-01-2020,154.47760,SBI Bluechip,119551
20-01-2020,154.42280,SBI Bluechip,119551
17-01-2020,154.32490,SBI Bluechip,119551
16-01-2020,154.27130,SBI Bluechip,119551
15-01-2020,154.18890,SBI Bluechip,119551
14-01-2020,154.11510,SBI Bluechip,119551
13-01-2020,154.23620,SBI Bluechip,119551
10-01-2020,154.16720,SBI Bluechip,119551
09-01-2020,154.22020,SBI Bluechip,119551
08-01-2020,154.12700,SBI Bluechip,119551
07-01-2020,154.07510,SBI Bluechip,119551
06-01-2020,154.00360,SBI Bluechip,119551
03-01-2020,154.03230,SBI Bluechip,119551
02-01-2020,153.87420,SBI Bluechip,119551
01-01-2020,153.81930,SBI Bluechip,119551
31-12-2019,153.70540,SBI Bluechip,119551
30-12-2019,153.70100,SBI Bluechip,119551
27-12-2019,153.63460,SBI Bluechip,119551
26-12-2019,153.55760,SBI Bluechip,119551
24-12-2019,153.56260,SBI Bluechip,119551
23-12-2019,153.55370,SBI Bluechip,119551
20-12-2019,153.45720,SBI Bluechip,119551
19-12-2019,153.15260,SBI Bluechip,119551
18-12-2019,153.13370,SBI Bluechip,119551
17-12-2019,153.03460,SBI Bluechip,119551
16-12-2019,152.98140,SBI Bluechip,119551
13-12-2019,152.85760,SBI Bluechip,119551
12-12-2019,152.96820,SBI Bluechip,119551
11-12-2019,152.98320,SBI Bluechip,119551
10-12-2019,153.07380,SBI Bluechip,119551
09-12-2019,153.11830,SBI Bluechip,119551
06-12-2019,153.14050,SBI Bluechip,119551
05-12-2019,153.24830,SBI Bluechip,119551
04-12-2019,153.74050,SBI Bluechip,119551
03-12-2019,153.62590,SBI Bluechip,119551
02-12-2019,153.60460,SBI Bluechip,119551
29-11-2019,153.53810,SBI Bluechip,119551
28-11-2019,153.49340,SBI Bluechip,119551
27-11-2019,153.39030,SBI Bluechip,119551
26-11-2019,153.34850,SBI Bluechip,119551
25-11-2019,153.29600,SBI Bluechip,119551
22-11-2019,153.14360,SBI Bluechip,119551
21-11-2019,153.09270,SBI Bluechip,119551
20-11-2019,153.07080,SBI Bluechip,119551
19-11-2019,152.98530,SBI Bluechip,119551
18-11-2019,152.93160,SBI Bluechip,119551
15-11-2019,152.79790,SBI Bluechip,119551
14-11-2019,152.69570,SBI Bluechip,119551
13-11-2019,152.55810,SBI Bluechip,119551
11-11-2019,152.42140,SBI Bluechip,119551
08-11-2019,152.39850,SBI Bluechip,119551
07-11-2019,152.49110,SBI Bluechip,119551
06-11-2019,152.46070,SBI Bluechip,119551
05-11-2019,152.46920,SBI Bluechip,119551
04-11-2019,152.49010,SBI Bluechip,119551
01-11-2019,152.42850,SBI Bluechip,119551
31-10-2019,152.33240,SBI Bluechip,119551
30-10-2019,152.10720,SBI Bluechip,119551
29-10-2019,151.96500,SBI Bluechip,119551
25-10-2019,151.84330,SBI Bluechip,119551
24-10-2019,151.78960,SBI Bluechip,119551
23-10-2019,151.69740,SBI Bluechip,119551
22-10-2019,151.56320,SBI Bluechip,119551
18-10-2019,151.40290,SBI Bluechip,119551
17-10-2019,151.26600,SBI Bluechip,119551
16-10-2019,151.22890,SBI Bluechip,119551
15-10-2019,151.12940,SBI Bluechip,119551
14-10-2019,151.06760,SBI Bluechip,119551
11-10-2019,150.93800,SBI Bluechip,119551
10-10-2019,150.89650,SBI Bluechip,119551
09-10-2019,150.86100,SBI Bluechip,119551
07-10-2019,150.80640,SBI Bluechip,119551
04-10-2019,150.72870,SBI Bluechip,119551
03-10-2019,150.79360,SBI Bluechip,119551
01-10-2019,150.58120,SBI Bluechip,119551
30-09-2019,150.45390,SBI Bluechip,119551
27-09-2019,150.22310,SBI Bluechip,119551
26-09-2019,150.20390,SBI Bluechip,119551
25-09-2019,150.17310,SBI Bluechip,119551
24-09-2019,150.15030,SBI Bluechip,119551
23-09-2019,150.17780,SBI Bluechip,119551
20-09-2019,150.09930,SBI Bluechip,119551
19-09-2019,150.68280,SBI Bluechip,119551
18-09-2019,150.61910,SBI Bluechip,119551
17-09-2019,150.36880,SBI Bluechip,119551
16-09-2019,150.44760,SBI Bluechip,119551
13-09-2019,150.49370,SBI Bluechip,119551
12-09-2019,150.38280,SBI Bluechip,119551
11-09-2019,150.47970,SBI Bluechip,119551
09-09-2019,150.57780,SBI Bluechip,119551
06-09-2019,150.34140,SBI Bluechip,119551
05-09-2019,150.40760,SBI Bluechip,119551
04-09-2019,150.49060,SBI Bluechip,119551
03-09-2019,150.40880,SBI Bluechip,119551
30-08-2019,150.10760,SBI Bluechip,119551
29-08-2019,150.06250,SBI Bluechip,119551
28-08-2019,150.19140,SBI Bluechip,119551
27-08-2019,150.24960,SBI Bluechip,119551
26-08-2019,150.24180,SBI Bluechip,119551
23-08-2019,149.93470,SBI Bluechip,119551
22-08-2019,149.84040,SBI Bluechip,119551
21-08-2019,149.67650,SBI Bluechip,119551
20-08-2019,149.48640,SBI Bluechip,119551
19-08-2019,149.37300,SBI Bluechip,119551
16-08-2019,149.33110,SBI Bluechip,119551
14-08-2019,149.08090,SBI Bluechip,119551
13-08-2019,149.45110,SBI Bluechip,119551
09-08-2019,149.42480,SBI Bluechip,119551
08-08-2019,149.68430,SBI Bluechip,119551
07-08-2019,149.55770,SBI Bluechip,119551
06-08-2019,149.41470,SBI Bluechip,119551
05-08-2019,149.21550,SBI Bluechip,119551
02-08-2019,149.37240,SBI Bluechip,119551
01-08-2019,149.03670,SBI Bluechip,119551
31-07-2019,149.05120,SBI Bluechip,119551
30-07-2019,148.89200,SBI Bluechip,119551
29-07-2019,148.74870,SBI Bluechip,119551
26-07-2019,148.37040,SBI Bluechip,119551
25-07-2019,148.34130,SBI Bluechip,119551
24-07-2019,148.68580,SBI Bluechip,119551
23-07-2019,148.60970,SBI Bluechip,119551
22-07-2019,148.71740,SBI Bluechip,119551
19-07-2019,148.85420,SBI Bluechip,119551
18-07-2019,148.81090,SBI Bluechip,119551
17-07-2019,148.87780,SBI Bluechip,119551
16-07-2019,148.91020,SBI Bluechip,119551
15-07-2019,148.56780,SBI Bluechip,119551
12-07-2019,148.29440,SBI Bluechip,119551
11-07-2019,148.21660,SBI Bluechip,119551
10-07-2019,148.00340,SBI Bluechip,119551
09-07-2019,147.82280,SBI Bluechip,119551
08-07-2019,147.82770,SBI Bluechip,119551
05-07-2019,147.29720,SBI Bluechip,119551
04-07-2019,146.91340,SBI Bluechip,119551
03-07-2019,146.67800,SBI Bluechip,119551
02-07-2019,146.48170,SBI Bluechip,119551
01-07-2019,146.39030,SBI Bluechip,119551
28-06-2019,146.37970,SBI Bluechip,119551
27-06-2019,146.30610,SBI Bluechip,119551
26-06-2019,146.21510,SBI Bluechip,119551
25-06-2019,146.36630,SBI Bluechip,119551
24-06-2019,146.47710,SBI Bluechip,119551
21-06-2019,146.47450,SBI Bluechip,119551
20-06-2019,146.67960,SBI Bluechip,119551
19-06-2019,146.50250,SBI Bluechip,119551
18-06-2019,146.46540,SBI Bluechip,119551
17-06-2019,146.12230,SBI Bluechip,119551
14-06-2019,146.08700,SBI Bluechip,119551
13-06-2019,145.85170,SBI Bluechip,119551
12-06-2019,145.77500,SBI Bluechip,119551
11-06-2019,145.64040,SBI Bluechip,119551
10-06-2019,145.59550,SBI Bluechip,119551
07-06-2019,145.80350,SBI Bluechip,119551
06-06-2019,146.02950,SBI Bluechip,119551
04-06-2019,145.68430,SBI Bluechip,119551
03-06-2019,145.75480,SBI Bluechip,119551
31-05-2019,145.50410,SBI Bluechip,119551
30-05-2019,145.13120,SBI Bluechip,119551
29-05-2019,145.15870,SBI Bluechip,119551
28-05-2019,145.14180,SBI Bluechip,119551
27-05-2019,145.00110,SBI Bluechip,119551
24-05-2019,144.51000,SBI Bluechip,119551
23-05-2019,144.35380,SBI Bluechip,119551
22-05-2019,144.06460,SBI Bluechip,119551
21-05-2019,144.00030,SBI Bluechip,119551
20-05-2019,143.99760,SBI Bluechip,119551
17-05-2019,143.68870,SBI Bluechip,119551
16-05-2019,143.55460,SBI Bluechip,119551
15-05-2019,143.50380,SBI Bluechip,119551
14-05-2019,143.47830,SBI Bluechip,119551
13-05-2019,143.33460,SBI Bluechip,119551
10-05-2019,143.20790,SBI Bluechip,119551
09-05-2019,143.18000,SBI Bluechip,119551
08-05-2019,143.15040,SBI Bluechip,119551
07-05-2019,143.07870,SBI Bluechip,119551
06-05-2019,143.02010,SBI Bluechip,119551
03-05-2019,142.91620,SBI Bluechip,119551
02-05-2019,142.96690,SBI Bluechip,119551
30-04-2019,142.94620,SBI Bluechip,119551
26-04-2019,142.81160,SBI Bluechip,119551
25-04-2019,142.72540,SBI Bluechip,119551
24-04-2019,142.81700,SBI Bluechip,119551
23-04-2019,142.71700,SBI Bluechip,119551
22-04-2019,142.70990,SBI Bluechip,119551
18-04-2019,142.80030,SBI Bluechip,119551
16-04-2019,142.77550,SBI Bluechip,119551
15-04-2019,142.76280,SBI Bluechip,119551
12-04-2019,142.80540,SBI Bluechip,119551
11-04-2019,142.84710,SBI Bluechip,119551
10-04-2019,142.90460,SBI Bluechip,119551
09-04-2019,142.82980,SBI Bluechip,119551
08-04-2019,142.82290,SBI Bluechip,119551
05-04-2019,142.95770,SBI Bluechip,119551
04-04-2019,143.09930,SBI Bluechip,119551
03-04-2019,143.21600,SBI Bluechip,119551
02-04-2019,143.24540,SBI Bluechip,119551
29-03-2019,142.81430,SBI Bluechip,119551
28-03-2019,142.44400,SBI Bluechip,119551
27-03-2019,142.42660,SBI Bluechip,119551
26-03-2019,142.40630,SBI Bluechip,119551
25-03-2019,142.41710,SBI Bluechip,119551
22-03-2019,152.90060,SBI Bluechip,119551
20-03-2019,152.76990,SBI Bluechip,119551
19-03-2019,152.70050,SBI Bluechip,119551
18-03-2019,152.74120,SBI Bluechip,119551
15-03-2019,152.58380,SBI Bluechip,119551
14-03-2019,152.45520,SBI Bluechip,119551
13-03-2019,152.28310,SBI Bluechip,119551
12-03-2019,152.26620,SBI Bluechip,119551
11-03-2019,152.15240,SBI Bluechip,119551
08-03-2019,151.97350,SBI Bluechip,119551
07-03-2019,151.85510,SBI Bluechip,119551
06-03-2019,151.72850,SBI Bluechip,119551
05-03-2019,151.63570,SBI Bluechip,119551
01-03-2019,151.44300,SBI Bluechip,119551
28-02-2019,151.35700,SBI Bluechip,119551
27-02-2019,151.29910,SBI Bluechip,119551
26-02-2019,151.36200,SBI Bluechip,119551
25-02-2019,151.35990,SBI Bluechip,119551
22-02-2019,151.25990,SBI Bluechip,119551
21-02-2019,151.22930,SBI Bluechip,119551
20-02-2019,151.21490,SBI Bluechip,119551
18-02-2019,151.13100,SBI Bluechip,119551
15-02-2019,151.19320,SBI Bluechip,119551
14-02-2019,151.26980,SBI Bluechip,119551
13-02-2019,151.34510,SBI Bluechip,119551
12-02-2019,151.05000,SBI Bluechip,119551
11-02-2019,151.09080,SBI Bluechip,119551
08-02-2019,151.00900,SBI Bluechip,119551
07-02-2019,150.90770,SBI Bluechip,119551
06-02-2019,150.66660,SBI Bluechip,119551
05-02-2019,150.59660,SBI Bluechip,119551
04-02-2019,150.56330,SBI Bluechip,119551
01-02-2019,150.54920,SBI Bluechip,119551
31-01-2019,150.70490,SBI Bluechip,119551
30-01-2019,150.66930,SBI Bluechip,119551
29-01-2019,150.68450,SBI Bluechip,119551
28-01-2019,150.65760,SBI Bluechip,119551
25-01-2019,150.55470,SBI Bluechip,119551
24-01-2019,150.53480,SBI Bluechip,119551
23-01-2019,150.51010,SBI Bluechip,119551
22-01-2019,150.50280,SBI Bluechip,119551
21-01-2019,150.39540,SBI Bluechip,119551
18-01-2019,150.47590,SBI Bluechip,119551
17-01-2019,150.47680,SBI Bluechip,119551
16-01-2019,150.45550,SBI Bluechip,119551
15-01-2019,150.48540,SBI Bluechip,119551
14-01-2019,150.45600,SBI Bluechip,119551
11-01-2019,150.27910,SBI Bluechip,119551
10-01-2019,150.18030,SBI Bluechip,119551
09-01-2019,150.13730,SBI Bluechip,119551
08-01-2019,150.09550,SBI Bluechip,119551
07-01-2019,149.92790,SBI Bluechip,119551
04-01-2019,149.89540,SBI Bluechip,119551
03-01-2019,149.88590,SBI Bluechip,119551
02-01-2019,149.94310,SBI Bluechip,119551
01-01-2019,149.84520,SBI Bluechip,119551
31-12-2018,149.92060,SBI Bluechip,119551
28-12-2018,149.78440,SBI Bluechip,119551
27-12-2018,149.92470,SBI Bluechip,119551
26-12-2018,149.85960,SBI Bluechip,119551
24-12-2018,149.65440,SBI Bluechip,119551
21-12-2018,149.56300,SBI Bluechip,119551
20-12-2018,149.54640,SBI Bluechip,119551
19-12-2018,149.52780,SBI Bluechip,119551
18-12-2018,149.19500,SBI Bluechip,119551
17-12-2018,149.02830,SBI Bluechip,119551
14-12-2018,148.95640,SBI Bluechip,119551
13-12-2018,149.01540,SBI Bluechip,119551
12-12-2018,149.02780,SBI Bluechip,119551
11-12-2018,148.80090,SBI Bluechip,119551
10-12-2018,148.76420,SBI Bluechip,119551
07-12-2018,149.00150,SBI Bluechip,119551
06-12-2018,149.05350,SBI Bluechip,119551
05-12-2018,148.84600,SBI Bluechip,119551
04-12-2018,148.54290,SBI Bluechip,119551
03-12-2018,148.41280,SBI Bluechip,119551
30-11-2018,148.35790,SBI Bluechip,119551
29-11-2018,148.27350,SBI Bluechip,119551
28-11-2018,148.14330,SBI Bluechip,119551
27-11-2018,147.96330,SBI Bluechip,119551
26-11-2018,147.93880,SBI Bluechip,119551
22-11-2018,147.86030,SBI Bluechip,119551
20-11-2018,147.63500,SBI Bluechip,119551
19-11-2018,147.59230,SBI Bluechip,119551
16-11-2018,147.46110,SBI Bluechip,119551
15-11-2018,147.53020,SBI Bluechip,119551
14-11-2018,147.49200,SBI Bluechip,119551
13-11-2018,147.37710,SBI Bluechip,119551
12-11-2018,147.25610,SBI Bluechip,119551
09-11-2018,147.22080,SBI Bluechip,119551
06-11-2018,147.07120,SBI Bluechip,119551
05-11-2018,147.02160,SBI Bluechip,119551
02-11-2018,146.95970,SBI Bluechip,119551
01-11-2018,146.81280,SBI Bluechip,119551
31-10-2018,146.73390,SBI Bluechip,119551
30-10-2018,146.74520,SBI Bluechip,119551
29-10-2018,146.74450,SBI Bluechip,119551
26-10-2018,146.59000,SBI Bluechip,119551
25-10-2018,146.60040,SBI Bluechip,119551
24-10-2018,146.60040,SBI Bluechip,119551
23-10-2018,146.54810,SBI Bluechip,119551
22-10-2018,146.50090,SBI Bluechip,119551
19-10-2018,146.43280,SBI Bluechip,119551
17-10-2018,146.37380,SBI Bluechip,119551
16-10-2018,146.38460,SBI Bluechip,119551
15-10-2018,146.28010,SBI Bluechip,119551
12-10-2018,146.08170,SBI Bluechip,119551
11-10-2018,146.04550,SBI Bluechip,119551
10-10-2018,145.99080,SBI Bluechip,119551
09-10-2018,145.93930,SBI Bluechip,119551
08-10-2018,146.07910,SBI Bluechip,119551
05-10-2018,145.94700,SBI Bluechip,119551
04-10-2018,145.59230,SBI Bluechip,119551
03-10-2018,145.72730,SBI Bluechip,119551
01-10-2018,145.82000,SBI Bluechip,119551
28-09-2018,145.63470,SBI Bluechip,119551
27-09-2018,145.50140,SBI Bluechip,119551
26-09-2018,145.13970,SBI Bluechip,119551
25-09-2018,145.04040,SBI Bluechip,119551
24-09-2018,145.12900,SBI Bluechip,119551
21-09-2018,145.27030,SBI Bluechip,119551
19-09-2018,145.25110,SBI Bluechip,119551
18-09-2018,145.17690,SBI Bluechip,119551
17-09-2018,145.15910,SBI Bluechip,119551
14-09-2018,145.07180,SBI Bluechip,119551
12-09-2018,144.99210,SBI Bluechip,119551
11-09-2018,144.97240,SBI Bluechip,119551
10-09-2018,145.00290,SBI Bluechip,119551
07-09-2018,145.15030,SBI Bluechip,119551
06-09-2018,145.07980,SBI Bluechip,119551
05-09-2018,145.06400,SBI Bluechip,119551
04-09-2018,145.09100,SBI Bluechip,119551
03-09-2018,145.19810,SBI Bluechip,119551
31-08-2018,145.15700,SBI Bluechip,119551
30-08-2018,145.15300,SBI Bluechip,119551
29-08-2018,145.17770,SBI Bluechip,119551
28-08-2018,145.17430,SBI Bluechip,119551
27-08-2018,145.14870,SBI Bluechip,119551
24-08-2018,145.07130,SBI Bluechip,119551
23-08-2018,145.06300,SBI Bluechip,119551
21-08-2018,145.07370,SBI Bluechip,119551
20-08-2018,145.03630,SBI Bluechip,119551
16-08-2018,144.88890,SBI Bluechip,119551
14-08-2018,144.89830,SBI Bluechip,119551
13-08-2018,144.86380,SBI Bluechip,119551
10-08-2018,144.88340,SBI Bluechip,119551
09-08-2018,144.85470,SBI Bluechip,119551
08-08-2018,144.77510,SBI Bluechip,119551
07-08-2018,144.73600,SBI Bluechip,119551
06-08-2018,144.72870,SBI Bluechip,119551
03-08-2018,144.68290,SBI Bluechip,119551
02-08-2018,144.71700,SBI Bluechip,119551
01-08-2018,144.68980,SBI Bluechip,119551
31-07-2018,144.54730,SBI Bluechip,119551
30-07-2018,144.47080,SBI Bluechip,119551
27-07-2018,144.39670,SBI Bluechip,119551
26-07-2018,144.35610,SBI Bluechip,119551
25-07-2018,144.28570,SBI Bluechip,119551
24-07-2018,144.25430,SBI Bluechip,119551
23-07-2018,144.22170,SBI Bluechip,119551
20-07-2018,144.16510,SBI Bluechip,119551
19-07-2018,144.16040,SBI Bluechip,119551
18-07-2018,144.17840,SBI Bluechip,119551
17-07-2018,144.15340,SBI Bluechip,119551
16-07-2018,144.03320,SBI Bluechip,119551
13-07-2018,143.99320,SBI Bluechip,119551
12-07-2018,143.91370,SBI Bluechip,119551
11-07-2018,143.76360,SBI Bluechip,119551
10-07-2018,143.71530,SBI Bluechip,119551
09-07-2018,143.66660,SBI Bluechip,119551
06-07-2018,143.56560,SBI Bluechip,119551
05-07-2018,143.52720,SBI Bluechip,119551
04-07-2018,143.52830,SBI Bluechip,119551
03-07-2018,143.41800,SBI Bluechip,119551
02-07-2018,143.37150,SBI Bluechip,119551
29-06-2018,143.24280,SBI Bluechip,119551
28-06-2018,143.19500,SBI Bluechip,119551
27-06-2018,143.25810,SBI Bluechip,119551
26-06-2018,143.30680,SBI Bluechip,119551
25-06-2018,143.28980,SBI Bluechip,119551
22-06-2018,143.21550,SBI Bluechip,119551
21-06-2018,143.21270,SBI Bluechip,119551
20-06-2018,143.07850,SBI Bluechip,119551
19-06-2018,142.99360,SBI Bluechip,119551
18-06-2018,142.93930,SBI Bluechip,119551
15-06-2018,142.78320,SBI Bluechip,119551
14-06-2018,142.68740,SBI Bluechip,119551
13-06-2018,142.59070,SBI Bluechip,119551
12-06-2018,142.48370,SBI Bluechip,119551
11-06-2018,142.45510,SBI Bluechip,119551
08-06-2018,142.40350,SBI Bluechip,119551
07-06-2018,142.28120,SBI Bluechip,119551
06-06-2018,142.39720,SBI Bluechip,119551
05-06-2018,142.46650,SBI Bluechip,119551
04-06-2018,142.39980,SBI Bluechip,119551
01-06-2018,142.36740,SBI Bluechip,119551
31-05-2018,142.42000,SBI Bluechip,119551
30-05-2018,142.52960,SBI Bluechip,119551
29-05-2018,142.47260,SBI Bluechip,119551
28-05-2018,142.42240,SBI Bluechip,119551
25-05-2018,142.24870,SBI Bluechip,119551
24-05-2018,142.11650,SBI Bluechip,119551
23-05-2018,142.13570,SBI Bluechip,119551
22-05-2018,142.14720,SBI Bluechip,119551
21-05-2018,142.11740,SBI Bluechip,119551
18-05-2018,142.08570,SBI Bluechip,119551
17-05-2018,141.90050,SBI Bluechip,119551
16-05-2018,141.95750,SBI Bluechip,119551
15-05-2018,142.09140,SBI Bluechip,119551
14-05-2018,142.23980,SBI Bluechip,119551
11-05-2018,142.28570,SBI Bluechip,119551
10-05-2018,142.30770,SBI Bluechip,119551
09-05-2018,142.35630,SBI Bluechip,119551
08-05-2018,142.51870,SBI Bluechip,119551
07-05-2018,142.48080,SBI Bluechip,119551
04-05-2018,142.31650,SBI Bluechip,119551
03-05-2018,142.31790,SBI Bluechip,119551
02-05-2018,142.30150,SBI Bluechip,119551
27-04-2018,142.07840,SBI Bluechip,119551
26-04-2018,142.11090,SBI Bluechip,119551
25-04-2018,142.21850,SBI Bluechip,119551
24-04-2018,142.35690,SBI Bluechip,119551
23-04-2018,142.37970,SBI Bluechip,119551
20-04-2018,142.38180,SBI Bluechip,119551
19-04-2018,142.58170,SBI Bluechip,119551
18-04-2018,142.80350,SBI Bluechip,119551
17-04-2018,142.90280,SBI Bluechip,119551
16-04-2018,142.90830,SBI Bluechip,119551
13-04-2018,142.85960,SBI Bluechip,119551
12-04-2018,142.81230,SBI Bluechip,119551
11-04-2018,142.78920,SBI Bluechip,119551
10-04-2018,142.98380,SBI Bluechip,119551
09-04-2018,143.18510,SBI Bluechip,119551
06-04-2018,143.15330,SBI Bluechip,119551
05-04-2018,143.12750,SBI Bluechip,119551
04-04-2018,142.73820,SBI Bluechip,119551
03-04-2018,142.74280,SBI Bluechip,119551
28-03-2018,142.43920,SBI Bluechip,119551
27-03-2018,142.35560,SBI Bluechip,119551
26-03-2018,141.85800,SBI Bluechip,119551
23-03-2018,141.82720,SBI Bluechip,119551
22-03-2018,141.78480,SBI Bluechip,119551
21-03-2018,141.73910,SBI Bluechip,119551
20-03-2018,141.72690,SBI Bluechip,119551
19-03-2018,141.71480,SBI Bluechip,119551
16-03-2018,141.69120,SBI Bluechip,119551
15-03-2018,141.48730,SBI Bluechip,119551
14-03-2018,141.36860,SBI Bluechip,119551
13-03-2018,141.35170,SBI Bluechip,119551
12-03-2018,141.27100,SBI Bluechip,119551
09-03-2018,141.09640,SBI Bluechip,119551
08-03-2018,141.08820,SBI Bluechip,119551
07-03-2018,140.98030,SBI Bluechip,119551
06-03-2018,140.77000,SBI Bluechip,119551
05-03-2018,140.72650,SBI Bluechip,119551
01-03-2018,140.62430,SBI Bluechip,119551
28-02-2018,140.64120,SBI Bluechip,119551
27-02-2018,140.64900,SBI Bluechip,119551
26-02-2018,149.99220,SBI Bluechip,119551
23-02-2018,149.94910,SBI Bluechip,119551
22-02-2018,149.81580,SBI Bluechip,119551
21-02-2018,149.93030,SBI Bluechip,119551
20-02-2018,149.96960,SBI Bluechip,119551
16-02-2018,150.00150,SBI Bluechip,119551
15-02-2018,149.97650,SBI Bluechip,119551
14-02-2018,150.07410,SBI Bluechip,119551
12-02-2018,149.99620,SBI Bluechip,119551
09-02-2018,149.91180,SBI Bluechip,119551
08-02-2018,149.89990,SBI Bluechip,119551
07-02-2018,149.75710,SBI Bluechip,119551
06-02-2018,149.61090,SBI Bluechip,119551
05-02-2018,149.54190,SBI Bluechip,119551
02-02-2018,149.47660,SBI Bluechip,119551
01-02-2018,149.43090,SBI Bluechip,119551
31-01-2018,149.73540,SBI Bluechip,119551
30-01-2018,149.69440,SBI Bluechip,119551
29-01-2018,149.72640,SBI Bluechip,119551
25-01-2018,149.74980,SBI Bluechip,119551
24-01-2018,149.78300,SBI Bluechip,119551
23-01-2018,149.80590,SBI Bluechip,119551
22-01-2018,149.69420,SBI Bluechip,119551
19-01-2018,149.62470,SBI Bluechip,119551
18-01-2018,149.60570,SBI Bluechip,119551
17-01-2018,149.65530,SBI Bluechip,119551
16-01-2018,149.44000,SBI Bluechip,119551
15-01-2018,149.60090,SBI Bluechip,119551
12-01-2018,149.48910,SBI Bluechip,119551
11-01-2018,149.47690,SBI Bluechip,119551
10-01-2018,149.49190,SBI Bluechip,119551
09-01-2018,149.63760,SBI Bluechip,119551
08-01-2018,149.66300,SBI Bluechip,119551
05-01-2018,149.61290,SBI Bluechip,119551
04-01-2018,149.45620,SBI Bluechip,119551
03-01-2018,149.50110,SBI Bluechip,119551
02-01-2018,149.47850,SBI Bluechip,119551
01-01-2018,149.46350,SBI Bluechip,119551
29-12-2017,149.45450,SBI Bluechip,119551
28-12-2017,149.11130,SBI Bluechip,119551
27-12-2017,149.31570,SBI Bluechip,119551
26-12-2017,149.28640,SBI Bluechip,119551
22-12-2017,149.27930,SBI Bluechip,119551
21-12-2017,149.36990,SBI Bluechip,119551
20-12-2017,149.44740,SBI Bluechip,119551
19-12-2017,149.55900,SBI Bluechip,119551
18-12-2017,149.52920,SBI Bluechip,119551
15-12-2017,149.48530,SBI Bluechip,119551
14-12-2017,149.50760,SBI Bluechip,119551
13-12-2017,149.49220,SBI Bluechip,119551
12-12-2017,149.54400,SBI Bluechip,119551
11-12-2017,149.59620,SBI Bluechip,119551
08-12-2017,149.67010,SBI Bluechip,119551
07-12-2017,149.66870,SBI Bluechip,119551
06-12-2017,149.66360,SBI Bluechip,119551
05-12-2017,149.60150,SBI Bluechip,119551
04-12-2017,149.57040,SBI Bluechip,119551
30-11-2017,149.49130,SBI Bluechip,119551
29-11-2017,149.47370,SBI Bluechip,119551
28-11-2017,149.43710,SBI Bluechip,119551
27-11-2017,149.41310,SBI Bluechip,119551
24-11-2017,149.37080,SBI Bluechip,119551
23-11-2017,149.35810,SBI Bluechip,119551
22-11-2017,149.42990,SBI Bluechip,119551
21-11-2017,149.57410,SBI Bluechip,119551
20-11-2017,149.56770,SBI Bluechip,119551
17-11-2017,149.22270,SBI Bluechip,119551
16-11-2017,149.13550,SBI Bluechip,119551
15-11-2017,149.26530,SBI Bluechip,119551
14-11-2017,149.20090,SBI Bluechip,119551
13-11-2017,149.39460,SBI Bluechip,119551
10-11-2017,149.34390,SBI Bluechip,119551
09-11-2017,149.33500,SBI Bluechip,119551
08-11-2017,149.29640,SBI Bluechip,119551
07-11-2017,149.28450,SBI Bluechip,119551
06-11-2017,149.33440,SBI Bluechip,119551
03-11-2017,149.29350,SBI Bluechip,119551
02-11-2017,149.24230,SBI Bluechip,119551
01-11-2017,149.18720,SBI Bluechip,119551
31-10-2017,149.16600,SBI Bluechip,119551
30-10-2017,149.10950,SBI Bluechip,119551
27-10-2017,149.11600,SBI Bluechip,119551
26-10-2017,149.10890,SBI Bluechip,119551
25-10-2017,149.07570,SBI Bluechip,119551
24-10-2017,149.08720,SBI Bluechip,119551
23-10-2017,149.02990,SBI Bluechip,119551
18-10-2017,148.99330,SBI Bluechip,119551
17-10-2017,148.97250,SBI Bluechip,119551
16-10-2017,148.95570,SBI Bluechip,119551
13-10-2017,148.84950,SBI Bluechip,119551
12-10-2017,148.72480,SBI Bluechip,119551
11-10-2017,148.69580,SBI Bluechip,119551
10-10-2017,148.65060,SBI Bluechip,119551
09-10-2017,148.61130,SBI Bluechip,119551
06-10-2017,148.57440,SBI Bluechip,119551
05-10-2017,148.57830,SBI Bluechip,119551
04-10-2017,148.63510,SBI Bluechip,119551
03-10-2017,148.72050,SBI Bluechip,119551
29-09-2017,148.49100,SBI Bluechip,119551
28-09-2017,148.48350,SBI Bluechip,119551
27-09-2017,148.37670,SBI Bluechip,119551
26-09-2017,148.36200,SBI Bluechip,119551
25-09-2017,148.43710,SBI Bluechip,119551
22-09-2017,148.26490,SBI Bluechip,119551
21-09-2017,148.28420,SBI Bluechip,119551
20-09-2017,148.53430,SBI Bluechip,119551
19-09-2017,148.48970,SBI Bluechip,119551
18-09-2017,148.44660,SBI Bluechip,119551
15-09-2017,148.43650,SBI Bluechip,119551
14-09-2017,148.46310,SBI Bluechip,119551
13-09-2017,148.44460,SBI Bluechip,119551
12-09-2017,148.48000,SBI Bluechip,119551
11-09-2017,148.51330,SBI Bluechip,119551
08-09-2017,148.47060,SBI Bluechip,119551
07-09-2017,148.48210,SBI Bluechip,119551
06-09-2017,148.49730,SBI Bluechip,119551
05-09-2017,148.44610,SBI Bluechip,119551
04-09-2017,148.44190,SBI Bluechip,119551
01-09-2017,148.35900,SBI Bluechip,119551
31-08-2017,148.18100,SBI Bluechip,119551
30-08-2017,148.10910,SBI Bluechip,119551
29-08-2017,148.09330,SBI Bluechip,119551
28-08-2017,148.02220,SBI Bluechip,119551
24-08-2017,147.94500,SBI Bluechip,119551
23-08-2017,147.91460,SBI Bluechip,119551
22-08-2017,147.90180,SBI Bluechip,119551
21-08-2017,147.90300,SBI Bluechip,119551
18-08-2017,147.81820,SBI Bluechip,119551
16-08-2017,147.70530,SBI Bluechip,119551
14-08-2017,147.70870,SBI Bluechip,119551
11-08-2017,147.65610,SBI Bluechip,119551
10-08-2017,147.67440,SBI Bluechip,119551
09-08-2017,147.72440,SBI Bluechip,119551
08-08-2017,147.70570,SBI Bluechip,119551
07-08-2017,147.68210,SBI Bluechip,119551
04-08-2017,147.64950,SBI Bluechip,119551
03-08-2017,147.62120,SBI Bluechip,119551
02-08-2017,147.33590,SBI Bluechip,119551
01-08-2017,147.26540,SBI Bluechip,119551
31-07-2017,147.19810,SBI Bluechip,119551
28-07-2017,147.16040,SBI Bluechip,119551
27-07-2017,147.17080,SBI Bluechip,119551
26-07-2017,147.09970,SBI Bluechip,119551
25-07-2017,147.13730,SBI Bluechip,119551
24-07-2017,147.13280,SBI Bluechip,119551
21-07-2017,146.98210,SBI Bluechip,119551
20-07-2017,146.81570,SBI Bluechip,119551
19-07-2017,146.76680,SBI Bluechip,119551
18-07-2017,146.67890,SBI Bluechip,119551
17-07-2017,146.61410,SBI Bluechip,119551
14-07-2017,146.48020,SBI Bluechip,119551
13-07-2017,146.45680,SBI Bluechip,119551
12-07-2017,146.38240,SBI Bluechip,119551
11-07-2017,146.31050,SBI Bluechip,119551
10-07-2017,146.24430,SBI Bluechip,119551
07-07-2017,145.98880,SBI Bluechip,119551
06-07-2017,145.93710,SBI Bluechip,119551
05-07-2017,145.84980,SBI Bluechip,119551
04-07-2017,145.75820,SBI Bluechip,119551
03-07-2017,145.66630,SBI Bluechip,119551
30-06-2017,145.83940,SBI Bluechip,119551
29-06-2017,145.84760,SBI Bluechip,119551
28-06-2017,145.84910,SBI Bluechip,119551
27-06-2017,145.94490,SBI Bluechip,119551
23-06-2017,145.88130,SBI Bluechip,119551
22-06-2017,145.87350,SBI Bluechip,119551
21-06-2017,145.88890,SBI Bluechip,119551
20-06-2017,145.80160,SBI Bluechip,119551
19-06-2017,145.77420,SBI Bluechip,119551
16-06-2017,145.67980,SBI Bluechip,119551
15-06-2017,145.69790,SBI Bluechip,119551
14-06-2017,145.66070,SBI Bluechip,119551
13-06-2017,145.64030,SBI Bluechip,119551
12-06-2017,145.53410,SBI Bluechip,119551
09-06-2017,145.44470,SBI Bluechip,119551
08-06-2017,145.33160,SBI Bluechip,119551
07-06-2017,144.95070,SBI Bluechip,119551
06-06-2017,144.57010,SBI Bluechip,119551
05-06-2017,144.54090,SBI Bluechip,119551
02-06-2017,144.49500,SBI Bluechip,119551
01-06-2017,144.43770,SBI Bluechip,119551
31-05-2017,144.25260,SBI Bluechip,119551
30-05-2017,144.16950,SBI Bluechip,119551
29-05-2017,144.13900,SBI Bluechip,119551
26-05-2017,144.13900,SBI Bluechip,119551
25-05-2017,144.01820,SBI Bluechip,119551
24-05-2017,143.90930,SBI Bluechip,119551
23-05-2017,143.86820,SBI Bluechip,119551
22-05-2017,143.78990,SBI Bluechip,119551
19-05-2017,143.61110,SBI Bluechip,119551
18-05-2017,143.59920,SBI Bluechip,119551
17-05-2017,143.56830,SBI Bluechip,119551
16-05-2017,143.54360,SBI Bluechip,119551
15-05-2017,143.57180,SBI Bluechip,119551
12-05-2017,143.19100,SBI Bluechip,119551
11-05-2017,143.07820,SBI Bluechip,119551
09-05-2017,143.02250,SBI Bluechip,119551
08-05-2017,143.01710,SBI Bluechip,119551
05-05-2017,142.88810,SBI Bluechip,119551
04-05-2017,142.78100,SBI Bluechip,119551
03-05-2017,142.78040,SBI Bluechip,119551
02-05-2017,142.72610,SBI Bluechip,119551
28-04-2017,142.70910,SBI Bluechip,119551
27-04-2017,142.71180,SBI Bluechip,119551
26-04-2017,142.70880,SBI Bluechip,119551
25-04-2017,142.83760,SBI Bluechip,119551
24-04-2017,142.70630,SBI Bluechip,119551
21-04-2017,142.63450,SBI Bluechip,119551
20-04-2017,142.79910,SBI Bluechip,119551
19-04-2017,142.79660,SBI Bluechip,119551
18-04-2017,142.65250,SBI Bluechip,119551
17-04-2017,142.63170,SBI Bluechip,119551
13-04-2017,142.58440,SBI Bluechip,119551
12-04-2017,142.41960,SBI Bluechip,119551
11-04-2017,142.25570,SBI Bluechip,119551
10-04-2017,142.07210,SBI Bluechip,119551
07-04-2017,141.97490,SBI Bluechip,119551
06-04-2017,142.03440,SBI Bluechip,119551
05-04-2017,142.45600,SBI Bluechip,119551
03-04-2017,142.49100,SBI Bluechip,119551
31-03-2017,142.33650,SBI Bluechip,119551
30-03-2017,142.27010,SBI Bluechip,119551
29-03-2017,142.14050,SBI Bluechip,119551
27-03-2017,142.17020,SBI Bluechip,119551
24-03-2017,141.77960,SBI Bluechip,119551
23-03-2017,141.73410,SBI Bluechip,119551
22-03-2017,141.64410,SBI Bluechip,119551
21-03-2017,141.15670,SBI Bluechip,119551
20-03-2017,141.04270,SBI Bluechip,119551
17-03-2017,141.01340,SBI Bluechip,119551
16-03-2017,141.01100,SBI Bluechip,119551
15-03-2017,140.88030,SBI Bluechip,119551
14-03-2017,140.44760,SBI Bluechip,119551
10-03-2017,140.36020,SBI Bluechip,119551
09-03-2017,140.59250,SBI Bluechip,119551
08-03-2017,140.62170,SBI Bluechip,119551
07-03-2017,140.67150,SBI Bluechip,119551
06-03-2017,140.72140,SBI Bluechip,119551
03-03-2017,140.89390,SBI Bluechip,119551
02-03-2017,140.69310,SBI Bluechip,119551
01-03-2017,140.62910,SBI Bluechip,119551
28-02-2017,140.87850,SBI Bluechip,119551
27-02-2017,140.86120,SBI Bluechip,119551
23-02-2017,140.65600,SBI Bluechip,119551
22-02-2017,140.54820,SBI Bluechip,119551
20-02-2017,140.72010,SBI Bluechip,119551
17-02-2017,140.85440,SBI Bluechip,119551
16-02-2017,140.85500,SBI Bluechip,119551
15-02-2017,140.74250,SBI Bluechip,119551
14-02-2017,140.67690,SBI Bluechip,119551
13-02-2017,140.77410,SBI Bluechip,119551
10-02-2017,140.69580,SBI Bluechip,119551
09-02-2017,140.39610,SBI Bluechip,119551
08-02-2017,141.04980,SBI Bluechip,119551
07-02-2017,142.84260,SBI Bluechip,119551
06-02-2017,142.86730,SBI Bluechip,119551
03-02-2017,142.84110,SBI Bluechip,119551
02-02-2017,142.84980,SBI Bluechip,119551
01-02-2017,142.70800,SBI Bluechip,119551
31-01-2017,142.65130,SBI Bluechip,119551
30-01-2017,142.64240,SBI Bluechip,119551
27-01-2017,142.58030,SBI Bluechip,119551
25-01-2017,142.50210,SBI Bluechip,119551
24-01-2017,142.42360,SBI Bluechip,119551
23-01-2017,142.36200,SBI Bluechip,119551
20-01-2017,142.29400,SBI Bluechip,119551
19-01-2017,142.25840,SBI Bluechip,119551
18-01-2017,142.34670,SBI Bluechip,119551
17-01-2017,142.40580,SBI Bluechip,119551
16-01-2017,142.32470,SBI Bluechip,119551
13-01-2017,142.34550,SBI Bluechip,119551
12-01-2017,142.43830,SBI Bluechip,119551
11-01-2017,142.25590,SBI Bluechip,119551
10-01-2017,142.22260,SBI Bluechip,119551
09-01-2017,142.19570,SBI Bluechip,119551
06-01-2017,142.16450,SBI Bluechip,119551
05-01-2017,142.16620,SBI Bluechip,119551
04-01-2017,142.18840,SBI Bluechip,119551
03-01-2017,141.86370,SBI Bluechip,119551
02-01-2017,142.01280,SBI Bluechip,119551
30-12-2016,141.06530,SBI Bluechip,119551
29-12-2016,140.85390,SBI Bluechip,119551
28-12-2016,140.47990,SBI Bluechip,119551
27-12-2016,140.46350,SBI Bluechip,119551
26-12-2016,140.57630,SBI Bluechip,119551
23-12-2016,140.75400,SBI Bluechip,119551
22-12-2016,140.89220,SBI Bluechip,119551
21-12-2016,141.11870,SBI Bluechip,119551
20-12-2016,141.05140,SBI Bluechip,119551
19-12-2016,140.97310,SBI Bluechip,119551
16-12-2016,140.91440,SBI Bluechip,119551
15-12-2016,140.95430,SBI Bluechip,119551
14-12-2016,141.49950,SBI Bluechip,119551
13-12-2016,141.41490,SBI Bluechip,119551
09-12-2016,141.26740,SBI Bluechip,119551
08-12-2016,141.32800,SBI Bluechip,119551
07-12-2016,141.47590,SBI Bluechip,119551
06-12-2016,142.77470,SBI Bluechip,119551
05-12-2016,142.67270,SBI Bluechip,119551
02-12-2016,142.55390,SBI Bluechip,119551
01-12-2016,142.66780,SBI Bluechip,119551
30-11-2016,142.54170,SBI Bluechip,119551
29-11-2016,142.22120,SBI Bluechip,119551
28-11-2016,142.32860,SBI Bluechip,119551
25-11-2016,142.79660,SBI Bluechip,119551
24-11-2016,142.94180,SBI Bluechip,119551
23-11-2016,142.37940,SBI Bluechip,119551
22-11-2016,142.06140,SBI Bluechip,119551
21-11-2016,142.00130,SBI Bluechip,119551
18-11-2016,141.21160,SBI Bluechip,119551
17-11-2016,141.29570,SBI Bluechip,119551
16-11-2016,141.21510,SBI Bluechip,119551
15-11-2016,140.63120,SBI Bluechip,119551
11-11-2016,139.58130,SBI Bluechip,119551
10-11-2016,139.76690,SBI Bluechip,119551
09-11-2016,139.53530,SBI Bluechip,119551
08-11-2016,139.02890,SBI Bluechip,119551
07-11-2016,138.93420,SBI Bluechip,119551
04-11-2016,138.84350,SBI Bluechip,119551
03-11-2016,138.90470,SBI Bluechip,119551
02-11-2016,138.92010,SBI Bluechip,119551
01-11-2016,138.92850,SBI Bluechip,119551
28-10-2016,138.90020,SBI Bluechip,119551
27-10-2016,138.89320,SBI Bluechip,119551
26-10-2016,138.93240,SBI Bluechip,119551
25-10-2016,138.91700,SBI Bluechip,119551
24-10-2016,138.98920,SBI Bluechip,119551
21-10-2016,138.92520,SBI Bluechip,119551
20-10-2016,138.92000,SBI Bluechip,119551
19-10-2016,138.96860,SBI Bluechip,119551
18-10-2016,138.97710,SBI Bluechip,119551
17-10-2016,138.86960,SBI Bluechip,119551
14-10-2016,138.85840,SBI Bluechip,119551
13-10-2016,138.97110,SBI Bluechip,119551
10-10-2016,139.00350,SBI Bluechip,119551
07-10-2016,138.77640,SBI Bluechip,119551
06-10-2016,138.89240,SBI Bluechip,119551
05-10-2016,138.92680,SBI Bluechip,119551
04-10-2016,138.50070,SBI Bluechip,119551
03-10-2016,138.24150,SBI Bluechip,119551
30-09-2016,137.86650,SBI Bluechip,119551
29-09-2016,137.73070,SBI Bluechip,119551
28-09-2016,138.02840,SBI Bluechip,119551
27-09-2016,137.94700,SBI Bluechip,119551
26-09-2016,137.83240,SBI Bluechip,119551
23-09-2016,137.56010,SBI Bluechip,119551
22-09-2016,137.42410,SBI Bluechip,119551
21-09-2016,137.09700,SBI Bluechip,119551
20-09-2016,136.99860,SBI Bluechip,119551
19-09-2016,137.01390,SBI Bluechip,119551
16-09-2016,136.97100,SBI Bluechip,119551
15-09-2016,136.89260,SBI Bluechip,119551
14-09-2016,136.82190,SBI Bluechip,119551
12-09-2016,136.85000,SBI Bluechip,119551
09-09-2016,136.90630,SBI Bluechip,119551
08-09-2016,136.85890,SBI Bluechip,119551
07-09-2016,136.79790,SBI Bluechip,119551
06-09-2016,136.54100,SBI Bluechip,119551
02-09-2016,136.35170,SBI Bluechip,119551
01-09-2016,136.35840,SBI Bluechip,119551
31-08-2016,136.35150,SBI Bluechip,119551
30-08-2016,136.31200,SBI Bluechip,119551
29-08-2016,136.22050,SBI Bluechip,119551
26-08-2016,136.07430,SBI Bluechip,119551
25-08-2016,136.02960,SBI Bluechip,119551
24-08-2016,135.91120,SBI Bluechip,119551
23-08-2016,135.75060,SBI Bluechip,119551
22-08-2016,135.71830,SBI Bluechip,119551
19-08-2016,135.86870,SBI Bluechip,119551
18-08-2016,135.73430,SBI Bluechip,119551
16-08-2016,135.89020,SBI Bluechip,119551
12-08-2016,135.81820,SBI Bluechip,119551
11-08-2016,135.82910,SBI Bluechip,119551
10-08-2016,135.58380,SBI Bluechip,119551
09-08-2016,135.36060,SBI Bluechip,119551
08-08-2016,135.03870,SBI Bluechip,119551
05-08-2016,134.93770,SBI Bluechip,119551
04-08-2016,134.86550,SBI Bluechip,119551
03-08-2016,134.73770,SBI Bluechip,119551
02-08-2016,134.84880,SBI Bluechip,119551
01-08-2016,134.97120,SBI Bluechip,119551
29-07-2016,134.73250,SBI Bluechip,119551
28-07-2016,134.59850,SBI Bluechip,119551
27-07-2016,134.17880,SBI Bluechip,119551
26-07-2016,134.15310,SBI Bluechip,119551
25-07-2016,134.09890,SBI Bluechip,119551
22-07-2016,133.96220,SBI Bluechip,119551
21-07-2016,133.85440,SBI Bluechip,119551
20-07-2016,133.74950,SBI Bluechip,119551
19-07-2016,133.61340,SBI Bluechip,119551
18-07-2016,133.48250,SBI Bluechip,119551
15-07-2016,133.46580,SBI Bluechip,119551
14-07-2016,133.39270,SBI Bluechip,119551
13-07-2016,133.32120,SBI Bluechip,119551
12-07-2016,133.01560,SBI Bluechip,119551
11-07-2016,132.68350,SBI Bluechip,119551
08-07-2016,132.56790,SBI Bluechip,119551
07-07-2016,132.51120,SBI Bluechip,119551
05-07-2016,132.38580,SBI Bluechip,119551
04-07-2016,132.14920,SBI Bluechip,119551
01-07-2016,132.04590,SBI Bluechip,119551
30-06-2016,131.86460,SBI Bluechip,119551
29-06-2016,131.80080,SBI Bluechip,119551
28-06-2016,131.70770,SBI Bluechip,119551
27-06-2016,131.66530,SBI Bluechip,119551
24-06-2016,131.48750,SBI Bluechip,119551
23-06-2016,131.46810,SBI Bluechip,119551
22-06-2016,131.40240,SBI Bluechip,119551
21-06-2016,131.31680,SBI Bluechip,119551
20-06-2016,131.24550,SBI Bluechip,119551
17-06-2016,131.19830,SBI Bluechip,119551
16-06-2016,131.16480,SBI Bluechip,119551
15-06-2016,131.08800,SBI Bluechip,119551
14-06-2016,131.04720,SBI Bluechip,119551
13-06-2016,131.01260,SBI Bluechip,119551
10-06-2016,131.03280,SBI Bluechip,119551
09-06-2016,131.00600,SBI Bluechip,119551
08-06-2016,130.97130,SBI Bluechip,119551
07-06-2016,130.94980,SBI Bluechip,119551
06-06-2016,130.94180,SBI Bluechip,119551
03-06-2016,130.80970,SBI Bluechip,119551
02-06-2016,130.77460,SBI Bluechip,119551
01-06-2016,130.73440,SBI Bluechip,119551
31-05-2016,130.75490,SBI Bluechip,119551
30-05-2016,130.74410,SBI Bluechip,119551
27-05-2016,130.66150,SBI Bluechip,119551
26-05-2016,130.63260,SBI Bluechip,119551
25-05-2016,130.63250,SBI Bluechip,119551
24-05-2016,130.60430,SBI Bluechip,119551
23-05-2016,130.57550,SBI Bluechip,119551
20-05-2016,130.46140,SBI Bluechip,119551
19-05-2016,130.48210,SBI Bluechip,119551
18-05-2016,130.42250,SBI Bluechip,119551
17-05-2016,130.44130,SBI Bluechip,119551
16-05-2016,130.42600,SBI Bluechip,119551
13-05-2016,130.35280,SBI Bluechip,119551
12-05-2016,130.37100,SBI Bluechip,119551
11-05-2016,130.30160,SBI Bluechip,119551
10-05-2016,130.26170,SBI Bluechip,119551
09-05-2016,130.21630,SBI Bluechip,119551
06-05-2016,130.09720,SBI Bluechip,119551
05-05-2016,130.07020,SBI Bluechip,119551
04-05-2016,130.03530,SBI Bluechip,119551
03-05-2016,129.97190,SBI Bluechip,119551
02-05-2016,129.97650,SBI Bluechip,119551
29-04-2016,129.91190,SBI Bluechip,119551
28-04-2016,129.84050,SBI Bluechip,119551
27-04-2016,129.79930,SBI Bluechip,119551
26-04-2016,129.77970,SBI Bluechip,119551
25-04-2016,129.77230,SBI Bluechip,119551
22-04-2016,129.71550,SBI Bluechip,119551
21-04-2016,129.63560,SBI Bluechip,119551
20-04-2016,129.76010,SBI Bluechip,119551
18-04-2016,129.75200,SBI Bluechip,119551
13-04-2016,129.55950,SBI Bluechip,119551
12-04-2016,129.68580,SBI Bluechip,119551
11-04-2016,129.60380,SBI Bluechip,119551
07-04-2016,129.34940,SBI Bluechip,119551
06-04-2016,129.19030,SBI Bluechip,119551
05-04-2016,129.08310,SBI Bluechip,119551
04-04-2016,129.03800,SBI Bluechip,119551
31-03-2016,128.57890,SBI Bluechip,119551
30-03-2016,128.26530,SBI Bluechip,119551
29-03-2016,128.23410,SBI Bluechip,119551
28-03-2016,128.31030,SBI Bluechip,119551
23-03-2016,128.06750,SBI Bluechip,119551
22-03-2016,128.05790,SBI Bluechip,119551
21-03-2016,128.05430,SBI Bluechip,119551
18-03-2016,127.76730,SBI Bluechip,119551
17-03-2016,127.71240,SBI Bluechip,119551
16-03-2016,127.37190,SBI Bluechip,119551
15-03-2016,127.18870,SBI Bluechip,119551
14-03-2016,127.03520,SBI Bluechip,119551
11-03-2016,126.76530,SBI Bluechip,119551
10-03-2016,126.72300,SBI Bluechip,119551
09-03-2016,126.66950,SBI Bluechip,119551
08-03-2016,126.61890,SBI Bluechip,119551
04-03-2016,126.49230,SBI Bluechip,119551
03-03-2016,126.26710,SBI Bluechip,119551
02-03-2016,126.32900,SBI Bluechip,119551
01-03-2016,126.32150,SBI Bluechip,119551
29-02-2016,126.22030,SBI Bluechip,119551
26-02-2016,125.12140,SBI Bluechip,119551
25-02-2016,124.94900,SBI Bluechip,119551
24-02-2016,125.25910,SBI Bluechip,119551
23-02-2016,125.34080,SBI Bluechip,119551
22-02-2016,125.62620,SBI Bluechip,119551
18-02-2016,125.69480,SBI Bluechip,119551
17-02-2016,125.62370,SBI Bluechip,119551
16-02-2016,125.71490,SBI Bluechip,119551
15-02-2016,125.87460,SBI Bluechip,119551
12-02-2016,125.92540,SBI Bluechip,119551
11-02-2016,125.95170,SBI Bluechip,119551
10-02-2016,125.95920,SBI Bluechip,119551
09-02-2016,125.93700,SBI Bluechip,119551
08-02-2016,125.95960,SBI Bluechip,119551
05-02-2016,125.92070,SBI Bluechip,119551
04-02-2016,125.84280,SBI Bluechip,119551
03-02-2016,125.74660,SBI Bluechip,119551
02-02-2016,125.80900,SBI Bluechip,119551
01-02-2016,125.99330,SBI Bluechip,119551
29-01-2016,125.96320,SBI Bluechip,119551
28-01-2016,125.85120,SBI Bluechip,119551
27-01-2016,125.89250,SBI Bluechip,119551
25-01-2016,125.80710,SBI Bluechip,119551
22-01-2016,125.81760,SBI Bluechip,119551
21-01-2016,125.88650,SBI Bluechip,119551
20-01-2016,125.73540,SBI Bluechip,119551
19-01-2016,125.63690,SBI Bluechip,119551
18-01-2016,125.49310,SBI Bluechip,119551
15-01-2016,125.44980,SBI Bluechip,119551
14-01-2016,125.55270,SBI Bluechip,119551
13-01-2016,125.60790,SBI Bluechip,119551
12-01-2016,125.65910,SBI Bluechip,119551
11-01-2016,125.72590,SBI Bluechip,119551
08-01-2016,125.71460,SBI Bluechip,119551
07-01-2016,125.66480,SBI Bluechip,119551
06-01-2016,125.58420,SBI Bluechip,119551
05-01-2016,125.53800,SBI Bluechip,119551
04-01-2016,125.46950,SBI Bluechip,119551
01-01-2016,125.33590,SBI Bluechip,119551
31-12-2015,125.20200,SBI Bluechip,119551
30-12-2015,125.18000,SBI Bluechip,119551
29-12-2015,125.09700,SBI Bluechip,119551
28-12-2015,125.10040,SBI Bluechip,119551
23-12-2015,125.01510,SBI Bluechip,119551
22-12-2015,124.89580,SBI Bluechip,119551
21-12-2015,124.82600,SBI Bluechip,119551
18-12-2015,124.87840,SBI Bluechip,119551
17-12-2015,124.93780,SBI Bluechip,119551
16-12-2015,124.85200,SBI Bluechip,119551
15-12-2015,124.67360,SBI Bluechip,119551
14-12-2015,124.66570,SBI Bluechip,119551
11-12-2015,124.70110,SBI Bluechip,119551
10-12-2015,124.67870,SBI Bluechip,119551
09-12-2015,124.65780,SBI Bluechip,119551
08-12-2015,124.63560,SBI Bluechip,119551
07-12-2015,124.71850,SBI Bluechip,119551
04-12-2015,124.67200,SBI Bluechip,119551
03-12-2015,124.79280,SBI Bluechip,119551
02-12-2015,124.62930,SBI Bluechip,119551
01-12-2015,124.62880,SBI Bluechip,119551
30-11-2015,124.44190,SBI Bluechip,119551
27-11-2015,124.42300,SBI Bluechip,119551
26-11-2015,124.51720,SBI Bluechip,119551
24-11-2015,124.52150,SBI Bluechip,119551
23-11-2015,124.45230,SBI Bluechip,119551
20-11-2015,124.42880,SBI Bluechip,119551
19-11-2015,124.50050,SBI Bluechip,119551
18-11-2015,124.47310,SBI Bluechip,119551
17-11-2015,124.47100,SBI Bluechip,119551
16-11-2015,124.50390,SBI Bluechip,119551
13-11-2015,124.41460,SBI Bluechip,119551
10-11-2015,124.23600,SBI Bluechip,119551
09-11-2015,124.13460,SBI Bluechip,119551
06-11-2015,124.19270,SBI Bluechip,119551
05-11-2015,124.19020,SBI Bluechip,119551
04-11-2015,124.23330,SBI Bluechip,119551
03-11-2015,124.28940,SBI Bluechip,119551
02-11-2015,124.27710,SBI Bluechip,119551
30-10-2015,124.15710,SBI Bluechip,119551
29-10-2015,124.15960,SBI Bluechip,119551
28-10-2015,124.21620,SBI Bluechip,119551
27-10-2015,124.14430,SBI Bluechip,119551
26-10-2015,124.08840,SBI Bluechip,119551
23-10-2015,124.10650,SBI Bluechip,119551
21-10-2015,124.04590,SBI Bluechip,119551
20-10-2015,124.05610,SBI Bluechip,119551
19-10-2015,124.01580,SBI Bluechip,119551
16-10-2015,123.94230,SBI Bluechip,119551
15-10-2015,123.92720,SBI Bluechip,119551
14-10-2015,123.86120,SBI Bluechip,119551
13-10-2015,123.79510,SBI Bluechip,119551
12-10-2015,123.75320,SBI Bluechip,119551
09-10-2015,123.80760,SBI Bluechip,119551
08-10-2015,123.75080,SBI Bluechip,119551
07-10-2015,123.67030,SBI Bluechip,119551
06-10-2015,123.70490,SBI Bluechip,119551
05-10-2015,123.71020,SBI Bluechip,119551
01-10-2015,123.42360,SBI Bluechip,119551
30-09-2015,123.48890,SBI Bluechip,119551
29-09-2015,123.10530,SBI Bluechip,119551
28-09-2015,122.45580,SBI Bluechip,119551
24-09-2015,122.36720,SBI Bluechip,119551
23-09-2015,122.32060,SBI Bluechip,119551
22-09-2015,122.31740,SBI Bluechip,119551
21-09-2015,122.33800,SBI Bluechip,119551
18-09-2015,122.26480,SBI Bluechip,119551
16-09-2015,121.97890,SBI Bluechip,119551
15-09-2015,121.98580,SBI Bluechip,119551
14-09-2015,121.95310,SBI Bluechip,119551
11-09-2015,121.84020,SBI Bluechip,119551
10-09-2015,121.81090,SBI Bluechip,119551
09-09-2015,121.88330,SBI Bluechip,119551
08-09-2015,121.82810,SBI Bluechip,119551
07-09-2015,121.74020,SBI Bluechip,119551
04-09-2015,121.79760,SBI Bluechip,119551
03-09-2015,121.83440,SBI Bluechip,119551
02-09-2015,121.85920,SBI Bluechip,119551
01-09-2015,121.85450,SBI Bluechip,119551
31-08-2015,121.72550,SBI Bluechip,119551
28-08-2015,121.68800,SBI Bluechip,119551
27-08-2015,121.68480,SBI Bluechip,119551
26-08-2015,121.57380,SBI Bluechip,119551
25-08-2015,121.47630,SBI Bluechip,119551
24-08-2015,121.28770,SBI Bluechip,119551
21-08-2015,121.54750,SBI Bluechip,119551
20-08-2015,121.65680,SBI Bluechip,119551
19-08-2015,121.60680,SBI Bluechip,119551
17-08-2015,121.54070,SBI Bluechip,119551
14-08-2015,121.47230,SBI Bluechip,119551
13-08-2015,121.39350,SBI Bluechip,119551
12-08-2015,121.18460,SBI Bluechip,119551
11-08-2015,121.15020,SBI Bluechip,119551
10-08-2015,121.12340,SBI Bluechip,119551
07-08-2015,120.99620,SBI Bluechip,119551
06-08-2015,120.97920,SBI Bluechip,119551
05-08-2015,120.86400,SBI Bluechip,119551
04-08-2015,120.84810,SBI Bluechip,119551
03-08-2015,120.91920,SBI Bluechip,119551
31-07-2015,120.85800,SBI Bluechip,119551
30-07-2015,120.77730,SBI Bluechip,119551
29-07-2015,120.77680,SBI Bluechip,119551
28-07-2015,120.70530,SBI Bluechip,119551
27-07-2015,120.50740,SBI Bluechip,119551
24-07-2015,120.41100,SBI Bluechip,119551
23-07-2015,120.41420,SBI Bluechip,119551
22-07-2015,120.32860,SBI Bluechip,119551
21-07-2015,120.27420,SBI Bluechip,119551
20-07-2015,120.22700,SBI Bluechip,119551
17-07-2015,120.19740,SBI Bluechip,119551
16-07-2015,120.14740,SBI Bluechip,119551
15-07-2015,120.13710,SBI Bluechip,119551
14-07-2015,120.09990,SBI Bluechip,119551
13-07-2015,119.95440,SBI Bluechip,119551
10-07-2015,120.14840,SBI Bluechip,119551
09-07-2015,120.09640,SBI Bluechip,119551
08-07-2015,120.07590,SBI Bluechip,119551
07-07-2015,120.04190,SBI Bluechip,119551
06-07-2015,120.05810,SBI Bluechip,119551
03-07-2015,119.86120,SBI Bluechip,119551
02-07-2015,119.75380,SBI Bluechip,119551
01-07-2015,119.64280,SBI Bluechip,119551
30-06-2015,119.46280,SBI Bluechip,119551
29-06-2015,119.33890,SBI Bluechip,119551
26-06-2015,119.51920,SBI Bluechip,119551
25-06-2015,119.45680,SBI Bluechip,119551
24-06-2015,119.58600,SBI Bluechip,119551
23-06-2015,119.72420,SBI Bluechip,119551
22-06-2015,119.76310,SBI Bluechip,119551
19-06-2015,119.76100,SBI Bluechip,119551
18-06-2015,119.50560,SBI Bluechip,119551
17-06-2015,119.15690,SBI Bluechip,119551
16-06-2015,118.93960,SBI Bluechip,119551
15-06-2015,119.02900,SBI Bluechip,119551
12-06-2015,118.85570,SBI Bluechip,119551
11-06-2015,118.89860,SBI Bluechip,119551
10-06-2015,119.09100,SBI Bluechip,119551
09-06-2015,119.19890,SBI Bluechip,119551
08-06-2015,119.06290,SBI Bluechip,119551
05-06-2015,119.03470,SBI Bluechip,119551
04-06-2015,118.91510,SBI Bluechip,119551
03-06-2015,119.09940,SBI Bluechip,119551
02-06-2015,119.19820,SBI Bluechip,119551
01-06-2015,119.54160,SBI Bluechip,119551
29-05-2015,119.44590,SBI Bluechip,119551
28-05-2015,119.33670,SBI Bluechip,119551
27-05-2015,119.23610,SBI Bluechip,119551
26-05-2015,119.19810,SBI Bluechip,119551
25-05-2015,119.21950,SBI Bluechip,119551
22-05-2015,119.16410,SBI Bluechip,119551
21-05-2015,119.09620,SBI Bluechip,119551
20-05-2015,119.06250,SBI Bluechip,119551
19-05-2015,119.00420,SBI Bluechip,119551
18-05-2015,118.82770,SBI Bluechip,119551
15-05-2015,118.63800,SBI Bluechip,119551
14-05-2015,118.59840,SBI Bluechip,119551
13-05-2015,118.57960,SBI Bluechip,119551
12-05-2015,118.59490,SBI Bluechip,119551
11-05-2015,118.67100,SBI Bluechip,119551
08-05-2015,118.38580,SBI Bluechip,119551
07-05-2015,118.37600,SBI Bluechip,119551
06-05-2015,118.61480,SBI Bluechip,119551
05-05-2015,118.73490,SBI Bluechip,119551
30-04-2015,118.63870,SBI Bluechip,119551
29-04-2015,118.76760,SBI Bluechip,119551
28-04-2015,118.82140,SBI Bluechip,119551
27-04-2015,118.79810,SBI Bluechip,119551
24-04-2015,118.74240,SBI Bluechip,119551
23-04-2015,118.75520,SBI Bluechip,119551
22-04-2015,118.78330,SBI Bluechip,119551
21-04-2015,118.71990,SBI Bluechip,119551
20-04-2015,118.66960,SBI Bluechip,119551
17-04-2015,118.60160,SBI Bluechip,119551
16-04-2015,118.60220,SBI Bluechip,119551
15-04-2015,118.58480,SBI Bluechip,119551
13-04-2015,118.53030,SBI Bluechip,119551
10-04-2015,118.44270,SBI Bluechip,119551
09-04-2015,118.42020,SBI Bluechip,119551
08-04-2015,118.32010,SBI Bluechip,119551
07-04-2015,118.34260,SBI Bluechip,119551
06-04-2015,118.33590,SBI Bluechip,119551
31-03-2015,118.05380,SBI Bluechip,119551
30-03-2015,117.87810,SBI Bluechip,119551
27-03-2015,117.78880,SBI Bluechip,119551
26-03-2015,117.73660,SBI Bluechip,119551
25-03-2015,117.72100,SBI Bluechip,119551
24-03-2015,117.70140,SBI Bluechip,119551
23-03-2015,117.66340,SBI Bluechip,119551
20-03-2015,117.61670,SBI Bluechip,119551
19-03-2015,117.54220,SBI Bluechip,119551
18-03-2015,117.47130,SBI Bluechip,119551
17-03-2015,117.48120,SBI Bluechip,119551
16-03-2015,117.42570,SBI Bluechip,119551
13-03-2015,117.35570,SBI Bluechip,119551
12-03-2015,117.47670,SBI Bluechip,119551
11-03-2015,117.41200,SBI Bluechip,119551
10-03-2015,117.42240,SBI Bluechip,119551
09-03-2015,117.44900,SBI Bluechip,119551
05-03-2015,117.48220,SBI Bluechip,119551
04-03-2015,117.44920,SBI Bluechip,119551
03-03-2015,117.21020,SBI Bluechip,119551
02-03-2015,117.25850,SBI Bluechip,119551
27-02-2015,117.18730,SBI Bluechip,119551
26-02-2015,117.13160,SBI Bluechip,119551
25-02-2015,117.13600,SBI Bluechip,119551
24-02-2015,117.07140,SBI Bluechip,119551
23-02-2015,116.99840,SBI Bluechip,119551
20-02-2015,116.92740,SBI Bluechip,119551
18-02-2015,116.85880,SBI Bluechip,119551
16-02-2015,116.82230,SBI Bluechip,119551
13-02-2015,116.74520,SBI Bluechip,119551
12-02-2015,116.65460,SBI Bluechip,119551
11-02-2015,116.66900,SBI Bluechip,119551
10-02-2015,116.66390,SBI Bluechip,119551
09-02-2015,116.64280,SBI Bluechip,119551
06-02-2015,116.63820,SBI Bluechip,119551
05-02-2015,116.63970,SBI Bluechip,119551
04-02-2015,116.64010,SBI Bluechip,119551
03-02-2015,116.69520,SBI Bluechip,119551
02-02-2015,116.77160,SBI Bluechip,119551
30-01-2015,116.59220,SBI Bluechip,119551
29-01-2015,116.58300,SBI Bluechip,119551
28-01-2015,116.54740,SBI Bluechip,119551
27-01-2015,116.48960,SBI Bluechip,119551
23-01-2015,116.41460,SBI Bluechip,119551
22-01-2015,116.38110,SBI Bluechip,119551
21-01-2015,116.34560,SBI Bluechip,119551
20-01-2015,116.25270,SBI Bluechip,119551
19-01-2015,116.24300,SBI Bluechip,119551
16-01-2015,116.15790,SBI Bluechip,119551
15-01-2015,115.99380,SBI Bluechip,119551
14-01-2015,115.61120,SBI Bluechip,119551
13-01-2015,115.58740,SBI Bluechip,119551
12-01-2015,115.42150,SBI Bluechip,119551
09-01-2015,115.21790,SBI Bluechip,119551
08-01-2015,115.15340,SBI Bluechip,119551
07-01-2015,115.09640,SBI Bluechip,119551
06-01-2015,115.00980,SBI Bluechip,119551
05-01-2015,115.06970,SBI Bluechip,119551
02-01-2015,115.02980,SBI Bluechip,119551
01-01-2015,115.06220,SBI Bluechip,119551
31-12-2014,115.02560,SBI Bluechip,119551
30-12-2014,114.91080,SBI Bluechip,119551
29-12-2014,114.75350,SBI Bluechip,119551
26-12-2014,114.59730,SBI Bluechip,119551
24-12-2014,114.57590,SBI Bluechip,119551
23-12-2014,114.60220,SBI Bluechip,119551
22-12-2014,114.50610,SBI Bluechip,119551
19-12-2014,114.41160,SBI Bluechip,119551
18-12-2014,114.49560,SBI Bluechip,119551
17-12-2014,114.33810,SBI Bluechip,119551
16-12-2014,114.34270,SBI Bluechip,119551
15-12-2014,114.88480,SBI Bluechip,119551
12-12-2014,114.79090,SBI Bluechip,119551
11-12-2014,114.65190,SBI Bluechip,119551
10-12-2014,114.55320,SBI Bluechip,119551
09-12-2014,114.60750,SBI Bluechip,119551
08-12-2014,114.52290,SBI Bluechip,119551
05-12-2014,114.42920,SBI Bluechip,119551
04-12-2014,114.37500,SBI Bluechip,119551
03-12-2014,114.37390,SBI Bluechip,119551
02-12-2014,114.33390,SBI Bluechip,119551
01-12-2014,114.03670,SBI Bluechip,119551
28-11-2014,113.88380,SBI Bluechip,119551
27-11-2014,113.68670,SBI Bluechip,119551
26-11-2014,113.66320,SBI Bluechip,119551
25-11-2014,113.63790,SBI Bluechip,119551
24-11-2014,113.57940,SBI Bluechip,119551
21-11-2014,113.50650,SBI Bluechip,119551
20-11-2014,113.48230,SBI Bluechip,119551
19-11-2014,113.44180,SBI Bluechip,119551
18-11-2014,113.41020,SBI Bluechip,119551
17-11-2014,113.33740,SBI Bluechip,119551
14-11-2014,113.18210,SBI Bluechip,119551
13-11-2014,113.16620,SBI Bluechip,119551
12-11-2014,113.28630,SBI Bluechip,119551
11-11-2014,113.23300,SBI Bluechip,119551
10-11-2014,113.21580,SBI Bluechip,119551
07-11-2014,113.06310,SBI Bluechip,119551
05-11-2014,113.00000,SBI Bluechip,119551
03-11-2014,112.74130,SBI Bluechip,119551
31-10-2014,112.54900,SBI Bluechip,119551
30-10-2014,112.38740,SBI Bluechip,119551
29-10-2014,112.25630,SBI Bluechip,119551
28-10-2014,112.18000,SBI Bluechip,119551
27-10-2014,112.08150,SBI Bluechip,119551
22-10-2014,111.86280,SBI Bluechip,119551
21-10-2014,111.78590,SBI Bluechip,119551
20-10-2014,111.67530,SBI Bluechip,119551
17-10-2014,111.51840,SBI Bluechip,119551
16-10-2014,111.49890,SBI Bluechip,119551
14-10-2014,111.30320,SBI Bluechip,119551
13-10-2014,111.16500,SBI Bluechip,119551
10-10-2014,111.07320,SBI Bluechip,119551
09-10-2014,110.94220,SBI Bluechip,119551
08-10-2014,110.98170,SBI Bluechip,119551
07-10-2014,110.87800,SBI Bluechip,119551
01-10-2014,110.63790,SBI Bluechip,119551
30-09-2014,110.60840,SBI Bluechip,119551
29-09-2014,110.60580,SBI Bluechip,119551
26-09-2014,110.58130,SBI Bluechip,119551
25-09-2014,110.44430,SBI Bluechip,119551
24-09-2014,110.40040,SBI Bluechip,119551
23-09-2014,110.36100,SBI Bluechip,119551
22-09-2014,110.33060,SBI Bluechip,119551
19-09-2014,110.20160,SBI Bluechip,119551
18-09-2014,110.15370,SBI Bluechip,119551
17-09-2014,110.04950,SBI Bluechip,119551
16-09-2014,109.99020,SBI Bluechip,119551
15-09-2014,109.96410,SBI Bluechip,119551
12-09-2014,109.89220,SBI Bluechip,119551
11-09-2014,109.85460,SBI Bluechip,119551
10-09-2014,109.82440,SBI Bluechip,119551
09-09-2014,109.72100,SBI Bluechip,119551
08-09-2014,109.81630,SBI Bluechip,119551
05-09-2014,109.69850,SBI Bluechip,119551
04-09-2014,109.64730,SBI Bluechip,119551
03-09-2014,109.61660,SBI Bluechip,119551
02-09-2014,109.54480,SBI Bluechip,119551
01-09-2014,109.51160,SBI Bluechip,119551
28-08-2014,109.39340,SBI Bluechip,119551
27-08-2014,109.36550,SBI Bluechip,119551
26-08-2014,109.29610,SBI Bluechip,119551
25-08-2014,109.25960,SBI Bluechip,119551
22-08-2014,109.21920,SBI Bluechip,119551
21-08-2014,109.17910,SBI Bluechip,119551
20-08-2014,109.19900,SBI Bluechip,119551
19-08-2014,109.13810,SBI Bluechip,119551
14-08-2014,108.98880,SBI Bluechip,119551
13-08-2014,108.94530,SBI Bluechip,119551
12-08-2014,108.85410,SBI Bluechip,119551
11-08-2014,108.82970,SBI Bluechip,119551
08-08-2014,108.72790,SBI Bluechip,119551
07-08-2014,108.74860,SBI Bluechip,119551
06-08-2014,108.69270,SBI Bluechip,119551
05-08-2014,108.77450,SBI Bluechip,119551
04-08-2014,108.86730,SBI Bluechip,119551
01-08-2014,108.78490,SBI Bluechip,119551
31-07-2014,108.80840,SBI Bluechip,119551
30-07-2014,108.75810,SBI Bluechip,119551
28-07-2014,108.76960,SBI Bluechip,119551
25-07-2014,108.71790,SBI Bluechip,119551
24-07-2014,108.69620,SBI Bluechip,119551
23-07-2014,108.57460,SBI Bluechip,119551
22-07-2014,108.47120,SBI Bluechip,119551
21-07-2014,108.37940,SBI Bluechip,119551
18-07-2014,108.25550,SBI Bluechip,119551
17-07-2014,108.21750,SBI Bluechip,119551
16-07-2014,108.13620,SBI Bluechip,119551
15-07-2014,108.06040,SBI Bluechip,119551
14-07-2014,107.98540,SBI Bluechip,119551
11-07-2014,108.11370,SBI Bluechip,119551
10-07-2014,108.42490,SBI Bluechip,119551
09-07-2014,108.41510,SBI Bluechip,119551
08-07-2014,108.38780,SBI Bluechip,119551
07-07-2014,108.38980,SBI Bluechip,119551
04-07-2014,108.33240,SBI Bluechip,119551
03-07-2014,108.27740,SBI Bluechip,119551
02-07-2014,108.25100,SBI Bluechip,119551
30-06-2014,108.12110,SBI Bluechip,119551
27-06-2014,108.02110,SBI Bluechip,119551
26-06-2014,108.01950,SBI Bluechip,119551
25-06-2014,107.95520,SBI Bluechip,119551
24-06-2014,107.90860,SBI Bluechip,119551
23-06-2014,107.87910,SBI Bluechip,119551
20-06-2014,107.85020,SBI Bluechip,119551
19-06-2014,107.90160,SBI Bluechip,119551
18-06-2014,107.94890,SBI Bluechip,119551
17-06-2014,107.94260,SBI Bluechip,119551
16-06-2014,107.95360,SBI Bluechip,119551
13-06-2014,107.97600,SBI Bluechip,119551
12-06-2014,107.92280,SBI Bluechip,119551
11-06-2014,107.87610,SBI Bluechip,119551
10-06-2014,107.87800,SBI Bluechip,119551
09-06-2014,107.87670,SBI Bluechip,119551
06-06-2014,107.74080,SBI Bluechip,119551
05-06-2014,107.65290,SBI Bluechip,119551
04-06-2014,107.52220,SBI Bluechip,119551
03-06-2014,107.42310,SBI Bluechip,119551
02-06-2014,107.23600,SBI Bluechip,119551
30-05-2014,107.19050,SBI Bluechip,119551
29-05-2014,107.10210,SBI Bluechip,119551
28-05-2014,107.04960,SBI Bluechip,119551
27-05-2014,107.03650,SBI Bluechip,119551
26-05-2014,106.97840,SBI Bluechip,119551
23-05-2014,106.93160,SBI Bluechip,119551
22-05-2014,106.75370,SBI Bluechip,119551
21-05-2014,106.66860,SBI Bluechip,119551
20-05-2014,106.58990,SBI Bluechip,119551
19-05-2014,106.58390,SBI Bluechip,119551
16-05-2014,106.57800,SBI Bluechip,119551
15-05-2014,106.37100,SBI Bluechip,119551
13-05-2014,106.27730,SBI Bluechip,119551
12-05-2014,106.28300,SBI Bluechip,119551
09-05-2014,106.15080,SBI Bluechip,119551
08-05-2014,106.04860,SBI Bluechip,119551
07-05-2014,106.02970,SBI Bluechip,119551
06-05-2014,106.00900,SBI Bluechip,119551
05-05-2014,105.98590,SBI Bluechip,119551
02-05-2014,105.79090,SBI Bluechip,119551
30-04-2014,105.69580,SBI Bluechip,119551
29-04-2014,105.60080,SBI Bluechip,119551
28-04-2014,105.51570,SBI Bluechip,119551
25-04-2014,105.45190,SBI Bluechip,119551
23-04-2014,105.38950,SBI Bluechip,119551
22-04-2014,105.32310,SBI Bluechip,119551
21-04-2014,105.15030,SBI Bluechip,119551
17-04-2014,104.97280,SBI Bluechip,119551
16-04-2014,104.97900,SBI Bluechip,119551
15-04-2014,104.89730,SBI Bluechip,119551
11-04-2014,104.79610,SBI Bluechip,119551
10-04-2014,104.70790,SBI Bluechip,119551
09-04-2014,104.69260,SBI Bluechip,119551
07-04-2014,104.67080,SBI Bluechip,119551
04-04-2014,104.61730,SBI Bluechip,119551
03-04-2014,104.66130,SBI Bluechip,119551
02-04-2014,104.64590,SBI Bluechip,119551
31-03-2014,104.74030,SBI Bluechip,119551
28-03-2014,104.64080,SBI Bluechip,119551
27-03-2014,104.42450,SBI Bluechip,119551
26-03-2014,104.39340,SBI Bluechip,119551
25-03-2014,104.43190,SBI Bluechip,119551
24-03-2014,104.30350,SBI Bluechip,119551
21-03-2014,104.20690,SBI Bluechip,119551
20-03-2014,104.09720,SBI Bluechip,119551
19-03-2014,104.09160,SBI Bluechip,119551
18-03-2014,104.06190,SBI Bluechip,119551
14-03-2014,103.95640,SBI Bluechip,119551
13-03-2014,103.92020,SBI Bluechip,119551
12-03-2014,103.85630,SBI Bluechip,119551
11-03-2014,103.85330,SBI Bluechip,119551
10-03-2014,103.74600,SBI Bluechip,119551
07-03-2014,103.63530,SBI Bluechip,119551
06-03-2014,103.58590,SBI Bluechip,119551
05-03-2014,103.55150,SBI Bluechip,119551
04-03-2014,103.49220,SBI Bluechip,119551
03-03-2014,103.48790,SBI Bluechip,119551
28-02-2014,103.76460,SBI Bluechip,119551
26-02-2014,103.70810,SBI Bluechip,119551
25-02-2014,103.68700,SBI Bluechip,119551
24-02-2014,103.66260,SBI Bluechip,119551
21-02-2014,103.59270,SBI Bluechip,119551
20-02-2014,103.56670,SBI Bluechip,119551
18-02-2014,103.50590,SBI Bluechip,119551
17-02-2014,103.48210,SBI Bluechip,119551
14-02-2014,103.78500,SBI Bluechip,119551
13-02-2014,103.75940,SBI Bluechip,119551
12-02-2014,103.74870,SBI Bluechip,119551
11-02-2014,103.72730,SBI Bluechip,119551
10-02-2014,103.70390,SBI Bluechip,119551
07-02-2014,103.63640,SBI Bluechip,119551
06-02-2014,103.61570,SBI Bluechip,119551
05-02-2014,103.58060,SBI Bluechip,119551
04-02-2014,103.55330,SBI Bluechip,119551
03-02-2014,103.52230,SBI Bluechip,119551
31-01-2014,103.44290,SBI Bluechip,119551
30-01-2014,103.42590,SBI Bluechip,119551
29-01-2014,103.41180,SBI Bluechip,119551
28-01-2014,103.67570,SBI Bluechip,119551
27-01-2014,103.67180,SBI Bluechip,119551
24-01-2014,103.60080,SBI Bluechip,119551
23-01-2014,103.57920,SBI Bluechip,119551
22-01-2014,103.55320,SBI Bluechip,119551
21-01-2014,103.53050,SBI Bluechip,119551
20-01-2014,103.48950,SBI Bluechip,119551
17-01-2014,103.41340,SBI Bluechip,119551
16-01-2014,103.39420,SBI Bluechip,119551
15-01-2014,103.77520,SBI Bluechip,119551
13-01-2014,103.72100,SBI Bluechip,119551
10-01-2014,103.64770,SBI Bluechip,119551
09-01-2014,103.59890,SBI Bluechip,119551
08-01-2014,103.59450,SBI Bluechip,119551
07-01-2014,103.58810,SBI Bluechip,119551
06-01-2014,103.58150,SBI Bluechip,119551
03-01-2014,103.50600,SBI Bluechip,119551
02-01-2014,103.48080,SBI Bluechip,119551
01-01-2014,103.44600,SBI Bluechip,119551
31-12-2013,103.39410,SBI Bluechip,119551
30-12-2013,103.64290,SBI Bluechip,119551
27-12-2013,103.58930,SBI Bluechip,119551
26-12-2013,103.57630,SBI Bluechip,119551
24-12-2013,103.53400,SBI Bluechip,119551
23-12-2013,103.52360,SBI Bluechip,119551
20-12-2013,103.45840,SBI Bluechip,119551
19-12-2013,103.43360,SBI Bluechip,119551
18-12-2013,103.40750,SBI Bluechip,119551
17-12-2013,103.36990,SBI Bluechip,119551
16-12-2013,103.80190,SBI Bluechip,119551
13-12-2013,103.72470,SBI Bluechip,119551
12-12-2013,103.73510,SBI Bluechip,119551
11-12-2013,103.66430,SBI Bluechip,119551
10-12-2013,103.63080,SBI Bluechip,119551
09-12-2013,103.61800,SBI Bluechip,119551
06-12-2013,103.55930,SBI Bluechip,119551
05-12-2013,103.55450,SBI Bluechip,119551
04-12-2013,103.49620,SBI Bluechip,119551
03-12-2013,103.46930,SBI Bluechip,119551
02-12-2013,103.42840,SBI Bluechip,119551
29-11-2013,103.34360,SBI Bluechip,119551
28-11-2013,103.73460,SBI Bluechip,119551
27-11-2013,103.72590,SBI Bluechip,119551
26-11-2013,103.64020,SBI Bluechip,119551
25-11-2013,103.60010,SBI Bluechip,119551
22-11-2013,103.50410,SBI Bluechip,119551
21-11-2013,103.47400,SBI Bluechip,119551
20-11-2013,103.46810,SBI Bluechip,119551
19-11-2013,103.43550,SBI Bluechip,119551
18-11-2013,103.39600,SBI Bluechip,119551
14-11-2013,103.67010,SBI Bluechip,119551
13-11-2013,103.63140,SBI Bluechip,119551
12-11-2013,103.60680,SBI Bluechip,119551
11-11-2013,103.59750,SBI Bluechip,119551
08-11-2013,103.53260,SBI Bluechip,119551
07-11-2013,103.50730,SBI Bluechip,119551
06-11-2013,103.52390,SBI Bluechip,119551
05-11-2013,103.49620,SBI Bluechip,119551
01-11-2013,103.39660,SBI Bluechip,119551
31-10-2013,103.38580,SBI Bluechip,119551
30-10-2013,103.35710,SBI Bluechip,119551
29-10-2013,103.33200,SBI Bluechip,119551
28-10-2013,103.63750,SBI Bluechip,119551
25-10-2013,103.55690,SBI Bluechip,119551
24-10-2013,103.52480,SBI Bluechip,119551
23-10-2013,103.49860,SBI Bluechip,119551
22-10-2013,103.48590,SBI Bluechip,119551
21-10-2013,103.45160,SBI Bluechip,119551
18-10-2013,103.36720,SBI Bluechip,119551
17-10-2013,103.33260,SBI Bluechip,119551
15-10-2013,103.25890,SBI Bluechip,119551
14-10-2013,103.83030,SBI Bluechip,119551
11-10-2013,103.75720,SBI Bluechip,119551
10-10-2013,103.73960,SBI Bluechip,119551
09-10-2013,103.71910,SBI Bluechip,119551
08-10-2013,103.71220,SBI Bluechip,119551
07-10-2013,103.52110,SBI Bluechip,119551
04-10-2013,103.40920,SBI Bluechip,119551
03-10-2013,103.34430,SBI Bluechip,119551
01-10-2013,103.26550,SBI Bluechip,119551
30-09-2013,103.75950,SBI Bluechip,119551
27-09-2013,103.72400,SBI Bluechip,119551
26-09-2013,103.68660,SBI Bluechip,119551
25-09-2013,103.65340,SBI Bluechip,119551
24-09-2013,103.60000,SBI Bluechip,119551
23-09-2013,103.59400,SBI Bluechip,119551
20-09-2013,103.53460,SBI Bluechip,119551
19-09-2013,103.45450,SBI Bluechip,119551
18-09-2013,103.31080,SBI Bluechip,119551
17-09-2013,103.22610,SBI Bluechip,119551
16-09-2013,103.89490,SBI Bluechip,119551
13-09-2013,103.80360,SBI Bluechip,119551
12-09-2013,103.78310,SBI Bluechip,119551
11-09-2013,103.74620,SBI Bluechip,119551
10-09-2013,103.71330,SBI Bluechip,119551
06-09-2013,103.57780,SBI Bluechip,119551
05-09-2013,103.54450,SBI Bluechip,119551
04-09-2013,103.44080,SBI Bluechip,119551
03-09-2013,103.38150,SBI Bluechip,119551
02-09-2013,103.32530,SBI Bluechip,119551
30-08-2013,103.21400,SBI Bluechip,119551
29-08-2013,103.15880,SBI Bluechip,119551
28-08-2013,103.47130,SBI Bluechip,119551
27-08-2013,103.48810,SBI Bluechip,119551
26-08-2013,103.47760,SBI Bluechip,119551
23-08-2013,103.37680,SBI Bluechip,119551
22-08-2013,103.33450,SBI Bluechip,119551
21-08-2013,103.31350,SBI Bluechip,119551
20-08-2013,103.20860,SBI Bluechip,119551
19-08-2013,103.20700,SBI Bluechip,119551
16-08-2013,103.15580,SBI Bluechip,119551
14-08-2013,103.36400,SBI Bluechip,119551
13-08-2013,103.31520,SBI Bluechip,119551
12-08-2013,103.29580,SBI Bluechip,119551
08-08-2013,103.21160,SBI Bluechip,119551
07-08-2013,103.17850,SBI Bluechip,119551
06-08-2013,103.14710,SBI Bluechip,119551
05-08-2013,103.13890,SBI Bluechip,119551
02-08-2013,103.01010,SBI Bluechip,119551
01-08-2013,102.95960,SBI Bluechip,119551
31-07-2013,102.90550,SBI Bluechip,119551
30-07-2013,102.88750,SBI Bluechip,119551
29-07-2013,102.85540,SBI Bluechip,119551
26-07-2013,102.75730,SBI Bluechip,119551
25-07-2013,102.69910,SBI Bluechip,119551
24-07-2013,102.62440,SBI Bluechip,119551
23-07-2013,102.83440,SBI Bluechip,119551
22-07-2013,102.92740,SBI Bluechip,119551
19-07-2013,102.86720,SBI Bluechip,119551
18-07-2013,102.84960,SBI Bluechip,119551
17-07-2013,102.70230,SBI Bluechip,119551
16-07-2013,102.60460,SBI Bluechip,119551
15-07-2013,103.49950,SBI Bluechip,119551
12-07-2013,103.43140,SBI Bluechip,119551
11-07-2013,103.40830,SBI Bluechip,119551
10-07-2013,103.38860,SBI Bluechip,119551
09-07-2013,103.36800,SBI Bluechip,119551
08-07-2013,103.34310,SBI Bluechip,119551
05-07-2013,103.28540,SBI Bluechip,119551
04-07-2013,103.26500,SBI Bluechip,119551
03-07-2013,103.22670,SBI Bluechip,119551
02-07-2013,103.20750,SBI Bluechip,119551
28-06-2013,103.40720,SBI Bluechip,119551
27-06-2013,103.39570,SBI Bluechip,119551
26-06-2013,103.37720,SBI Bluechip,119551
25-06-2013,103.35950,SBI Bluechip,119551
24-06-2013,103.34690,SBI Bluechip,119551
21-06-2013,103.29920,SBI Bluechip,119551
20-06-2013,103.26420,SBI Bluechip,119551
19-06-2013,103.26020,SBI Bluechip,119551
18-06-2013,103.22100,SBI Bluechip,119551
17-06-2013,103.15400,SBI Bluechip,119551
14-06-2013,103.42670,SBI Bluechip,119551
13-06-2013,103.40560,SBI Bluechip,119551
12-06-2013,103.39130,SBI Bluechip,119551
11-06-2013,103.38320,SBI Bluechip,119551
10-06-2013,103.37040,SBI Bluechip,119551
07-06-2013,103.31940,SBI Bluechip,119551
06-06-2013,103.29570,SBI Bluechip,119551
05-06-2013,103.25980,SBI Bluechip,119551
04-06-2013,103.22500,SBI Bluechip,119551
03-06-2013,103.19840,SBI Bluechip,119551
31-05-2013,103.12960,SBI Bluechip,119551
30-05-2013,103.11520,SBI Bluechip,119551
29-05-2013,103.08770,SBI Bluechip,119551
28-05-2013,103.36170,SBI Bluechip,119551
27-05-2013,103.34900,SBI Bluechip,119551
24-05-2013,103.28340,SBI Bluechip,119551
23-05-2013,103.27050,SBI Bluechip,119551
22-05-2013,103.26980,SBI Bluechip,119551
21-05-2013,103.24440,SBI Bluechip,119551
20-05-2013,103.23560,SBI Bluechip,119551
17-05-2013,103.17450,SBI Bluechip,119551
16-05-2013,103.14100,SBI Bluechip,119551
15-05-2013,103.11300,SBI Bluechip,119551
14-05-2013,103.51590,SBI Bluechip,119551
13-05-2013,103.48240,SBI Bluechip,119551
10-05-2013,103.41570,SBI Bluechip,119551
09-05-2013,103.39490,SBI Bluechip,119551
08-05-2013,103.34040,SBI Bluechip,119551
07-05-2013,103.30870,SBI Bluechip,119551
06-05-2013,103.28210,SBI Bluechip,119551
03-05-2013,103.20820,SBI Bluechip,119551
02-05-2013,103.20570,SBI Bluechip,119551
30-04-2013,103.06550,SBI Bluechip,119551
29-04-2013,103.38450,SBI Bluechip,119551
26-04-2013,103.31390,SBI Bluechip,119551
25-04-2013,103.29470,SBI Bluechip,119551
23-04-2013,103.24810,SBI Bluechip,119551
22-04-2013,103.21600,SBI Bluechip,119551
18-04-2013,103.15890,SBI Bluechip,119551
17-04-2013,103.08660,SBI Bluechip,119551
16-04-2013,103.07190,SBI Bluechip,119551
15-04-2013,103.67110,SBI Bluechip,119551
12-04-2013,103.57040,SBI Bluechip,119551
10-04-2013,103.46530,SBI Bluechip,119551
09-04-2013,103.47160,SBI Bluechip,119551
08-04-2013,103.46200,SBI Bluechip,119551
05-04-2013,103.41640,SBI Bluechip,119551
04-04-2013,103.40960,SBI Bluechip,119551
03-04-2013,103.32740,SBI Bluechip,119551
02-04-2013,103.26260,SBI Bluechip,119551
28-03-2013,103.26330,SBI Bluechip,119551
26-03-2013,103.22850,SBI Bluechip,119551
25-03-2013,103.21140,SBI Bluechip,119551
22-03-2013,103.18910,SBI Bluechip,119551
21-03-2013,103.15700,SBI Bluechip,119551
20-03-2013,103.10160,SBI Bluechip,119551
19-03-2013,103.06320,SBI Bluechip,119551
18-03-2013,103.03550,SBI Bluechip,119551
15-03-2013,102.99750,SBI Bluechip,119551
14-03-2013,103.34000,SBI Bluechip,119551
13-03-2013,103.28840,SBI Bluechip,119551
12-03-2013,103.25100,SBI Bluechip,119551
11-03-2013,103.21990,SBI Bluechip,119551
08-03-2013,103.14620,SBI Bluechip,119551
07-03-2013,103.12900,SBI Bluechip,119551
06-03-2013,103.10120,SBI Bluechip,119551
05-03-2013,103.07860,SBI Bluechip,119551
04-03-2013,103.04780,SBI Bluechip,119551
01-03-2013,102.97140,SBI Bluechip,119551
28-02-2013,103.25400,SBI Bluechip,119551
27-02-2013,103.23220,SBI Bluechip,119551
26-02-2013,103.20970,SBI Bluechip,119551
25-02-2013,103.19190,SBI Bluechip,119551
22-02-2013,103.12260,SBI Bluechip,119551
21-02-2013,103.09650,SBI Bluechip,119551
20-02-2013,103.07250,SBI Bluechip,119551
18-02-2013,103.02290,SBI Bluechip,119551
15-02-2013,102.95220,SBI Bluechip,119551
14-02-2013,103.29370,SBI Bluechip,119551
13-02-2013,103.27450,SBI Bluechip,119551
12-02-2013,103.25230,SBI Bluechip,119551
11-02-2013,103.23030,SBI Bluechip,119551
08-02-2013,103.15940,SBI Bluechip,119551
07-02-2013,103.13560,SBI Bluechip,119551
06-02-2013,103.11190,SBI Bluechip,119551
05-02-2013,103.08860,SBI Bluechip,119551
04-02-2013,103.06590,SBI Bluechip,119551
01-02-2013,102.99760,SBI Bluechip,119551
31-01-2013,102.97780,SBI Bluechip,119551
30-01-2013,102.95900,SBI Bluechip,119551
29-01-2013,102.93840,SBI Bluechip,119551
28-01-2013,103.23510,SBI Bluechip,119551
24-01-2013,103.14110,SBI Bluechip,119551
23-01-2013,103.11450,SBI Bluechip,119551
22-01-2013,103.09090,SBI Bluechip,119551
21-01-2013,103.06620,SBI Bluechip,119551
18-01-2013,102.99320,SBI Bluechip,119551
17-01-2013,102.96910,SBI Bluechip,119551
16-01-2013,102.94210,SBI Bluechip,119551
15-01-2013,102.92230,SBI Bluechip,119551
14-01-2013,103.32250,SBI Bluechip,119551
11-01-2013,103.23850,SBI Bluechip,119551
10-01-2013,103.21320,SBI Bluechip,119551
09-01-2013,103.18970,SBI Bluechip,119551
08-01-2013,103.16630,SBI Bluechip,119551
07-01-2013,103.14080,SBI Bluechip,119551
04-01-2013,103.06190,SBI Bluechip,119551
03-01-2013,103.03060,SBI Bluechip,119551
02-01-2013,103.00590,SBI Bluechip,119551
